anchor_date,actual_trading_date,sector,symbol,provider,kind,open,high,low,close,volume,source,status,comment
2026-02-28,2026-02-27,AI Infrastructure,AMD,fmp,sector_company,200.11,201.89,197.74,200.21,31312400,Financial Modeling Prep stable historical-price-eod/full,ok,previous trading day for anchor 2026-02-28
2026-03-10,2026-03-10,AI Infrastructure,AMD,fmp,sector_company,202.51,206.59,202.2,203.23,29139200,Financial Modeling Prep stable historical-price-eod/full,ok,
2026-03-20,2026-03-20,AI Infrastructure,AMD,fmp,sector_company,204.89,206.3,198.26,201.33,37265103,Financial Modeling Prep stable historical-price-eod/full,ok,
2026-03-30,2026-03-30,AI Infrastructure,AMD,fmp,sector_company,204.95,208.43,192.87,196.04,41053300,Financial Modeling Prep stable historical-price-eod/full,ok,
2026-04-10,2026-04-10,AI Infrastructure,AMD,fmp,sector_company,239,249.58,238.96,245.04,36477243,Financial Modeling Prep stable historical-price-eod/full,ok,
2026-04-20,2026-04-20,AI Infrastructure,AMD,fmp,sector_company,280.6,287.61,272,274.95,34833900,Financial Modeling Prep stable historical-price-eod/full,ok,
2026-04-30,2026-04-30,AI Infrastructure,AMD,fmp,sector_company,341.36,354.96,332.6,354.49,42115325,Financial Modeling Prep stable historical-price-eod/full,ok,
2026-05-10,2026-05-08,AI Infrastructure,AMD,fmp,sector_company,418.59,456.29,418.29,455.19,58134900,Financial Modeling Prep stable historical-price-eod/full,ok,previous trading day for anchor 2026-05-10
2026-05-20,2026-05-20,AI Infrastructure,AMD,fmp,sector_company,428.04,449.39,426.05,447.58,36137500,Financial Modeling Prep stable historical-price-eod/full,ok,
2026-05-30,2026-05-29,AI Infrastructure,AMD,fmp,sector_company,520.8,522,503.43,516.1,30803236,Financial Modeling Prep stable historical-price-eod/full,ok,previous trading day for anchor 2026-05-30
2026-02-28,,AI Infrastructure,AMZN,fmp,sector_company,,,,,,Financial Modeling Prep stable historical-price-eod/full,provider_error,"HTTP 429: {
  ""Error Message"": ""Limit Reach . Please upgrade your plan or visit our documentation for more details at https://site.financialmodelingprep.com/""
}; Yahoo fallback error: HTTP Error 429: Too Many Requests"
2026-03-10,,AI Infrastructure,AMZN,fmp,sector_company,,,,,,Financial Modeling Prep stable historical-price-eod/full,provider_error,"HTTP 429: {
  ""Error Message"": ""Limit Reach . Please upgrade your plan or visit our documentation for more details at https://site.financialmodelingprep.com/""
}; Yahoo fallback error: HTTP Error 429: Too Many Requests"
2026-03-20,,AI Infrastructure,AMZN,fmp,sector_company,,,,,,Financial Modeling Prep stable historical-price-eod/full,provider_error,"HTTP 429: {
  ""Error Message"": ""Limit Reach . Please upgrade your plan or visit our documentation for more details at https://site.financialmodelingprep.com/""
}; Yahoo fallback error: HTTP Error 429: Too Many Requests"
2026-03-30,,AI Infrastructure,AMZN,fmp,sector_company,,,,,,Financial Modeling Prep stable historical-price-eod/full,provider_error,"HTTP 429: {
  ""Error Message"": ""Limit Reach . Please upgrade your plan or visit our documentation for more details at https://site.financialmodelingprep.com/""
}; Yahoo fallback error: HTTP Error 429: Too Many Requests"
2026-04-10,,AI Infrastructure,AMZN,fmp,sector_company,,,,,,Financial Modeling Prep stable historical-price-eod/full,provider_error,"HTTP 429: {
  ""Error Message"": ""Limit Reach . Please upgrade your plan or visit our documentation for more details at https://site.financialmodelingprep.com/""
}; Yahoo fallback error: HTTP Error 429: Too Many Requests"
2026-04-20,,AI Infrastructure,AMZN,fmp,sector_company,,,,,,Financial Modeling Prep stable historical-price-eod/full,provider_error,"HTTP 429: {
  ""Error Message"": ""Limit Reach . Please upgrade your plan or visit our documentation for more details at https://site.financialmodelingprep.com/""
}; Yahoo fallback error: HTTP Error 429: Too Many Requests"
2026-04-30,,AI Infrastructure,AMZN,fmp,sector_company,,,,,,Financial Modeling Prep stable historical-price-eod/full,provider_error,"HTTP 429: {
  ""Error Message"": ""Limit Reach . Please upgrade your plan or visit our documentation for more details at https://site.financialmodelingprep.com/""
}; Yahoo fallback error: HTTP Error 429: Too Many Requests"
2026-05-10,,AI Infrastructure,AMZN,fmp,sector_company,,,,,,Financial Modeling Prep stable historical-price-eod/full,provider_error,"HTTP 429: {
  ""Error Message"": ""Limit Reach . Please upgrade your plan or visit our documentation for more details at https://site.financialmodelingprep.com/""
}; Yahoo fallback error: HTTP Error 429: Too Many Requests"
2026-05-20,,AI Infrastructure,AMZN,fmp,sector_company,,,,,,Financial Modeling Prep stable historical-price-eod/full,provider_error,"HTTP 429: {
  ""Error Message"": ""Limit Reach . Please upgrade your plan or visit our documentation for more details at https://site.financialmodelingprep.com/""
}; Yahoo fallback error: HTTP Error 429: Too Many Requests"
2026-05-30,,AI Infrastructure,AMZN,fmp,sector_company,,,,,,Financial Modeling Prep stable historical-price-eod/full,provider_error,"HTTP 429: {
  ""Error Message"": ""Limit Reach . Please upgrade your plan or visit our documentation for more details at https://site.financialmodelingprep.com/""
}; Yahoo fallback error: HTTP Error 429: Too Many Requests"
2026-02-28,,AI Infrastructure,AVGO,fmp,sector_company,,,,,,Financial Modeling Prep stable historical-price-eod/full,provider_error,"HTTP 429: {
  ""Error Message"": ""Limit Reach . Please upgrade your plan or visit our documentation for more details at https://site.financialmodelingprep.com/""
}; Yahoo fallback error: HTTP Error 429: Too Many Requests"
2026-03-10,,AI Infrastructure,AVGO,fmp,sector_company,,,,,,Financial Modeling Prep stable historical-price-eod/full,provider_error,"HTTP 429: {
  ""Error Message"": ""Limit Reach . Please upgrade your plan or visit our documentation for more details at https://site.financialmodelingprep.com/""
}; Yahoo fallback error: HTTP Error 429: Too Many Requests"
2026-03-20,,AI Infrastructure,AVGO,fmp,sector_company,,,,,,Financial Modeling Prep stable historical-price-eod/full,provider_error,"HTTP 429: {
  ""Error Message"": ""Limit Reach . Please upgrade your plan or visit our documentation for more details at https://site.financialmodelingprep.com/""
}; Yahoo fallback error: HTTP Error 429: Too Many Requests"
2026-03-30,,AI Infrastructure,AVGO,fmp,sector_company,,,,,,Financial Modeling Prep stable historical-price-eod/full,provider_error,"HTTP 429: {
  ""Error Message"": ""Limit Reach . Please upgrade your plan or visit our documentation for more details at https://site.financialmodelingprep.com/""
}; Yahoo fallback error: HTTP Error 429: Too Many Requests"
2026-04-10,,AI Infrastructure,AVGO,fmp,sector_company,,,,,,Financial Modeling Prep stable historical-price-eod/full,provider_error,"HTTP 429: {
  ""Error Message"": ""Limit Reach . Please upgrade your plan or visit our documentation for more details at https://site.financialmodelingprep.com/""
}; Yahoo fallback error: HTTP Error 429: Too Many Requests"
2026-04-20,,AI Infrastructure,AVGO,fmp,sector_company,,,,,,Financial Modeling Prep stable historical-price-eod/full,provider_error,"HTTP 429: {
  ""Error Message"": ""Limit Reach . Please upgrade your plan or visit our documentation for more details at https://site.financialmodelingprep.com/""
}; Yahoo fallback error: HTTP Error 429: Too Many Requests"
2026-04-30,,AI Infrastructure,AVGO,fmp,sector_company,,,,,,Financial Modeling Prep stable historical-price-eod/full,provider_error,"HTTP 429: {
  ""Error Message"": ""Limit Reach . Please upgrade your plan or visit our documentation for more details at https://site.financialmodelingprep.com/""
}; Yahoo fallback error: HTTP Error 429: Too Many Requests"
2026-05-10,,AI Infrastructure,AVGO,fmp,sector_company,,,,,,Financial Modeling Prep stable historical-price-eod/full,provider_error,"HTTP 429: {
  ""Error Message"": ""Limit Reach . Please upgrade your plan or visit our documentation for more details at https://site.financialmodelingprep.com/""
}; Yahoo fallback error: HTTP Error 429: Too Many Requests"
2026-05-20,,AI Infrastructure,AVGO,fmp,sector_company,,,,,,Financial Modeling Prep stable historical-price-eod/full,provider_error,"HTTP 429: {
  ""Error Message"": ""Limit Reach . Please upgrade your plan or visit our documentation for more details at https://site.financialmodelingprep.com/""
}; Yahoo fallback error: HTTP Error 429: Too Many Requests"
2026-05-30,,AI Infrastructure,AVGO,fmp,sector_company,,,,,,Financial Modeling Prep stable historical-price-eod/full,provider_error,"HTTP 429: {
  ""Error Message"": ""Limit Reach . Please upgrade your plan or visit our documentation for more details at https://site.financialmodelingprep.com/""
}; Yahoo fallback error: HTTP Error 429: Too Many Requests"
2026-02-28,,AI Infrastructure,GOOG,fmp,sector_company,,,,,,Financial Modeling Prep stable historical-price-eod/full,provider_error,"HTTP 429: {
  ""Error Message"": ""Limit Reach . Please upgrade your plan or visit our documentation for more details at https://site.financialmodelingprep.com/""
}; Yahoo fallback error: HTTP Error 429: Too Many Requests"
2026-03-10,,AI Infrastructure,GOOG,fmp,sector_company,,,,,,Financial Modeling Prep stable historical-price-eod/full,provider_error,"HTTP 429: {
  ""Error Message"": ""Limit Reach . Please upgrade your plan or visit our documentation for more details at https://site.financialmodelingprep.com/""
}; Yahoo fallback error: HTTP Error 429: Too Many Requests"
2026-03-20,,AI Infrastructure,GOOG,fmp,sector_company,,,,,,Financial Modeling Prep stable historical-price-eod/full,provider_error,"HTTP 429: {
  ""Error Message"": ""Limit Reach . Please upgrade your plan or visit our documentation for more details at https://site.financialmodelingprep.com/""
}; Yahoo fallback error: HTTP Error 429: Too Many Requests"
2026-03-30,,AI Infrastructure,GOOG,fmp,sector_company,,,,,,Financial Modeling Prep stable historical-price-eod/full,provider_error,"HTTP 429: {
  ""Error Message"": ""Limit Reach . Please upgrade your plan or visit our documentation for more details at https://site.financialmodelingprep.com/""
}; Yahoo fallback error: HTTP Error 429: Too Many Requests"
2026-04-10,,AI Infrastructure,GOOG,fmp,sector_company,,,,,,Financial Modeling Prep stable historical-price-eod/full,provider_error,"HTTP 429: {
  ""Error Message"": ""Limit Reach . Please upgrade your plan or visit our documentation for more details at https://site.financialmodelingprep.com/""
}; Yahoo fallback error: HTTP Error 429: Too Many Requests"
2026-04-20,,AI Infrastructure,GOOG,fmp,sector_company,,,,,,Financial Modeling Prep stable historical-price-eod/full,provider_error,"HTTP 429: {
  ""Error Message"": ""Limit Reach . Please upgrade your plan or visit our documentation for more details at https://site.financialmodelingprep.com/""
}; Yahoo fallback error: HTTP Error 429: Too Many Requests"
2026-04-30,,AI Infrastructure,GOOG,fmp,sector_company,,,,,,Financial Modeling Prep stable historical-price-eod/full,provider_error,"HTTP 429: {
  ""Error Message"": ""Limit Reach . Please upgrade your plan or visit our documentation for more details at https://site.financialmodelingprep.com/""
}; Yahoo fallback error: HTTP Error 429: Too Many Requests"
2026-05-10,,AI Infrastructure,GOOG,fmp,sector_company,,,,,,Financial Modeling Prep stable historical-price-eod/full,provider_error,"HTTP 429: {
  ""Error Message"": ""Limit Reach . Please upgrade your plan or visit our documentation for more details at https://site.financialmodelingprep.com/""
}; Yahoo fallback error: HTTP Error 429: Too Many Requests"
2026-05-20,,AI Infrastructure,GOOG,fmp,sector_company,,,,,,Financial Modeling Prep stable historical-price-eod/full,provider_error,"HTTP 429: {
  ""Error Message"": ""Limit Reach . Please upgrade your plan or visit our documentation for more details at https://site.financialmodelingprep.com/""
}; Yahoo fallback error: HTTP Error 429: Too Many Requests"
2026-05-30,,AI Infrastructure,GOOG,fmp,sector_company,,,,,,Financial Modeling Prep stable historical-price-eod/full,provider_error,"HTTP 429: {
  ""Error Message"": ""Limit Reach . Please upgrade your plan or visit our documentation for more details at https://site.financialmodelingprep.com/""
}; Yahoo fallback error: HTTP Error 429: Too Many Requests"
2026-02-28,,AI Infrastructure,META,fmp,sector_company,,,,,,Financial Modeling Prep stable historical-price-eod/full,provider_error,"HTTP 429: {
  ""Error Message"": ""Limit Reach . Please upgrade your plan or visit our documentation for more details at https://site.financialmodelingprep.com/""
}; Yahoo fallback error: HTTP Error 429: Too Many Requests"
2026-03-10,,AI Infrastructure,META,fmp,sector_company,,,,,,Financial Modeling Prep stable historical-price-eod/full,provider_error,"HTTP 429: {
  ""Error Message"": ""Limit Reach . Please upgrade your plan or visit our documentation for more details at https://site.financialmodelingprep.com/""
}; Yahoo fallback error: HTTP Error 429: Too Many Requests"
2026-03-20,,AI Infrastructure,META,fmp,sector_company,,,,,,Financial Modeling Prep stable historical-price-eod/full,provider_error,"HTTP 429: {
  ""Error Message"": ""Limit Reach . Please upgrade your plan or visit our documentation for more details at https://site.financialmodelingprep.com/""
}; Yahoo fallback error: HTTP Error 429: Too Many Requests"
2026-03-30,,AI Infrastructure,META,fmp,sector_company,,,,,,Financial Modeling Prep stable historical-price-eod/full,provider_error,"HTTP 429: {
  ""Error Message"": ""Limit Reach . Please upgrade your plan or visit our documentation for more details at https://site.financialmodelingprep.com/""
}; Yahoo fallback error: HTTP Error 429: Too Many Requests"
2026-04-10,,AI Infrastructure,META,fmp,sector_company,,,,,,Financial Modeling Prep stable historical-price-eod/full,provider_error,"HTTP 429: {
  ""Error Message"": ""Limit Reach . Please upgrade your plan or visit our documentation for more details at https://site.financialmodelingprep.com/""
}; Yahoo fallback error: HTTP Error 429: Too Many Requests"
2026-04-20,,AI Infrastructure,META,fmp,sector_company,,,,,,Financial Modeling Prep stable historical-price-eod/full,provider_error,"HTTP 429: {
  ""Error Message"": ""Limit Reach . Please upgrade your plan or visit our documentation for more details at https://site.financialmodelingprep.com/""
}; Yahoo fallback error: HTTP Error 429: Too Many Requests"
2026-04-30,,AI Infrastructure,META,fmp,sector_company,,,,,,Financial Modeling Prep stable historical-price-eod/full,provider_error,"HTTP 429: {
  ""Error Message"": ""Limit Reach . Please upgrade your plan or visit our documentation for more details at https://site.financialmodelingprep.com/""
}; Yahoo fallback error: HTTP Error 429: Too Many Requests"
2026-05-10,,AI Infrastructure,META,fmp,sector_company,,,,,,Financial Modeling Prep stable historical-price-eod/full,provider_error,"HTTP 429: {
  ""Error Message"": ""Limit Reach . Please upgrade your plan or visit our documentation for more details at https://site.financialmodelingprep.com/""
}; Yahoo fallback error: HTTP Error 429: Too Many Requests"
2026-05-20,,AI Infrastructure,META,fmp,sector_company,,,,,,Financial Modeling Prep stable historical-price-eod/full,provider_error,"HTTP 429: {
  ""Error Message"": ""Limit Reach . Please upgrade your plan or visit our documentation for more details at https://site.financialmodelingprep.com/""
}; Yahoo fallback error: HTTP Error 429: Too Many Requests"
2026-05-30,,AI Infrastructure,META,fmp,sector_company,,,,,,Financial Modeling Prep stable historical-price-eod/full,provider_error,"HTTP 429: {
  ""Error Message"": ""Limit Reach . Please upgrade your plan or visit our documentation for more details at https://site.financialmodelingprep.com/""
}; Yahoo fallback error: HTTP Error 429: Too Many Requests"
2026-02-28,,AI Infrastructure,MSFT,fmp,sector_company,,,,,,Financial Modeling Prep stable historical-price-eod/full,provider_error,"HTTP 429: {
  ""Error Message"": ""Limit Reach . Please upgrade your plan or visit our documentation for more details at https://site.financialmodelingprep.com/""
}; Yahoo fallback error: HTTP Error 429: Too Many Requests"
2026-03-10,,AI Infrastructure,MSFT,fmp,sector_company,,,,,,Financial Modeling Prep stable historical-price-eod/full,provider_error,"HTTP 429: {
  ""Error Message"": ""Limit Reach . Please upgrade your plan or visit our documentation for more details at https://site.financialmodelingprep.com/""
}; Yahoo fallback error: HTTP Error 429: Too Many Requests"
2026-03-20,,AI Infrastructure,MSFT,fmp,sector_company,,,,,,Financial Modeling Prep stable historical-price-eod/full,provider_error,"HTTP 429: {
  ""Error Message"": ""Limit Reach . Please upgrade your plan or visit our documentation for more details at https://site.financialmodelingprep.com/""
}; Yahoo fallback error: HTTP Error 429: Too Many Requests"
2026-03-30,,AI Infrastructure,MSFT,fmp,sector_company,,,,,,Financial Modeling Prep stable historical-price-eod/full,provider_error,"HTTP 429: {
  ""Error Message"": ""Limit Reach . Please upgrade your plan or visit our documentation for more details at https://site.financialmodelingprep.com/""
}; Yahoo fallback error: HTTP Error 429: Too Many Requests"
2026-04-10,,AI Infrastructure,MSFT,fmp,sector_company,,,,,,Financial Modeling Prep stable historical-price-eod/full,provider_error,"HTTP 429: {
  ""Error Message"": ""Limit Reach . Please upgrade your plan or visit our documentation for more details at https://site.financialmodelingprep.com/""
}; Yahoo fallback error: HTTP Error 429: Too Many Requests"
2026-04-20,,AI Infrastructure,MSFT,fmp,sector_company,,,,,,Financial Modeling Prep stable historical-price-eod/full,provider_error,"HTTP 429: {
  ""Error Message"": ""Limit Reach . Please upgrade your plan or visit our documentation for more details at https://site.financialmodelingprep.com/""
}; Yahoo fallback error: HTTP Error 429: Too Many Requests"
2026-04-30,,AI Infrastructure,MSFT,fmp,sector_company,,,,,,Financial Modeling Prep stable historical-price-eod/full,provider_error,"HTTP 429: {
  ""Error Message"": ""Limit Reach . Please upgrade your plan or visit our documentation for more details at https://site.financialmodelingprep.com/""
}; Yahoo fallback error: HTTP Error 429: Too Many Requests"
2026-05-10,,AI Infrastructure,MSFT,fmp,sector_company,,,,,,Financial Modeling Prep stable historical-price-eod/full,provider_error,"HTTP 429: {
  ""Error Message"": ""Limit Reach . Please upgrade your plan or visit our documentation for more details at https://site.financialmodelingprep.com/""
}; Yahoo fallback error: HTTP Error 429: Too Many Requests"
2026-05-20,,AI Infrastructure,MSFT,fmp,sector_company,,,,,,Financial Modeling Prep stable historical-price-eod/full,provider_error,"HTTP 429: {
  ""Error Message"": ""Limit Reach . Please upgrade your plan or visit our documentation for more details at https://site.financialmodelingprep.com/""
}; Yahoo fallback error: HTTP Error 429: Too Many Requests"
2026-05-30,,AI Infrastructure,MSFT,fmp,sector_company,,,,,,Financial Modeling Prep stable historical-price-eod/full,provider_error,"HTTP 429: {
  ""Error Message"": ""Limit Reach . Please upgrade your plan or visit our documentation for more details at https://site.financialmodelingprep.com/""
}; Yahoo fallback error: HTTP Error 429: Too Many Requests"
2026-02-28,2026-02-27,AI Infrastructure,NVDA,fmp,sector_company,181.25,182.59,176.38,177.19,311636500,Financial Modeling Prep stable historical-price-eod/full,ok,previous trading day for anchor 2026-02-28
2026-03-10,2026-03-10,AI Infrastructure,NVDA,fmp,sector_company,182.4,186.44,182.01,184.77,179118528,Financial Modeling Prep stable historical-price-eod/full,ok,
2026-03-20,2026-03-20,AI Infrastructure,NVDA,fmp,sector_company,178,178.26,171.72,172.7,241323529,Financial Modeling Prep stable historical-price-eod/full,ok,
2026-03-30,2026-03-30,AI Infrastructure,NVDA,fmp,sector_company,168.78,169.45,164.27,165.17,185627000,Financial Modeling Prep stable historical-price-eod/full,ok,
2026-04-10,2026-04-10,AI Infrastructure,NVDA,fmp,sector_company,184.31,190,184.3,188.63,160459525,Financial Modeling Prep stable historical-price-eod/full,ok,
2026-04-20,2026-04-20,AI Infrastructure,NVDA,fmp,sector_company,199.98,202.17,197.84,202.06,119381400,Financial Modeling Prep stable historical-price-eod/full,ok,
2026-04-30,2026-04-30,AI Infrastructure,NVDA,fmp,sector_company,209.93,210.3,198.7,199.57,225239200,Financial Modeling Prep stable historical-price-eod/full,ok,
2026-05-10,2026-05-08,AI Infrastructure,NVDA,fmp,sector_company,213.03,217.8,212.89,215.2,136421400,Financial Modeling Prep stable historical-price-eod/full,ok,previous trading day for anchor 2026-05-10
2026-05-20,2026-05-20,AI Infrastructure,NVDA,fmp,sector_company,223.18,226.13,220.5,223.47,184201600,Financial Modeling Prep stable historical-price-eod/full,ok,
2026-05-30,2026-05-29,AI Infrastructure,NVDA,fmp,sector_company,214.58,217.86,211.13,211.14,289410623,Financial Modeling Prep stable historical-price-eod/full,ok,previous trading day for anchor 2026-05-30
2026-02-28,,AI Infrastructure,ORCL,fmp,sector_company,,,,,,Financial Modeling Prep stable historical-price-eod/full,provider_error,"HTTP 429: {
  ""Error Message"": ""Limit Reach . Please upgrade your plan or visit our documentation for more details at https://site.financialmodelingprep.com/""
}; Yahoo fallback error: HTTP Error 429: Too Many Requests"
2026-03-10,,AI Infrastructure,ORCL,fmp,sector_company,,,,,,Financial Modeling Prep stable historical-price-eod/full,provider_error,"HTTP 429: {
  ""Error Message"": ""Limit Reach . Please upgrade your plan or visit our documentation for more details at https://site.financialmodelingprep.com/""
}; Yahoo fallback error: HTTP Error 429: Too Many Requests"
2026-03-20,,AI Infrastructure,ORCL,fmp,sector_company,,,,,,Financial Modeling Prep stable historical-price-eod/full,provider_error,"HTTP 429: {
  ""Error Message"": ""Limit Reach . Please upgrade your plan or visit our documentation for more details at https://site.financialmodelingprep.com/""
}; Yahoo fallback error: HTTP Error 429: Too Many Requests"
2026-03-30,,AI Infrastructure,ORCL,fmp,sector_company,,,,,,Financial Modeling Prep stable historical-price-eod/full,provider_error,"HTTP 429: {
  ""Error Message"": ""Limit Reach . Please upgrade your plan or visit our documentation for more details at https://site.financialmodelingprep.com/""
}; Yahoo fallback error: HTTP Error 429: Too Many Requests"
2026-04-10,,AI Infrastructure,ORCL,fmp,sector_company,,,,,,Financial Modeling Prep stable historical-price-eod/full,provider_error,"HTTP 429: {
  ""Error Message"": ""Limit Reach . Please upgrade your plan or visit our documentation for more details at https://site.financialmodelingprep.com/""
}; Yahoo fallback error: HTTP Error 429: Too Many Requests"
2026-04-20,,AI Infrastructure,ORCL,fmp,sector_company,,,,,,Financial Modeling Prep stable historical-price-eod/full,provider_error,"HTTP 429: {
  ""Error Message"": ""Limit Reach . Please upgrade your plan or visit our documentation for more details at https://site.financialmodelingprep.com/""
}; Yahoo fallback error: HTTP Error 429: Too Many Requests"
2026-04-30,,AI Infrastructure,ORCL,fmp,sector_company,,,,,,Financial Modeling Prep stable historical-price-eod/full,provider_error,"HTTP 429: {
  ""Error Message"": ""Limit Reach . Please upgrade your plan or visit our documentation for more details at https://site.financialmodelingprep.com/""
}; Yahoo fallback error: HTTP Error 429: Too Many Requests"
2026-05-10,,AI Infrastructure,ORCL,fmp,sector_company,,,,,,Financial Modeling Prep stable historical-price-eod/full,provider_error,"HTTP 429: {
  ""Error Message"": ""Limit Reach . Please upgrade your plan or visit our documentation for more details at https://site.financialmodelingprep.com/""
}; Yahoo fallback error: HTTP Error 429: Too Many Requests"
2026-05-20,,AI Infrastructure,ORCL,fmp,sector_company,,,,,,Financial Modeling Prep stable historical-price-eod/full,provider_error,"HTTP 429: {
  ""Error Message"": ""Limit Reach . Please upgrade your plan or visit our documentation for more details at https://site.financialmodelingprep.com/""
}; Yahoo fallback error: HTTP Error 429: Too Many Requests"
2026-05-30,,AI Infrastructure,ORCL,fmp,sector_company,,,,,,Financial Modeling Prep stable historical-price-eod/full,provider_error,"HTTP 429: {
  ""Error Message"": ""Limit Reach . Please upgrade your plan or visit our documentation for more details at https://site.financialmodelingprep.com/""
}; Yahoo fallback error: HTTP Error 429: Too Many Requests"
2026-02-28,,AI Infrastructure,TSLA,fmp,sector_company,,,,,,Financial Modeling Prep stable historical-price-eod/full,provider_error,"HTTP 429: {
  ""Error Message"": ""Limit Reach . Please upgrade your plan or visit our documentation for more details at https://site.financialmodelingprep.com/""
}; Yahoo fallback error: HTTP Error 429: Too Many Requests"
2026-03-10,,AI Infrastructure,TSLA,fmp,sector_company,,,,,,Financial Modeling Prep stable historical-price-eod/full,provider_error,"HTTP 429: {
  ""Error Message"": ""Limit Reach . Please upgrade your plan or visit our documentation for more details at https://site.financialmodelingprep.com/""
}; Yahoo fallback error: HTTP Error 429: Too Many Requests"
2026-03-20,,AI Infrastructure,TSLA,fmp,sector_company,,,,,,Financial Modeling Prep stable historical-price-eod/full,provider_error,"HTTP 429: {
  ""Error Message"": ""Limit Reach . Please upgrade your plan or visit our documentation for more details at https://site.financialmodelingprep.com/""
}; Yahoo fallback error: HTTP Error 429: Too Many Requests"
2026-03-30,,AI Infrastructure,TSLA,fmp,sector_company,,,,,,Financial Modeling Prep stable historical-price-eod/full,provider_error,"HTTP 429: {
  ""Error Message"": ""Limit Reach . Please upgrade your plan or visit our documentation for more details at https://site.financialmodelingprep.com/""
}; Yahoo fallback error: HTTP Error 429: Too Many Requests"
2026-04-10,,AI Infrastructure,TSLA,fmp,sector_company,,,,,,Financial Modeling Prep stable historical-price-eod/full,provider_error,"HTTP 429: {
  ""Error Message"": ""Limit Reach . Please upgrade your plan or visit our documentation for more details at https://site.financialmodelingprep.com/""
}; Yahoo fallback error: HTTP Error 429: Too Many Requests"
2026-04-20,,AI Infrastructure,TSLA,fmp,sector_company,,,,,,Financial Modeling Prep stable historical-price-eod/full,provider_error,"HTTP 429: {
  ""Error Message"": ""Limit Reach . Please upgrade your plan or visit our documentation for more details at https://site.financialmodelingprep.com/""
}; Yahoo fallback error: HTTP Error 429: Too Many Requests"
2026-04-30,,AI Infrastructure,TSLA,fmp,sector_company,,,,,,Financial Modeling Prep stable historical-price-eod/full,provider_error,"HTTP 429: {
  ""Error Message"": ""Limit Reach . Please upgrade your plan or visit our documentation for more details at https://site.financialmodelingprep.com/""
}; Yahoo fallback error: HTTP Error 429: Too Many Requests"
2026-05-10,,AI Infrastructure,TSLA,fmp,sector_company,,,,,,Financial Modeling Prep stable historical-price-eod/full,provider_error,"HTTP 429: {
  ""Error Message"": ""Limit Reach . Please upgrade your plan or visit our documentation for more details at https://site.financialmodelingprep.com/""
}; Yahoo fallback error: HTTP Error 429: Too Many Requests"
2026-05-20,,AI Infrastructure,TSLA,fmp,sector_company,,,,,,Financial Modeling Prep stable historical-price-eod/full,provider_error,"HTTP 429: {
  ""Error Message"": ""Limit Reach . Please upgrade your plan or visit our documentation for more details at https://site.financialmodelingprep.com/""
}; Yahoo fallback error: HTTP Error 429: Too Many Requests"
2026-05-30,,AI Infrastructure,TSLA,fmp,sector_company,,,,,,Financial Modeling Prep stable historical-price-eod/full,provider_error,"HTTP 429: {
  ""Error Message"": ""Limit Reach . Please upgrade your plan or visit our documentation for more details at https://site.financialmodelingprep.com/""
}; Yahoo fallback error: HTTP Error 429: Too Many Requests"
2026-02-28,,AI Infrastructure,TSM,fmp,sector_company,,,,,,Financial Modeling Prep stable historical-price-eod/full,provider_error,"HTTP 429: {
  ""Error Message"": ""Limit Reach . Please upgrade your plan or visit our documentation for more details at https://site.financialmodelingprep.com/""
}; Yahoo fallback error: HTTP Error 429: Too Many Requests"
2026-03-10,,AI Infrastructure,TSM,fmp,sector_company,,,,,,Financial Modeling Prep stable historical-price-eod/full,provider_error,"HTTP 429: {
  ""Error Message"": ""Limit Reach . Please upgrade your plan or visit our documentation for more details at https://site.financialmodelingprep.com/""
}; Yahoo fallback error: HTTP Error 429: Too Many Requests"
2026-03-20,,AI Infrastructure,TSM,fmp,sector_company,,,,,,Financial Modeling Prep stable historical-price-eod/full,provider_error,"HTTP 429: {
  ""Error Message"": ""Limit Reach . Please upgrade your plan or visit our documentation for more details at https://site.financialmodelingprep.com/""
}; Yahoo fallback error: HTTP Error 429: Too Many Requests"
2026-03-30,,AI Infrastructure,TSM,fmp,sector_company,,,,,,Financial Modeling Prep stable historical-price-eod/full,provider_error,"HTTP 429: {
  ""Error Message"": ""Limit Reach . Please upgrade your plan or visit our documentation for more details at https://site.financialmodelingprep.com/""
}; Yahoo fallback error: HTTP Error 429: Too Many Requests"
2026-04-10,,AI Infrastructure,TSM,fmp,sector_company,,,,,,Financial Modeling Prep stable historical-price-eod/full,provider_error,"HTTP 429: {
  ""Error Message"": ""Limit Reach . Please upgrade your plan or visit our documentation for more details at https://site.financialmodelingprep.com/""
}; Yahoo fallback error: HTTP Error 429: Too Many Requests"
2026-04-20,,AI Infrastructure,TSM,fmp,sector_company,,,,,,Financial Modeling Prep stable historical-price-eod/full,provider_error,"HTTP 429: {
  ""Error Message"": ""Limit Reach . Please upgrade your plan or visit our documentation for more details at https://site.financialmodelingprep.com/""
}; Yahoo fallback error: HTTP Error 429: Too Many Requests"
2026-04-30,,AI Infrastructure,TSM,fmp,sector_company,,,,,,Financial Modeling Prep stable historical-price-eod/full,provider_error,"HTTP 429: {
  ""Error Message"": ""Limit Reach . Please upgrade your plan or visit our documentation for more details at https://site.financialmodelingprep.com/""
}; Yahoo fallback error: HTTP Error 429: Too Many Requests"
2026-05-10,,AI Infrastructure,TSM,fmp,sector_company,,,,,,Financial Modeling Prep stable historical-price-eod/full,provider_error,"HTTP 429: {
  ""Error Message"": ""Limit Reach . Please upgrade your plan or visit our documentation for more details at https://site.financialmodelingprep.com/""
}; Yahoo fallback error: HTTP Error 429: Too Many Requests"
2026-05-20,,AI Infrastructure,TSM,fmp,sector_company,,,,,,Financial Modeling Prep stable historical-price-eod/full,provider_error,"HTTP 429: {
  ""Error Message"": ""Limit Reach . Please upgrade your plan or visit our documentation for more details at https://site.financialmodelingprep.com/""
}; Yahoo fallback error: HTTP Error 429: Too Many Requests"
2026-05-30,,AI Infrastructure,TSM,fmp,sector_company,,,,,,Financial Modeling Prep stable historical-price-eod/full,provider_error,"HTTP 429: {
  ""Error Message"": ""Limit Reach . Please upgrade your plan or visit our documentation for more details at https://site.financialmodelingprep.com/""
}; Yahoo fallback error: HTTP Error 429: Too Many Requests"
2026-02-28,,Agriculture & Chemicals,APD,fmp,sector_company,,,,,,Financial Modeling Prep stable historical-price-eod/full,provider_error,"HTTP 429: {
  ""Error Message"": ""Limit Reach . Please upgrade your plan or visit our documentation for more details at https://site.financialmodelingprep.com/""
}; Yahoo fallback error: HTTP Error 429: Too Many Requests"
2026-03-10,,Agriculture & Chemicals,APD,fmp,sector_company,,,,,,Financial Modeling Prep stable historical-price-eod/full,provider_error,"HTTP 429: {
  ""Error Message"": ""Limit Reach . Please upgrade your plan or visit our documentation for more details at https://site.financialmodelingprep.com/""
}; Yahoo fallback error: HTTP Error 429: Too Many Requests"
2026-03-20,,Agriculture & Chemicals,APD,fmp,sector_company,,,,,,Financial Modeling Prep stable historical-price-eod/full,provider_error,"HTTP 429: {
  ""Error Message"": ""Limit Reach . Please upgrade your plan or visit our documentation for more details at https://site.financialmodelingprep.com/""
}; Yahoo fallback error: HTTP Error 429: Too Many Requests"
2026-03-30,,Agriculture & Chemicals,APD,fmp,sector_company,,,,,,Financial Modeling Prep stable historical-price-eod/full,provider_error,"HTTP 429: {
  ""Error Message"": ""Limit Reach . Please upgrade your plan or visit our documentation for more details at https://site.financialmodelingprep.com/""
}; Yahoo fallback error: HTTP Error 429: Too Many Requests"
2026-04-10,,Agriculture & Chemicals,APD,fmp,sector_company,,,,,,Financial Modeling Prep stable historical-price-eod/full,provider_error,"HTTP 429: {
  ""Error Message"": ""Limit Reach . Please upgrade your plan or visit our documentation for more details at https://site.financialmodelingprep.com/""
}; Yahoo fallback error: HTTP Error 429: Too Many Requests"
2026-04-20,,Agriculture & Chemicals,APD,fmp,sector_company,,,,,,Financial Modeling Prep stable historical-price-eod/full,provider_error,"HTTP 429: {
  ""Error Message"": ""Limit Reach . Please upgrade your plan or visit our documentation for more details at https://site.financialmodelingprep.com/""
}; Yahoo fallback error: HTTP Error 429: Too Many Requests"
2026-04-30,,Agriculture & Chemicals,APD,fmp,sector_company,,,,,,Financial Modeling Prep stable historical-price-eod/full,provider_error,"HTTP 429: {
  ""Error Message"": ""Limit Reach . Please upgrade your plan or visit our documentation for more details at https://site.financialmodelingprep.com/""
}; Yahoo fallback error: HTTP Error 429: Too Many Requests"
2026-05-10,,Agriculture & Chemicals,APD,fmp,sector_company,,,,,,Financial Modeling Prep stable historical-price-eod/full,provider_error,"HTTP 429: {
  ""Error Message"": ""Limit Reach . Please upgrade your plan or visit our documentation for more details at https://site.financialmodelingprep.com/""
}; Yahoo fallback error: HTTP Error 429: Too Many Requests"
2026-05-20,,Agriculture & Chemicals,APD,fmp,sector_company,,,,,,Financial Modeling Prep stable historical-price-eod/full,provider_error,"HTTP 429: {
  ""Error Message"": ""Limit Reach . Please upgrade your plan or visit our documentation for more details at https://site.financialmodelingprep.com/""
}; Yahoo fallback error: HTTP Error 429: Too Many Requests"
2026-05-30,,Agriculture & Chemicals,APD,fmp,sector_company,,,,,,Financial Modeling Prep stable historical-price-eod/full,provider_error,"HTTP 429: {
  ""Error Message"": ""Limit Reach . Please upgrade your plan or visit our documentation for more details at https://site.financialmodelingprep.com/""
}; Yahoo fallback error: HTTP Error 429: Too Many Requests"
2026-02-28,,Agriculture & Chemicals,CTVA,fmp,sector_company,,,,,,Financial Modeling Prep stable historical-price-eod/full,provider_error,"HTTP 429: {
  ""Error Message"": ""Limit Reach . Please upgrade your plan or visit our documentation for more details at https://site.financialmodelingprep.com/""
}; Yahoo fallback error: HTTP Error 429: Too Many Requests"
2026-03-10,,Agriculture & Chemicals,CTVA,fmp,sector_company,,,,,,Financial Modeling Prep stable historical-price-eod/full,provider_error,"HTTP 429: {
  ""Error Message"": ""Limit Reach . Please upgrade your plan or visit our documentation for more details at https://site.financialmodelingprep.com/""
}; Yahoo fallback error: HTTP Error 429: Too Many Requests"
2026-03-20,,Agriculture & Chemicals,CTVA,fmp,sector_company,,,,,,Financial Modeling Prep stable historical-price-eod/full,provider_error,"HTTP 429: {
  ""Error Message"": ""Limit Reach . Please upgrade your plan or visit our documentation for more details at https://site.financialmodelingprep.com/""
}; Yahoo fallback error: HTTP Error 429: Too Many Requests"
2026-03-30,,Agriculture & Chemicals,CTVA,fmp,sector_company,,,,,,Financial Modeling Prep stable historical-price-eod/full,provider_error,"HTTP 429: {
  ""Error Message"": ""Limit Reach . Please upgrade your plan or visit our documentation for more details at https://site.financialmodelingprep.com/""
}; Yahoo fallback error: HTTP Error 429: Too Many Requests"
2026-04-10,,Agriculture & Chemicals,CTVA,fmp,sector_company,,,,,,Financial Modeling Prep stable historical-price-eod/full,provider_error,"HTTP 429: {
  ""Error Message"": ""Limit Reach . Please upgrade your plan or visit our documentation for more details at https://site.financialmodelingprep.com/""
}; Yahoo fallback error: HTTP Error 429: Too Many Requests"
2026-04-20,,Agriculture & Chemicals,CTVA,fmp,sector_company,,,,,,Financial Modeling Prep stable historical-price-eod/full,provider_error,"HTTP 429: {
  ""Error Message"": ""Limit Reach . Please upgrade your plan or visit our documentation for more details at https://site.financialmodelingprep.com/""
}; Yahoo fallback error: HTTP Error 429: Too Many Requests"
2026-04-30,,Agriculture & Chemicals,CTVA,fmp,sector_company,,,,,,Financial Modeling Prep stable historical-price-eod/full,provider_error,"HTTP 429: {
  ""Error Message"": ""Limit Reach . Please upgrade your plan or visit our documentation for more details at https://site.financialmodelingprep.com/""
}; Yahoo fallback error: HTTP Error 429: Too Many Requests"
2026-05-10,,Agriculture & Chemicals,CTVA,fmp,sector_company,,,,,,Financial Modeling Prep stable historical-price-eod/full,provider_error,"HTTP 429: {
  ""Error Message"": ""Limit Reach . Please upgrade your plan or visit our documentation for more details at https://site.financialmodelingprep.com/""
}; Yahoo fallback error: HTTP Error 429: Too Many Requests"
2026-05-20,,Agriculture & Chemicals,CTVA,fmp,sector_company,,,,,,Financial Modeling Prep stable historical-price-eod/full,provider_error,"HTTP 429: {
  ""Error Message"": ""Limit Reach . Please upgrade your plan or visit our documentation for more details at https://site.financialmodelingprep.com/""
}; Yahoo fallback error: HTTP Error 429: Too Many Requests"
2026-05-30,,Agriculture & Chemicals,CTVA,fmp,sector_company,,,,,,Financial Modeling Prep stable historical-price-eod/full,provider_error,"HTTP 429: {
  ""Error Message"": ""Limit Reach . Please upgrade your plan or visit our documentation for more details at https://site.financialmodelingprep.com/""
}; Yahoo fallback error: HTTP Error 429: Too Many Requests"
2026-02-28,,Agriculture & Chemicals,ECL,fmp,sector_company,,,,,,Financial Modeling Prep stable historical-price-eod/full,provider_error,"HTTP 429: {
  ""Error Message"": ""Limit Reach . Please upgrade your plan or visit our documentation for more details at https://site.financialmodelingprep.com/""
}; Yahoo fallback error: HTTP Error 429: Too Many Requests"
2026-03-10,,Agriculture & Chemicals,ECL,fmp,sector_company,,,,,,Financial Modeling Prep stable historical-price-eod/full,provider_error,"HTTP 429: {
  ""Error Message"": ""Limit Reach . Please upgrade your plan or visit our documentation for more details at https://site.financialmodelingprep.com/""
}; Yahoo fallback error: HTTP Error 429: Too Many Requests"
2026-03-20,,Agriculture & Chemicals,ECL,fmp,sector_company,,,,,,Financial Modeling Prep stable historical-price-eod/full,provider_error,"HTTP 429: {
  ""Error Message"": ""Limit Reach . Please upgrade your plan or visit our documentation for more details at https://site.financialmodelingprep.com/""
}; Yahoo fallback error: HTTP Error 429: Too Many Requests"
2026-03-30,,Agriculture & Chemicals,ECL,fmp,sector_company,,,,,,Financial Modeling Prep stable historical-price-eod/full,provider_error,"HTTP 429: {
  ""Error Message"": ""Limit Reach . Please upgrade your plan or visit our documentation for more details at https://site.financialmodelingprep.com/""
}; Yahoo fallback error: HTTP Error 429: Too Many Requests"
2026-04-10,,Agriculture & Chemicals,ECL,fmp,sector_company,,,,,,Financial Modeling Prep stable historical-price-eod/full,provider_error,"HTTP 429: {
  ""Error Message"": ""Limit Reach . Please upgrade your plan or visit our documentation for more details at https://site.financialmodelingprep.com/""
}; Yahoo fallback error: HTTP Error 429: Too Many Requests"
2026-04-20,,Agriculture & Chemicals,ECL,fmp,sector_company,,,,,,Financial Modeling Prep stable historical-price-eod/full,provider_error,"HTTP 429: {
  ""Error Message"": ""Limit Reach . Please upgrade your plan or visit our documentation for more details at https://site.financialmodelingprep.com/""
}; Yahoo fallback error: HTTP Error 429: Too Many Requests"
2026-04-30,,Agriculture & Chemicals,ECL,fmp,sector_company,,,,,,Financial Modeling Prep stable historical-price-eod/full,provider_error,"HTTP 429: {
  ""Error Message"": ""Limit Reach . Please upgrade your plan or visit our documentation for more details at https://site.financialmodelingprep.com/""
}; Yahoo fallback error: HTTP Error 429: Too Many Requests"
2026-05-10,,Agriculture & Chemicals,ECL,fmp,sector_company,,,,,,Financial Modeling Prep stable historical-price-eod/full,provider_error,"HTTP 429: {
  ""Error Message"": ""Limit Reach . Please upgrade your plan or visit our documentation for more details at https://site.financialmodelingprep.com/""
}; Yahoo fallback error: HTTP Error 429: Too Many Requests"
2026-05-20,,Agriculture & Chemicals,ECL,fmp,sector_company,,,,,,Financial Modeling Prep stable historical-price-eod/full,provider_error,"HTTP 429: {
  ""Error Message"": ""Limit Reach . Please upgrade your plan or visit our documentation for more details at https://site.financialmodelingprep.com/""
}; Yahoo fallback error: HTTP Error 429: Too Many Requests"
2026-05-30,,Agriculture & Chemicals,ECL,fmp,sector_company,,,,,,Financial Modeling Prep stable historical-price-eod/full,provider_error,"HTTP 429: {
  ""Error Message"": ""Limit Reach . Please upgrade your plan or visit our documentation for more details at https://site.financialmodelingprep.com/""
}; Yahoo fallback error: HTTP Error 429: Too Many Requests"
2026-02-28,,Agriculture & Chemicals,FMC,fmp,sector_company,,,,,,Financial Modeling Prep stable historical-price-eod/full,provider_error,"HTTP 429: {
  ""Error Message"": ""Limit Reach . Please upgrade your plan or visit our documentation for more details at https://site.financialmodelingprep.com/""
}; Yahoo fallback error: HTTP Error 429: Too Many Requests"
2026-03-10,,Agriculture & Chemicals,FMC,fmp,sector_company,,,,,,Financial Modeling Prep stable historical-price-eod/full,provider_error,"HTTP 429: {
  ""Error Message"": ""Limit Reach . Please upgrade your plan or visit our documentation for more details at https://site.financialmodelingprep.com/""
}; Yahoo fallback error: HTTP Error 429: Too Many Requests"
2026-03-20,,Agriculture & Chemicals,FMC,fmp,sector_company,,,,,,Financial Modeling Prep stable historical-price-eod/full,provider_error,"HTTP 429: {
  ""Error Message"": ""Limit Reach . Please upgrade your plan or visit our documentation for more details at https://site.financialmodelingprep.com/""
}; Yahoo fallback error: HTTP Error 429: Too Many Requests"
2026-03-30,,Agriculture & Chemicals,FMC,fmp,sector_company,,,,,,Financial Modeling Prep stable historical-price-eod/full,provider_error,"HTTP 429: {
  ""Error Message"": ""Limit Reach . Please upgrade your plan or visit our documentation for more details at https://site.financialmodelingprep.com/""
}; Yahoo fallback error: HTTP Error 429: Too Many Requests"
2026-04-10,,Agriculture & Chemicals,FMC,fmp,sector_company,,,,,,Financial Modeling Prep stable historical-price-eod/full,provider_error,"HTTP 429: {
  ""Error Message"": ""Limit Reach . Please upgrade your plan or visit our documentation for more details at https://site.financialmodelingprep.com/""
}; Yahoo fallback error: HTTP Error 429: Too Many Requests"
2026-04-20,,Agriculture & Chemicals,FMC,fmp,sector_company,,,,,,Financial Modeling Prep stable historical-price-eod/full,provider_error,"HTTP 429: {
  ""Error Message"": ""Limit Reach . Please upgrade your plan or visit our documentation for more details at https://site.financialmodelingprep.com/""
}; Yahoo fallback error: HTTP Error 429: Too Many Requests"
2026-04-30,,Agriculture & Chemicals,FMC,fmp,sector_company,,,,,,Financial Modeling Prep stable historical-price-eod/full,provider_error,"HTTP 429: {
  ""Error Message"": ""Limit Reach . Please upgrade your plan or visit our documentation for more details at https://site.financialmodelingprep.com/""
}; Yahoo fallback error: HTTP Error 429: Too Many Requests"
2026-05-10,,Agriculture & Chemicals,FMC,fmp,sector_company,,,,,,Financial Modeling Prep stable historical-price-eod/full,provider_error,"HTTP 429: {
  ""Error Message"": ""Limit Reach . Please upgrade your plan or visit our documentation for more details at https://site.financialmodelingprep.com/""
}; Yahoo fallback error: HTTP Error 429: Too Many Requests"
2026-05-20,,Agriculture & Chemicals,FMC,fmp,sector_company,,,,,,Financial Modeling Prep stable historical-price-eod/full,provider_error,"HTTP 429: {
  ""Error Message"": ""Limit Reach . Please upgrade your plan or visit our documentation for more details at https://site.financialmodelingprep.com/""
}; Yahoo fallback error: HTTP Error 429: Too Many Requests"
2026-05-30,,Agriculture & Chemicals,FMC,fmp,sector_company,,,,,,Financial Modeling Prep stable historical-price-eod/full,provider_error,"HTTP 429: {
  ""Error Message"": ""Limit Reach . Please upgrade your plan or visit our documentation for more details at https://site.financialmodelingprep.com/""
}; Yahoo fallback error: HTTP Error 429: Too Many Requests"
2026-02-28,,Agriculture & Chemicals,LIN,fmp,sector_company,,,,,,Financial Modeling Prep stable historical-price-eod/full,provider_error,"HTTP 429: {
  ""Error Message"": ""Limit Reach . Please upgrade your plan or visit our documentation for more details at https://site.financialmodelingprep.com/""
}; Yahoo fallback error: HTTP Error 429: Too Many Requests"
2026-03-10,,Agriculture & Chemicals,LIN,fmp,sector_company,,,,,,Financial Modeling Prep stable historical-price-eod/full,provider_error,"HTTP 429: {
  ""Error Message"": ""Limit Reach . Please upgrade your plan or visit our documentation for more details at https://site.financialmodelingprep.com/""
}; Yahoo fallback error: HTTP Error 429: Too Many Requests"
2026-03-20,,Agriculture & Chemicals,LIN,fmp,sector_company,,,,,,Financial Modeling Prep stable historical-price-eod/full,provider_error,"HTTP 429: {
  ""Error Message"": ""Limit Reach . Please upgrade your plan or visit our documentation for more details at https://site.financialmodelingprep.com/""
}; Yahoo fallback error: HTTP Error 429: Too Many Requests"
2026-03-30,,Agriculture & Chemicals,LIN,fmp,sector_company,,,,,,Financial Modeling Prep stable historical-price-eod/full,provider_error,"HTTP 429: {
  ""Error Message"": ""Limit Reach . Please upgrade your plan or visit our documentation for more details at https://site.financialmodelingprep.com/""
}; Yahoo fallback error: HTTP Error 429: Too Many Requests"
2026-04-10,,Agriculture & Chemicals,LIN,fmp,sector_company,,,,,,Financial Modeling Prep stable historical-price-eod/full,provider_error,"HTTP 429: {
  ""Error Message"": ""Limit Reach . Please upgrade your plan or visit our documentation for more details at https://site.financialmodelingprep.com/""
}; Yahoo fallback error: HTTP Error 429: Too Many Requests"
2026-04-20,,Agriculture & Chemicals,LIN,fmp,sector_company,,,,,,Financial Modeling Prep stable historical-price-eod/full,provider_error,"HTTP 429: {
  ""Error Message"": ""Limit Reach . Please upgrade your plan or visit our documentation for more details at https://site.financialmodelingprep.com/""
}; Yahoo fallback error: HTTP Error 429: Too Many Requests"
2026-04-30,,Agriculture & Chemicals,LIN,fmp,sector_company,,,,,,Financial Modeling Prep stable historical-price-eod/full,provider_error,"HTTP 429: {
  ""Error Message"": ""Limit Reach . Please upgrade your plan or visit our documentation for more details at https://site.financialmodelingprep.com/""
}; Yahoo fallback error: HTTP Error 429: Too Many Requests"
2026-05-10,,Agriculture & Chemicals,LIN,fmp,sector_company,,,,,,Financial Modeling Prep stable historical-price-eod/full,provider_error,"HTTP 429: {
  ""Error Message"": ""Limit Reach . Please upgrade your plan or visit our documentation for more details at https://site.financialmodelingprep.com/""
}; Yahoo fallback error: HTTP Error 429: Too Many Requests"
2026-05-20,,Agriculture & Chemicals,LIN,fmp,sector_company,,,,,,Financial Modeling Prep stable historical-price-eod/full,provider_error,"HTTP 429: {
  ""Error Message"": ""Limit Reach . Please upgrade your plan or visit our documentation for more details at https://site.financialmodelingprep.com/""
}; Yahoo fallback error: HTTP Error 429: Too Many Requests"
2026-05-30,,Agriculture & Chemicals,LIN,fmp,sector_company,,,,,,Financial Modeling Prep stable historical-price-eod/full,provider_error,"HTTP 429: {
  ""Error Message"": ""Limit Reach . Please upgrade your plan or visit our documentation for more details at https://site.financialmodelingprep.com/""
}; Yahoo fallback error: HTTP Error 429: Too Many Requests"
2026-02-28,,Agriculture & Chemicals,NTR,fmp,sector_company,,,,,,Financial Modeling Prep stable historical-price-eod/full,provider_error,"HTTP 429: {
  ""Error Message"": ""Limit Reach . Please upgrade your plan or visit our documentation for more details at https://site.financialmodelingprep.com/""
}; Yahoo fallback error: HTTP Error 429: Too Many Requests"
2026-03-10,,Agriculture & Chemicals,NTR,fmp,sector_company,,,,,,Financial Modeling Prep stable historical-price-eod/full,provider_error,"HTTP 429: {
  ""Error Message"": ""Limit Reach . Please upgrade your plan or visit our documentation for more details at https://site.financialmodelingprep.com/""
}; Yahoo fallback error: HTTP Error 429: Too Many Requests"
2026-03-20,,Agriculture & Chemicals,NTR,fmp,sector_company,,,,,,Financial Modeling Prep stable historical-price-eod/full,provider_error,"HTTP 429: {
  ""Error Message"": ""Limit Reach . Please upgrade your plan or visit our documentation for more details at https://site.financialmodelingprep.com/""
}; Yahoo fallback error: HTTP Error 429: Too Many Requests"
2026-03-30,,Agriculture & Chemicals,NTR,fmp,sector_company,,,,,,Financial Modeling Prep stable historical-price-eod/full,provider_error,"HTTP 429: {
  ""Error Message"": ""Limit Reach . Please upgrade your plan or visit our documentation for more details at https://site.financialmodelingprep.com/""
}; Yahoo fallback error: HTTP Error 429: Too Many Requests"
2026-04-10,,Agriculture & Chemicals,NTR,fmp,sector_company,,,,,,Financial Modeling Prep stable historical-price-eod/full,provider_error,"HTTP 429: {
  ""Error Message"": ""Limit Reach . Please upgrade your plan or visit our documentation for more details at https://site.financialmodelingprep.com/""
}; Yahoo fallback error: HTTP Error 429: Too Many Requests"
2026-04-20,,Agriculture & Chemicals,NTR,fmp,sector_company,,,,,,Financial Modeling Prep stable historical-price-eod/full,provider_error,"HTTP 429: {
  ""Error Message"": ""Limit Reach . Please upgrade your plan or visit our documentation for more details at https://site.financialmodelingprep.com/""
}; Yahoo fallback error: HTTP Error 429: Too Many Requests"
2026-04-30,,Agriculture & Chemicals,NTR,fmp,sector_company,,,,,,Financial Modeling Prep stable historical-price-eod/full,provider_error,"HTTP 429: {
  ""Error Message"": ""Limit Reach . Please upgrade your plan or visit our documentation for more details at https://site.financialmodelingprep.com/""
}; Yahoo fallback error: HTTP Error 429: Too Many Requests"
2026-05-10,,Agriculture & Chemicals,NTR,fmp,sector_company,,,,,,Financial Modeling Prep stable historical-price-eod/full,provider_error,"HTTP 429: {
  ""Error Message"": ""Limit Reach . Please upgrade your plan or visit our documentation for more details at https://site.financialmodelingprep.com/""
}; Yahoo fallback error: HTTP Error 429: Too Many Requests"
2026-05-20,,Agriculture & Chemicals,NTR,fmp,sector_company,,,,,,Financial Modeling Prep stable historical-price-eod/full,provider_error,"HTTP 429: {
  ""Error Message"": ""Limit Reach . Please upgrade your plan or visit our documentation for more details at https://site.financialmodelingprep.com/""
}; Yahoo fallback error: HTTP Error 429: Too Many Requests"
2026-05-30,,Agriculture & Chemicals,NTR,fmp,sector_company,,,,,,Financial Modeling Prep stable historical-price-eod/full,provider_error,"HTTP 429: {
  ""Error Message"": ""Limit Reach . Please upgrade your plan or visit our documentation for more details at https://site.financialmodelingprep.com/""
}; Yahoo fallback error: HTTP Error 429: Too Many Requests"
2026-02-28,,Agriculture & Chemicals,SHW,fmp,sector_company,,,,,,Financial Modeling Prep stable historical-price-eod/full,provider_error,"HTTP 429: {
  ""Error Message"": ""Limit Reach . Please upgrade your plan or visit our documentation for more details at https://site.financialmodelingprep.com/""
}; Yahoo fallback error: HTTP Error 429: Too Many Requests"
2026-03-10,,Agriculture & Chemicals,SHW,fmp,sector_company,,,,,,Financial Modeling Prep stable historical-price-eod/full,provider_error,"HTTP 429: {
  ""Error Message"": ""Limit Reach . Please upgrade your plan or visit our documentation for more details at https://site.financialmodelingprep.com/""
}; Yahoo fallback error: HTTP Error 429: Too Many Requests"
2026-03-20,,Agriculture & Chemicals,SHW,fmp,sector_company,,,,,,Financial Modeling Prep stable historical-price-eod/full,provider_error,"HTTP 429: {
  ""Error Message"": ""Limit Reach . Please upgrade your plan or visit our documentation for more details at https://site.financialmodelingprep.com/""
}; Yahoo fallback error: HTTP Error 429: Too Many Requests"
2026-03-30,,Agriculture & Chemicals,SHW,fmp,sector_company,,,,,,Financial Modeling Prep stable historical-price-eod/full,provider_error,"HTTP 429: {
  ""Error Message"": ""Limit Reach . Please upgrade your plan or visit our documentation for more details at https://site.financialmodelingprep.com/""
}; Yahoo fallback error: HTTP Error 429: Too Many Requests"
2026-04-10,,Agriculture & Chemicals,SHW,fmp,sector_company,,,,,,Financial Modeling Prep stable historical-price-eod/full,provider_error,"HTTP 429: {
  ""Error Message"": ""Limit Reach . Please upgrade your plan or visit our documentation for more details at https://site.financialmodelingprep.com/""
}; Yahoo fallback error: HTTP Error 429: Too Many Requests"
2026-04-20,,Agriculture & Chemicals,SHW,fmp,sector_company,,,,,,Financial Modeling Prep stable historical-price-eod/full,provider_error,"HTTP 429: {
  ""Error Message"": ""Limit Reach . Please upgrade your plan or visit our documentation for more details at https://site.financialmodelingprep.com/""
}; Yahoo fallback error: HTTP Error 429: Too Many Requests"
2026-04-30,,Agriculture & Chemicals,SHW,fmp,sector_company,,,,,,Financial Modeling Prep stable historical-price-eod/full,provider_error,"HTTP 429: {
  ""Error Message"": ""Limit Reach . Please upgrade your plan or visit our documentation for more details at https://site.financialmodelingprep.com/""
}; Yahoo fallback error: HTTP Error 429: Too Many Requests"
2026-05-10,,Agriculture & Chemicals,SHW,fmp,sector_company,,,,,,Financial Modeling Prep stable historical-price-eod/full,provider_error,"HTTP 429: {
  ""Error Message"": ""Limit Reach . Please upgrade your plan or visit our documentation for more details at https://site.financialmodelingprep.com/""
}; Yahoo fallback error: HTTP Error 429: Too Many Requests"
2026-05-20,,Agriculture & Chemicals,SHW,fmp,sector_company,,,,,,Financial Modeling Prep stable historical-price-eod/full,provider_error,"HTTP 429: {
  ""Error Message"": ""Limit Reach . Please upgrade your plan or visit our documentation for more details at https://site.financialmodelingprep.com/""
}; Yahoo fallback error: HTTP Error 429: Too Many Requests"
2026-05-30,,Agriculture & Chemicals,SHW,fmp,sector_company,,,,,,Financial Modeling Prep stable historical-price-eod/full,provider_error,"HTTP 429: {
  ""Error Message"": ""Limit Reach . Please upgrade your plan or visit our documentation for more details at https://site.financialmodelingprep.com/""
}; Yahoo fallback error: HTTP Error 429: Too Many Requests"
2026-02-28,2026-02-27,Banks,BAC,fmp,sector_company,51.08,51.41,49.32,49.83,77728700,Financial Modeling Prep stable historical-price-eod/full,ok,previous trading day for anchor 2026-02-28
2026-03-10,2026-03-10,Banks,BAC,fmp,sector_company,48.28,49.15,47.6,48.56,50271136,Financial Modeling Prep stable historical-price-eod/full,ok,
2026-03-20,2026-03-20,Banks,BAC,fmp,sector_company,47.13,47.46,46.69,47.16,78060900,Financial Modeling Prep stable historical-price-eod/full,ok,
2026-03-30,2026-03-30,Banks,BAC,fmp,sector_company,47.55,47.86,46.93,47.23,43375900,Financial Modeling Prep stable historical-price-eod/full,ok,
2026-04-10,2026-04-10,Banks,BAC,fmp,sector_company,52.8,52.83,52.2,52.54,25225326,Financial Modeling Prep stable historical-price-eod/full,ok,
2026-04-20,2026-04-20,Banks,BAC,fmp,sector_company,53.5,53.95,53.18,53.95,43999200,Financial Modeling Prep stable historical-price-eod/full,ok,
2026-04-30,2026-04-30,Banks,BAC,fmp,sector_company,52.61,53.66,52.15,53.46,27089208,Financial Modeling Prep stable historical-price-eod/full,ok,
2026-05-10,2026-05-08,Banks,BAC,fmp,sector_company,52.98,53.01,51.1,51.31,36111200,Financial Modeling Prep stable historical-price-eod/full,ok,previous trading day for anchor 2026-05-10
2026-05-20,2026-05-20,Banks,BAC,fmp,sector_company,50.99,51.58,50.49,51.23,47739417,Financial Modeling Prep stable historical-price-eod/full,ok,
2026-05-30,2026-05-29,Banks,BAC,fmp,sector_company,50.97,51.8,50.61,51.6,57930600,Financial Modeling Prep stable historical-price-eod/full,ok,previous trading day for anchor 2026-05-30
2026-02-28,2026-02-27,Banks,C,fmp,sector_company,113.18,113.18,108.66,110.19,29106908,Financial Modeling Prep stable historical-price-eod/full,ok,previous trading day for anchor 2026-02-28
2026-03-10,2026-03-10,Banks,C,fmp,sector_company,108.41,110.91,107.37,108.97,17844260,Financial Modeling Prep stable historical-price-eod/full,ok,
2026-03-20,2026-03-20,Banks,C,fmp,sector_company,109.6,111.21,108.86,109.52,29718409,Financial Modeling Prep stable historical-price-eod/full,ok,
2026-03-30,2026-03-30,Banks,C,fmp,sector_company,108.46,109.42,106.52,107.27,20319344,Financial Modeling Prep stable historical-price-eod/full,ok,
2026-04-10,2026-04-10,Banks,C,fmp,sector_company,125.24,125.47,123.61,124.39,8958046,Financial Modeling Prep stable historical-price-eod/full,ok,
2026-04-20,2026-04-20,Banks,C,fmp,sector_company,131.98,133.44,131.65,133.05,10151800,Financial Modeling Prep stable historical-price-eod/full,ok,
2026-04-30,2026-04-30,Banks,C,fmp,sector_company,127.7,128.92,126.55,127.98,12127700,Financial Modeling Prep stable historical-price-eod/full,ok,
2026-05-10,2026-05-08,Banks,C,fmp,sector_company,130.19,131.95,125.22,125.55,17505537,Financial Modeling Prep stable historical-price-eod/full,ok,previous trading day for anchor 2026-05-10
2026-05-20,2026-05-20,Banks,C,fmp,sector_company,120.97,125.28,119.89,124.82,11182000,Financial Modeling Prep stable historical-price-eod/full,ok,
2026-05-30,2026-05-29,Banks,C,fmp,sector_company,124.65,126.85,123.52,125.9,17326742,Financial Modeling Prep stable historical-price-eod/full,ok,previous trading day for anchor 2026-05-30
2026-02-28,2026-02-27,Banks,GS,fmp,sector_company,912,916.25,854.15,859.57,5552300,Financial Modeling Prep stable historical-price-eod/full,ok,previous trading day for anchor 2026-02-28
2026-03-10,2026-03-10,Banks,GS,fmp,sector_company,834.68,846.09,826.35,833.81,1871901,Financial Modeling Prep stable historical-price-eod/full,ok,
2026-03-20,2026-03-20,Banks,GS,fmp,sector_company,807,827.23,804.93,813.53,3918407,Financial Modeling Prep stable historical-price-eod/full,ok,
2026-03-30,2026-03-30,Banks,GS,fmp,sector_company,811.12,818.63,801.88,807.6,1621403,Financial Modeling Prep stable historical-price-eod/full,ok,
2026-04-10,2026-04-10,Banks,GS,fmp,sector_company,903.37,908.96,895,907.8,1642709,Financial Modeling Prep stable historical-price-eod/full,ok,
2026-04-20,2026-04-20,Banks,GS,fmp,sector_company,923.68,941.8,922.99,941.74,2374300,Financial Modeling Prep stable historical-price-eod/full,ok,
2026-04-30,2026-04-30,Banks,GS,fmp,sector_company,910.41,928,905,923.77,1880306,Financial Modeling Prep stable historical-price-eod/full,ok,
2026-05-10,2026-05-08,Banks,GS,fmp,sector_company,936,939.78,927.46,936.48,1665037,Financial Modeling Prep stable historical-price-eod/full,ok,previous trading day for anchor 2026-05-10
2026-05-20,2026-05-20,Banks,GS,fmp,sector_company,945,982.73,940.5,982.12,3104417,Financial Modeling Prep stable historical-price-eod/full,ok,
2026-05-30,2026-05-29,Banks,GS,fmp,sector_company,1009.27,1027.22,1004,1025.56,2158796,Financial Modeling Prep stable historical-price-eod/full,ok,previous trading day for anchor 2026-05-30
2026-02-28,2026-02-27,Banks,JPM,fmp,sector_company,300,302.95,294.45,300.3,18620800,Financial Modeling Prep stable historical-price-eod/full,ok,previous trading day for anchor 2026-02-28
2026-03-10,2026-03-10,Banks,JPM,fmp,sector_company,289.29,292.75,287.18,288.73,8344900,Financial Modeling Prep stable historical-price-eod/full,ok,
2026-03-20,2026-03-20,Banks,JPM,fmp,sector_company,288.08,290.71,285.27,286.56,22436500,Financial Modeling Prep stable historical-price-eod/full,ok,
2026-03-30,2026-03-30,Banks,JPM,fmp,sector_company,284.74,287.25,282.33,283.77,11734400,Financial Modeling Prep stable historical-price-eod/full,ok,
2026-04-10,2026-04-10,Banks,JPM,fmp,sector_company,310,310.35,306.72,309.87,6069700,Financial Modeling Prep stable historical-price-eod/full,ok,
2026-04-20,2026-04-20,Banks,JPM,fmp,sector_company,310.85,317.13,310.37,316.99,10772003,Financial Modeling Prep stable historical-price-eod/full,ok,
2026-04-30,2026-04-30,Banks,JPM,fmp,sector_company,307.07,314.1,306.57,313.23,8865400,Financial Modeling Prep stable historical-price-eod/full,ok,
2026-05-10,2026-05-08,Banks,JPM,fmp,sector_company,308.25,308.99,300.5,302.1,9464300,Financial Modeling Prep stable historical-price-eod/full,ok,previous trading day for anchor 2026-05-10
2026-05-20,2026-05-20,Banks,JPM,fmp,sector_company,296.7,302.93,293.67,301.98,9327002,Financial Modeling Prep stable historical-price-eod/full,ok,
2026-05-30,2026-05-29,Banks,JPM,fmp,sector_company,296.4,299.88,295.2,299.31,13973665,Financial Modeling Prep stable historical-price-eod/full,ok,previous trading day for anchor 2026-05-30
2026-02-28,2026-02-27,Banks,MS,twelve_data,sector_company,174,174.13000,164.39999,166.50999,12400400,Twelve Data time_series,ok,fallback after FMP error: HTTP 402: Premium Query Parameter: 'Special Endpoint : This value set for 'symbol' is not available under your current subscription please visit our subscription page to upgrade your plan at https://financialmodelingprep.com/; previous trading day for anchor 2026-02-28
2026-03-10,2026-03-10,Banks,MS,twelve_data,sector_company,161.84000,163.48000,159.86000,160.75,4314600,Twelve Data time_series,ok,fallback after FMP error: HTTP 402: Premium Query Parameter: 'Special Endpoint : This value set for 'symbol' is not available under your current subscription please visit our subscription page to upgrade your plan at https://financialmodelingprep.com/
2026-03-20,2026-03-20,Banks,MS,twelve_data,sector_company,158.36000,163.14000,157.25,161.47000,14621300,Twelve Data time_series,ok,fallback after FMP error: HTTP 402: Premium Query Parameter: 'Special Endpoint : This value set for 'symbol' is not available under your current subscription please visit our subscription page to upgrade your plan at https://financialmodelingprep.com/
2026-03-30,2026-03-30,Banks,MS,twelve_data,sector_company,160.14999,161.24001,157.22000,158.37000,6261600,Twelve Data time_series,ok,fallback after FMP error: HTTP 402: Premium Query Parameter: 'Special Endpoint : This value set for 'symbol' is not available under your current subscription please visit our subscription page to upgrade your plan at https://financialmodelingprep.com/
2026-04-10,2026-04-10,Banks,MS,twelve_data,sector_company,178.66000,178.66000,174.70000,177.64000,4240100,Twelve Data time_series,ok,fallback after FMP error: HTTP 402: Premium Query Parameter: 'Special Endpoint : This value set for 'symbol' is not available under your current subscription please visit our subscription page to upgrade your plan at https://financialmodelingprep.com/
2026-04-20,2026-04-20,Banks,MS,twelve_data,sector_company,188.92000,192.20000,188.020004,190.70000,4905200,Twelve Data time_series,ok,fallback after FMP error: HTTP 402: Premium Query Parameter: 'Special Endpoint : This value set for 'symbol' is not available under your current subscription please visit our subscription page to upgrade your plan at https://financialmodelingprep.com/
2026-04-30,2026-04-30,Banks,MS,twelve_data,sector_company,185.60001,190.73000,184.89999,190.59000,5664900,Twelve Data time_series,ok,fallback after FMP error: HTTP 402: Premium Query Parameter: 'Special Endpoint : This value set for 'symbol' is not available under your current subscription please visit our subscription page to upgrade your plan at https://financialmodelingprep.com/
2026-05-10,2026-05-08,Banks,MS,twelve_data,sector_company,190.88000,193.5,190.47000,193.089996,5873400,Twelve Data time_series,ok,fallback after FMP error: HTTP 402: Premium Query Parameter: 'Special Endpoint : This value set for 'symbol' is not available under your current subscription please visit our subscription page to upgrade your plan at https://financialmodelingprep.com/; previous trading day for anchor 2026-05-10
2026-05-20,2026-05-20,Banks,MS,twelve_data,sector_company,191.96001,198.070007,190.089996,197.77000,7201100,Twelve Data time_series,ok,fallback after FMP error: HTTP 402: Premium Query Parameter: 'Special Endpoint : This value set for 'symbol' is not available under your current subscription please visit our subscription page to upgrade your plan at https://financialmodelingprep.com/
2026-05-30,2026-05-29,Banks,MS,twelve_data,sector_company,204,208.080002,203.72000,208,8255500,Twelve Data time_series,ok,fallback after FMP error: HTTP 402: Premium Query Parameter: 'Special Endpoint : This value set for 'symbol' is not available under your current subscription please visit our subscription page to upgrade your plan at https://financialmodelingprep.com/; previous trading day for anchor 2026-05-30
2026-02-28,,China,1398.HK,fmp,sector_company,,,,,,Financial Modeling Prep stable historical-price-eod/full,provider_error,"HTTP 429: {
  ""Error Message"": ""Limit Reach . Please upgrade your plan or visit our documentation for more details at https://site.financialmodelingprep.com/""
}; Yahoo fallback error: HTTP Error 429: Too Many Requests"
2026-03-10,,China,1398.HK,fmp,sector_company,,,,,,Financial Modeling Prep stable historical-price-eod/full,provider_error,"HTTP 429: {
  ""Error Message"": ""Limit Reach . Please upgrade your plan or visit our documentation for more details at https://site.financialmodelingprep.com/""
}; Yahoo fallback error: HTTP Error 429: Too Many Requests"
2026-03-20,,China,1398.HK,fmp,sector_company,,,,,,Financial Modeling Prep stable historical-price-eod/full,provider_error,"HTTP 429: {
  ""Error Message"": ""Limit Reach . Please upgrade your plan or visit our documentation for more details at https://site.financialmodelingprep.com/""
}; Yahoo fallback error: HTTP Error 429: Too Many Requests"
2026-03-30,,China,1398.HK,fmp,sector_company,,,,,,Financial Modeling Prep stable historical-price-eod/full,provider_error,"HTTP 429: {
  ""Error Message"": ""Limit Reach . Please upgrade your plan or visit our documentation for more details at https://site.financialmodelingprep.com/""
}; Yahoo fallback error: HTTP Error 429: Too Many Requests"
2026-04-10,,China,1398.HK,fmp,sector_company,,,,,,Financial Modeling Prep stable historical-price-eod/full,provider_error,"HTTP 429: {
  ""Error Message"": ""Limit Reach . Please upgrade your plan or visit our documentation for more details at https://site.financialmodelingprep.com/""
}; Yahoo fallback error: HTTP Error 429: Too Many Requests"
2026-04-20,,China,1398.HK,fmp,sector_company,,,,,,Financial Modeling Prep stable historical-price-eod/full,provider_error,"HTTP 429: {
  ""Error Message"": ""Limit Reach . Please upgrade your plan or visit our documentation for more details at https://site.financialmodelingprep.com/""
}; Yahoo fallback error: HTTP Error 429: Too Many Requests"
2026-04-30,,China,1398.HK,fmp,sector_company,,,,,,Financial Modeling Prep stable historical-price-eod/full,provider_error,"HTTP 429: {
  ""Error Message"": ""Limit Reach . Please upgrade your plan or visit our documentation for more details at https://site.financialmodelingprep.com/""
}; Yahoo fallback error: HTTP Error 429: Too Many Requests"
2026-05-10,,China,1398.HK,fmp,sector_company,,,,,,Financial Modeling Prep stable historical-price-eod/full,provider_error,"HTTP 429: {
  ""Error Message"": ""Limit Reach . Please upgrade your plan or visit our documentation for more details at https://site.financialmodelingprep.com/""
}; Yahoo fallback error: HTTP Error 429: Too Many Requests"
2026-05-20,,China,1398.HK,fmp,sector_company,,,,,,Financial Modeling Prep stable historical-price-eod/full,provider_error,"HTTP 429: {
  ""Error Message"": ""Limit Reach . Please upgrade your plan or visit our documentation for more details at https://site.financialmodelingprep.com/""
}; Yahoo fallback error: HTTP Error 429: Too Many Requests"
2026-05-30,,China,1398.HK,fmp,sector_company,,,,,,Financial Modeling Prep stable historical-price-eod/full,provider_error,"HTTP 429: {
  ""Error Message"": ""Limit Reach . Please upgrade your plan or visit our documentation for more details at https://site.financialmodelingprep.com/""
}; Yahoo fallback error: HTTP Error 429: Too Many Requests"
2026-02-28,,China,1810.HK,fmp,sector_company,,,,,,Financial Modeling Prep stable historical-price-eod/full,provider_error,"HTTP 429: {
  ""Error Message"": ""Limit Reach . Please upgrade your plan or visit our documentation for more details at https://site.financialmodelingprep.com/""
}; Yahoo fallback error: HTTP Error 429: Too Many Requests"
2026-03-10,,China,1810.HK,fmp,sector_company,,,,,,Financial Modeling Prep stable historical-price-eod/full,provider_error,"HTTP 429: {
  ""Error Message"": ""Limit Reach . Please upgrade your plan or visit our documentation for more details at https://site.financialmodelingprep.com/""
}; Yahoo fallback error: HTTP Error 429: Too Many Requests"
2026-03-20,,China,1810.HK,fmp,sector_company,,,,,,Financial Modeling Prep stable historical-price-eod/full,provider_error,"HTTP 429: {
  ""Error Message"": ""Limit Reach . Please upgrade your plan or visit our documentation for more details at https://site.financialmodelingprep.com/""
}; Yahoo fallback error: HTTP Error 429: Too Many Requests"
2026-03-30,,China,1810.HK,fmp,sector_company,,,,,,Financial Modeling Prep stable historical-price-eod/full,provider_error,"HTTP 429: {
  ""Error Message"": ""Limit Reach . Please upgrade your plan or visit our documentation for more details at https://site.financialmodelingprep.com/""
}; Yahoo fallback error: HTTP Error 429: Too Many Requests"
2026-04-10,,China,1810.HK,fmp,sector_company,,,,,,Financial Modeling Prep stable historical-price-eod/full,provider_error,"HTTP 429: {
  ""Error Message"": ""Limit Reach . Please upgrade your plan or visit our documentation for more details at https://site.financialmodelingprep.com/""
}; Yahoo fallback error: HTTP Error 429: Too Many Requests"
2026-04-20,,China,1810.HK,fmp,sector_company,,,,,,Financial Modeling Prep stable historical-price-eod/full,provider_error,"HTTP 429: {
  ""Error Message"": ""Limit Reach . Please upgrade your plan or visit our documentation for more details at https://site.financialmodelingprep.com/""
}; Yahoo fallback error: HTTP Error 429: Too Many Requests"
2026-04-30,,China,1810.HK,fmp,sector_company,,,,,,Financial Modeling Prep stable historical-price-eod/full,provider_error,"HTTP 429: {
  ""Error Message"": ""Limit Reach . Please upgrade your plan or visit our documentation for more details at https://site.financialmodelingprep.com/""
}; Yahoo fallback error: HTTP Error 429: Too Many Requests"
2026-05-10,,China,1810.HK,fmp,sector_company,,,,,,Financial Modeling Prep stable historical-price-eod/full,provider_error,"HTTP 429: {
  ""Error Message"": ""Limit Reach . Please upgrade your plan or visit our documentation for more details at https://site.financialmodelingprep.com/""
}; Yahoo fallback error: HTTP Error 429: Too Many Requests"
2026-05-20,,China,1810.HK,fmp,sector_company,,,,,,Financial Modeling Prep stable historical-price-eod/full,provider_error,"HTTP 429: {
  ""Error Message"": ""Limit Reach . Please upgrade your plan or visit our documentation for more details at https://site.financialmodelingprep.com/""
}; Yahoo fallback error: HTTP Error 429: Too Many Requests"
2026-05-30,,China,1810.HK,fmp,sector_company,,,,,,Financial Modeling Prep stable historical-price-eod/full,provider_error,"HTTP 429: {
  ""Error Message"": ""Limit Reach . Please upgrade your plan or visit our documentation for more details at https://site.financialmodelingprep.com/""
}; Yahoo fallback error: HTTP Error 429: Too Many Requests"
2026-02-28,,China,600519.SS,fmp,sector_company,,,,,,Financial Modeling Prep stable historical-price-eod/full,provider_error,"HTTP 429: {
  ""Error Message"": ""Limit Reach . Please upgrade your plan or visit our documentation for more details at https://site.financialmodelingprep.com/""
}; Yahoo fallback error: HTTP Error 429: Too Many Requests"
2026-03-10,,China,600519.SS,fmp,sector_company,,,,,,Financial Modeling Prep stable historical-price-eod/full,provider_error,"HTTP 429: {
  ""Error Message"": ""Limit Reach . Please upgrade your plan or visit our documentation for more details at https://site.financialmodelingprep.com/""
}; Yahoo fallback error: HTTP Error 429: Too Many Requests"
2026-03-20,,China,600519.SS,fmp,sector_company,,,,,,Financial Modeling Prep stable historical-price-eod/full,provider_error,"HTTP 429: {
  ""Error Message"": ""Limit Reach . Please upgrade your plan or visit our documentation for more details at https://site.financialmodelingprep.com/""
}; Yahoo fallback error: HTTP Error 429: Too Many Requests"
2026-03-30,,China,600519.SS,fmp,sector_company,,,,,,Financial Modeling Prep stable historical-price-eod/full,provider_error,"HTTP 429: {
  ""Error Message"": ""Limit Reach . Please upgrade your plan or visit our documentation for more details at https://site.financialmodelingprep.com/""
}; Yahoo fallback error: HTTP Error 429: Too Many Requests"
2026-04-10,,China,600519.SS,fmp,sector_company,,,,,,Financial Modeling Prep stable historical-price-eod/full,provider_error,"HTTP 429: {
  ""Error Message"": ""Limit Reach . Please upgrade your plan or visit our documentation for more details at https://site.financialmodelingprep.com/""
}; Yahoo fallback error: HTTP Error 429: Too Many Requests"
2026-04-20,,China,600519.SS,fmp,sector_company,,,,,,Financial Modeling Prep stable historical-price-eod/full,provider_error,"HTTP 429: {
  ""Error Message"": ""Limit Reach . Please upgrade your plan or visit our documentation for more details at https://site.financialmodelingprep.com/""
}; Yahoo fallback error: HTTP Error 429: Too Many Requests"
2026-04-30,,China,600519.SS,fmp,sector_company,,,,,,Financial Modeling Prep stable historical-price-eod/full,provider_error,"HTTP 429: {
  ""Error Message"": ""Limit Reach . Please upgrade your plan or visit our documentation for more details at https://site.financialmodelingprep.com/""
}; Yahoo fallback error: HTTP Error 429: Too Many Requests"
2026-05-10,,China,600519.SS,fmp,sector_company,,,,,,Financial Modeling Prep stable historical-price-eod/full,provider_error,"HTTP 429: {
  ""Error Message"": ""Limit Reach . Please upgrade your plan or visit our documentation for more details at https://site.financialmodelingprep.com/""
}; Yahoo fallback error: HTTP Error 429: Too Many Requests"
2026-05-20,,China,600519.SS,fmp,sector_company,,,,,,Financial Modeling Prep stable historical-price-eod/full,provider_error,"HTTP 429: {
  ""Error Message"": ""Limit Reach . Please upgrade your plan or visit our documentation for more details at https://site.financialmodelingprep.com/""
}; Yahoo fallback error: HTTP Error 429: Too Many Requests"
2026-05-30,,China,600519.SS,fmp,sector_company,,,,,,Financial Modeling Prep stable historical-price-eod/full,provider_error,"HTTP 429: {
  ""Error Message"": ""Limit Reach . Please upgrade your plan or visit our documentation for more details at https://site.financialmodelingprep.com/""
}; Yahoo fallback error: HTTP Error 429: Too Many Requests"
2026-02-28,,China,700.HK,fmp,sector_company,,,,,,Financial Modeling Prep stable historical-price-eod/full,provider_error,"HTTP 429: {
  ""Error Message"": ""Limit Reach . Please upgrade your plan or visit our documentation for more details at https://site.financialmodelingprep.com/""
}; Yahoo fallback error: HTTP Error 429: Too Many Requests"
2026-03-10,,China,700.HK,fmp,sector_company,,,,,,Financial Modeling Prep stable historical-price-eod/full,provider_error,"HTTP 429: {
  ""Error Message"": ""Limit Reach . Please upgrade your plan or visit our documentation for more details at https://site.financialmodelingprep.com/""
}; Yahoo fallback error: HTTP Error 429: Too Many Requests"
2026-03-20,,China,700.HK,fmp,sector_company,,,,,,Financial Modeling Prep stable historical-price-eod/full,provider_error,"HTTP 429: {
  ""Error Message"": ""Limit Reach . Please upgrade your plan or visit our documentation for more details at https://site.financialmodelingprep.com/""
}; Yahoo fallback error: HTTP Error 429: Too Many Requests"
2026-03-30,,China,700.HK,fmp,sector_company,,,,,,Financial Modeling Prep stable historical-price-eod/full,provider_error,"HTTP 429: {
  ""Error Message"": ""Limit Reach . Please upgrade your plan or visit our documentation for more details at https://site.financialmodelingprep.com/""
}; Yahoo fallback error: HTTP Error 429: Too Many Requests"
2026-04-10,,China,700.HK,fmp,sector_company,,,,,,Financial Modeling Prep stable historical-price-eod/full,provider_error,"HTTP 429: {
  ""Error Message"": ""Limit Reach . Please upgrade your plan or visit our documentation for more details at https://site.financialmodelingprep.com/""
}; Yahoo fallback error: HTTP Error 429: Too Many Requests"
2026-04-20,,China,700.HK,fmp,sector_company,,,,,,Financial Modeling Prep stable historical-price-eod/full,provider_error,"HTTP 429: {
  ""Error Message"": ""Limit Reach . Please upgrade your plan or visit our documentation for more details at https://site.financialmodelingprep.com/""
}; Yahoo fallback error: HTTP Error 429: Too Many Requests"
2026-04-30,,China,700.HK,fmp,sector_company,,,,,,Financial Modeling Prep stable historical-price-eod/full,provider_error,"HTTP 429: {
  ""Error Message"": ""Limit Reach . Please upgrade your plan or visit our documentation for more details at https://site.financialmodelingprep.com/""
}; Yahoo fallback error: HTTP Error 429: Too Many Requests"
2026-05-10,,China,700.HK,fmp,sector_company,,,,,,Financial Modeling Prep stable historical-price-eod/full,provider_error,"HTTP 429: {
  ""Error Message"": ""Limit Reach . Please upgrade your plan or visit our documentation for more details at https://site.financialmodelingprep.com/""
}; Yahoo fallback error: HTTP Error 429: Too Many Requests"
2026-05-20,,China,700.HK,fmp,sector_company,,,,,,Financial Modeling Prep stable historical-price-eod/full,provider_error,"HTTP 429: {
  ""Error Message"": ""Limit Reach . Please upgrade your plan or visit our documentation for more details at https://site.financialmodelingprep.com/""
}; Yahoo fallback error: HTTP Error 429: Too Many Requests"
2026-05-30,,China,700.HK,fmp,sector_company,,,,,,Financial Modeling Prep stable historical-price-eod/full,provider_error,"HTTP 429: {
  ""Error Message"": ""Limit Reach . Please upgrade your plan or visit our documentation for more details at https://site.financialmodelingprep.com/""
}; Yahoo fallback error: HTTP Error 429: Too Many Requests"
2026-02-28,,China,BABA,fmp,sector_company,,,,,,Financial Modeling Prep stable historical-price-eod/full,provider_error,"HTTP 429: {
  ""Error Message"": ""Limit Reach . Please upgrade your plan or visit our documentation for more details at https://site.financialmodelingprep.com/""
}; Yahoo fallback error: HTTP Error 429: Too Many Requests"
2026-03-10,,China,BABA,fmp,sector_company,,,,,,Financial Modeling Prep stable historical-price-eod/full,provider_error,"HTTP 429: {
  ""Error Message"": ""Limit Reach . Please upgrade your plan or visit our documentation for more details at https://site.financialmodelingprep.com/""
}; Yahoo fallback error: HTTP Error 429: Too Many Requests"
2026-03-20,,China,BABA,fmp,sector_company,,,,,,Financial Modeling Prep stable historical-price-eod/full,provider_error,"HTTP 429: {
  ""Error Message"": ""Limit Reach . Please upgrade your plan or visit our documentation for more details at https://site.financialmodelingprep.com/""
}; Yahoo fallback error: HTTP Error 429: Too Many Requests"
2026-03-30,,China,BABA,fmp,sector_company,,,,,,Financial Modeling Prep stable historical-price-eod/full,provider_error,"HTTP 429: {
  ""Error Message"": ""Limit Reach . Please upgrade your plan or visit our documentation for more details at https://site.financialmodelingprep.com/""
}; Yahoo fallback error: HTTP Error 429: Too Many Requests"
2026-04-10,,China,BABA,fmp,sector_company,,,,,,Financial Modeling Prep stable historical-price-eod/full,provider_error,"HTTP 429: {
  ""Error Message"": ""Limit Reach . Please upgrade your plan or visit our documentation for more details at https://site.financialmodelingprep.com/""
}; Yahoo fallback error: HTTP Error 429: Too Many Requests"
2026-04-20,,China,BABA,fmp,sector_company,,,,,,Financial Modeling Prep stable historical-price-eod/full,provider_error,"HTTP 429: {
  ""Error Message"": ""Limit Reach . Please upgrade your plan or visit our documentation for more details at https://site.financialmodelingprep.com/""
}; Yahoo fallback error: HTTP Error 429: Too Many Requests"
2026-04-30,,China,BABA,fmp,sector_company,,,,,,Financial Modeling Prep stable historical-price-eod/full,provider_error,"HTTP 429: {
  ""Error Message"": ""Limit Reach . Please upgrade your plan or visit our documentation for more details at https://site.financialmodelingprep.com/""
}; Yahoo fallback error: HTTP Error 429: Too Many Requests"
2026-05-10,,China,BABA,fmp,sector_company,,,,,,Financial Modeling Prep stable historical-price-eod/full,provider_error,"HTTP 429: {
  ""Error Message"": ""Limit Reach . Please upgrade your plan or visit our documentation for more details at https://site.financialmodelingprep.com/""
}; Yahoo fallback error: HTTP Error 429: Too Many Requests"
2026-05-20,,China,BABA,fmp,sector_company,,,,,,Financial Modeling Prep stable historical-price-eod/full,provider_error,"HTTP 429: {
  ""Error Message"": ""Limit Reach . Please upgrade your plan or visit our documentation for more details at https://site.financialmodelingprep.com/""
}; Yahoo fallback error: HTTP Error 429: Too Many Requests"
2026-05-30,,China,BABA,fmp,sector_company,,,,,,Financial Modeling Prep stable historical-price-eod/full,provider_error,"HTTP 429: {
  ""Error Message"": ""Limit Reach . Please upgrade your plan or visit our documentation for more details at https://site.financialmodelingprep.com/""
}; Yahoo fallback error: HTTP Error 429: Too Many Requests"
2026-02-28,,China,JD,fmp,sector_company,,,,,,Financial Modeling Prep stable historical-price-eod/full,provider_error,"HTTP 429: {
  ""Error Message"": ""Limit Reach . Please upgrade your plan or visit our documentation for more details at https://site.financialmodelingprep.com/""
}; Yahoo fallback error: HTTP Error 429: Too Many Requests"
2026-03-10,,China,JD,fmp,sector_company,,,,,,Financial Modeling Prep stable historical-price-eod/full,provider_error,"HTTP 429: {
  ""Error Message"": ""Limit Reach . Please upgrade your plan or visit our documentation for more details at https://site.financialmodelingprep.com/""
}; Yahoo fallback error: HTTP Error 429: Too Many Requests"
2026-03-20,,China,JD,fmp,sector_company,,,,,,Financial Modeling Prep stable historical-price-eod/full,provider_error,"HTTP 429: {
  ""Error Message"": ""Limit Reach . Please upgrade your plan or visit our documentation for more details at https://site.financialmodelingprep.com/""
}; Yahoo fallback error: HTTP Error 429: Too Many Requests"
2026-03-30,,China,JD,fmp,sector_company,,,,,,Financial Modeling Prep stable historical-price-eod/full,provider_error,"HTTP 429: {
  ""Error Message"": ""Limit Reach . Please upgrade your plan or visit our documentation for more details at https://site.financialmodelingprep.com/""
}; Yahoo fallback error: HTTP Error 429: Too Many Requests"
2026-04-10,,China,JD,fmp,sector_company,,,,,,Financial Modeling Prep stable historical-price-eod/full,provider_error,"HTTP 429: {
  ""Error Message"": ""Limit Reach . Please upgrade your plan or visit our documentation for more details at https://site.financialmodelingprep.com/""
}; Yahoo fallback error: HTTP Error 429: Too Many Requests"
2026-04-20,,China,JD,fmp,sector_company,,,,,,Financial Modeling Prep stable historical-price-eod/full,provider_error,"HTTP 429: {
  ""Error Message"": ""Limit Reach . Please upgrade your plan or visit our documentation for more details at https://site.financialmodelingprep.com/""
}; Yahoo fallback error: HTTP Error 429: Too Many Requests"
2026-04-30,,China,JD,fmp,sector_company,,,,,,Financial Modeling Prep stable historical-price-eod/full,provider_error,"HTTP 429: {
  ""Error Message"": ""Limit Reach . Please upgrade your plan or visit our documentation for more details at https://site.financialmodelingprep.com/""
}; Yahoo fallback error: HTTP Error 429: Too Many Requests"
2026-05-10,,China,JD,fmp,sector_company,,,,,,Financial Modeling Prep stable historical-price-eod/full,provider_error,"HTTP 429: {
  ""Error Message"": ""Limit Reach . Please upgrade your plan or visit our documentation for more details at https://site.financialmodelingprep.com/""
}; Yahoo fallback error: HTTP Error 429: Too Many Requests"
2026-05-20,,China,JD,fmp,sector_company,,,,,,Financial Modeling Prep stable historical-price-eod/full,provider_error,"HTTP 429: {
  ""Error Message"": ""Limit Reach . Please upgrade your plan or visit our documentation for more details at https://site.financialmodelingprep.com/""
}; Yahoo fallback error: HTTP Error 429: Too Many Requests"
2026-05-30,,China,JD,fmp,sector_company,,,,,,Financial Modeling Prep stable historical-price-eod/full,provider_error,"HTTP 429: {
  ""Error Message"": ""Limit Reach . Please upgrade your plan or visit our documentation for more details at https://site.financialmodelingprep.com/""
}; Yahoo fallback error: HTTP Error 429: Too Many Requests"
2026-02-28,,China,PDD,fmp,sector_company,,,,,,Financial Modeling Prep stable historical-price-eod/full,provider_error,"HTTP 429: {
  ""Error Message"": ""Limit Reach . Please upgrade your plan or visit our documentation for more details at https://site.financialmodelingprep.com/""
}; Yahoo fallback error: HTTP Error 429: Too Many Requests"
2026-03-10,,China,PDD,fmp,sector_company,,,,,,Financial Modeling Prep stable historical-price-eod/full,provider_error,"HTTP 429: {
  ""Error Message"": ""Limit Reach . Please upgrade your plan or visit our documentation for more details at https://site.financialmodelingprep.com/""
}; Yahoo fallback error: HTTP Error 429: Too Many Requests"
2026-03-20,,China,PDD,fmp,sector_company,,,,,,Financial Modeling Prep stable historical-price-eod/full,provider_error,"HTTP 429: {
  ""Error Message"": ""Limit Reach . Please upgrade your plan or visit our documentation for more details at https://site.financialmodelingprep.com/""
}; Yahoo fallback error: HTTP Error 429: Too Many Requests"
2026-03-30,,China,PDD,fmp,sector_company,,,,,,Financial Modeling Prep stable historical-price-eod/full,provider_error,"HTTP 429: {
  ""Error Message"": ""Limit Reach . Please upgrade your plan or visit our documentation for more details at https://site.financialmodelingprep.com/""
}; Yahoo fallback error: HTTP Error 429: Too Many Requests"
2026-04-10,,China,PDD,fmp,sector_company,,,,,,Financial Modeling Prep stable historical-price-eod/full,provider_error,"HTTP 429: {
  ""Error Message"": ""Limit Reach . Please upgrade your plan or visit our documentation for more details at https://site.financialmodelingprep.com/""
}; Yahoo fallback error: HTTP Error 429: Too Many Requests"
2026-04-20,,China,PDD,fmp,sector_company,,,,,,Financial Modeling Prep stable historical-price-eod/full,provider_error,"HTTP 429: {
  ""Error Message"": ""Limit Reach . Please upgrade your plan or visit our documentation for more details at https://site.financialmodelingprep.com/""
}; Yahoo fallback error: HTTP Error 429: Too Many Requests"
2026-04-30,,China,PDD,fmp,sector_company,,,,,,Financial Modeling Prep stable historical-price-eod/full,provider_error,"HTTP 429: {
  ""Error Message"": ""Limit Reach . Please upgrade your plan or visit our documentation for more details at https://site.financialmodelingprep.com/""
}; Yahoo fallback error: HTTP Error 429: Too Many Requests"
2026-05-10,,China,PDD,fmp,sector_company,,,,,,Financial Modeling Prep stable historical-price-eod/full,provider_error,"HTTP 429: {
  ""Error Message"": ""Limit Reach . Please upgrade your plan or visit our documentation for more details at https://site.financialmodelingprep.com/""
}; Yahoo fallback error: HTTP Error 429: Too Many Requests"
2026-05-20,,China,PDD,fmp,sector_company,,,,,,Financial Modeling Prep stable historical-price-eod/full,provider_error,"HTTP 429: {
  ""Error Message"": ""Limit Reach . Please upgrade your plan or visit our documentation for more details at https://site.financialmodelingprep.com/""
}; Yahoo fallback error: HTTP Error 429: Too Many Requests"
2026-05-30,,China,PDD,fmp,sector_company,,,,,,Financial Modeling Prep stable historical-price-eod/full,provider_error,"HTTP 429: {
  ""Error Message"": ""Limit Reach . Please upgrade your plan or visit our documentation for more details at https://site.financialmodelingprep.com/""
}; Yahoo fallback error: HTTP Error 429: Too Many Requests"
2026-02-28,,Commodities,ALB,fmp,sector_company,,,,,,Financial Modeling Prep stable historical-price-eod/full,provider_error,"HTTP 429: {
  ""Error Message"": ""Limit Reach . Please upgrade your plan or visit our documentation for more details at https://site.financialmodelingprep.com/""
}; Yahoo fallback error: HTTP Error 429: Too Many Requests"
2026-03-10,,Commodities,ALB,fmp,sector_company,,,,,,Financial Modeling Prep stable historical-price-eod/full,provider_error,"HTTP 429: {
  ""Error Message"": ""Limit Reach . Please upgrade your plan or visit our documentation for more details at https://site.financialmodelingprep.com/""
}; Yahoo fallback error: HTTP Error 429: Too Many Requests"
2026-03-20,,Commodities,ALB,fmp,sector_company,,,,,,Financial Modeling Prep stable historical-price-eod/full,provider_error,"HTTP 429: {
  ""Error Message"": ""Limit Reach . Please upgrade your plan or visit our documentation for more details at https://site.financialmodelingprep.com/""
}; Yahoo fallback error: HTTP Error 429: Too Many Requests"
2026-03-30,,Commodities,ALB,fmp,sector_company,,,,,,Financial Modeling Prep stable historical-price-eod/full,provider_error,"HTTP 429: {
  ""Error Message"": ""Limit Reach . Please upgrade your plan or visit our documentation for more details at https://site.financialmodelingprep.com/""
}; Yahoo fallback error: HTTP Error 429: Too Many Requests"
2026-04-10,,Commodities,ALB,fmp,sector_company,,,,,,Financial Modeling Prep stable historical-price-eod/full,provider_error,"HTTP 429: {
  ""Error Message"": ""Limit Reach . Please upgrade your plan or visit our documentation for more details at https://site.financialmodelingprep.com/""
}; Yahoo fallback error: HTTP Error 429: Too Many Requests"
2026-04-20,,Commodities,ALB,fmp,sector_company,,,,,,Financial Modeling Prep stable historical-price-eod/full,provider_error,"HTTP 429: {
  ""Error Message"": ""Limit Reach . Please upgrade your plan or visit our documentation for more details at https://site.financialmodelingprep.com/""
}; Yahoo fallback error: HTTP Error 429: Too Many Requests"
2026-04-30,,Commodities,ALB,fmp,sector_company,,,,,,Financial Modeling Prep stable historical-price-eod/full,provider_error,"HTTP 429: {
  ""Error Message"": ""Limit Reach . Please upgrade your plan or visit our documentation for more details at https://site.financialmodelingprep.com/""
}; Yahoo fallback error: HTTP Error 429: Too Many Requests"
2026-05-10,,Commodities,ALB,fmp,sector_company,,,,,,Financial Modeling Prep stable historical-price-eod/full,provider_error,"HTTP 429: {
  ""Error Message"": ""Limit Reach . Please upgrade your plan or visit our documentation for more details at https://site.financialmodelingprep.com/""
}; Yahoo fallback error: HTTP Error 429: Too Many Requests"
2026-05-20,,Commodities,ALB,fmp,sector_company,,,,,,Financial Modeling Prep stable historical-price-eod/full,provider_error,"HTTP 429: {
  ""Error Message"": ""Limit Reach . Please upgrade your plan or visit our documentation for more details at https://site.financialmodelingprep.com/""
}; Yahoo fallback error: HTTP Error 429: Too Many Requests"
2026-05-30,,Commodities,ALB,fmp,sector_company,,,,,,Financial Modeling Prep stable historical-price-eod/full,provider_error,"HTTP 429: {
  ""Error Message"": ""Limit Reach . Please upgrade your plan or visit our documentation for more details at https://site.financialmodelingprep.com/""
}; Yahoo fallback error: HTTP Error 429: Too Many Requests"
2026-02-28,,Commodities,BHP,fmp,sector_company,,,,,,Financial Modeling Prep stable historical-price-eod/full,provider_error,"HTTP 429: {
  ""Error Message"": ""Limit Reach . Please upgrade your plan or visit our documentation for more details at https://site.financialmodelingprep.com/""
}; Yahoo fallback error: HTTP Error 429: Too Many Requests"
2026-03-10,,Commodities,BHP,fmp,sector_company,,,,,,Financial Modeling Prep stable historical-price-eod/full,provider_error,"HTTP 429: {
  ""Error Message"": ""Limit Reach . Please upgrade your plan or visit our documentation for more details at https://site.financialmodelingprep.com/""
}; Yahoo fallback error: HTTP Error 429: Too Many Requests"
2026-03-20,,Commodities,BHP,fmp,sector_company,,,,,,Financial Modeling Prep stable historical-price-eod/full,provider_error,"HTTP 429: {
  ""Error Message"": ""Limit Reach . Please upgrade your plan or visit our documentation for more details at https://site.financialmodelingprep.com/""
}; Yahoo fallback error: HTTP Error 429: Too Many Requests"
2026-03-30,,Commodities,BHP,fmp,sector_company,,,,,,Financial Modeling Prep stable historical-price-eod/full,provider_error,"HTTP 429: {
  ""Error Message"": ""Limit Reach . Please upgrade your plan or visit our documentation for more details at https://site.financialmodelingprep.com/""
}; Yahoo fallback error: HTTP Error 429: Too Many Requests"
2026-04-10,,Commodities,BHP,fmp,sector_company,,,,,,Financial Modeling Prep stable historical-price-eod/full,provider_error,"HTTP 429: {
  ""Error Message"": ""Limit Reach . Please upgrade your plan or visit our documentation for more details at https://site.financialmodelingprep.com/""
}; Yahoo fallback error: HTTP Error 429: Too Many Requests"
2026-04-20,,Commodities,BHP,fmp,sector_company,,,,,,Financial Modeling Prep stable historical-price-eod/full,provider_error,"HTTP 429: {
  ""Error Message"": ""Limit Reach . Please upgrade your plan or visit our documentation for more details at https://site.financialmodelingprep.com/""
}; Yahoo fallback error: HTTP Error 429: Too Many Requests"
2026-04-30,,Commodities,BHP,fmp,sector_company,,,,,,Financial Modeling Prep stable historical-price-eod/full,provider_error,"HTTP 429: {
  ""Error Message"": ""Limit Reach . Please upgrade your plan or visit our documentation for more details at https://site.financialmodelingprep.com/""
}; Yahoo fallback error: HTTP Error 429: Too Many Requests"
2026-05-10,,Commodities,BHP,fmp,sector_company,,,,,,Financial Modeling Prep stable historical-price-eod/full,provider_error,"HTTP 429: {
  ""Error Message"": ""Limit Reach . Please upgrade your plan or visit our documentation for more details at https://site.financialmodelingprep.com/""
}; Yahoo fallback error: HTTP Error 429: Too Many Requests"
2026-05-20,,Commodities,BHP,fmp,sector_company,,,,,,Financial Modeling Prep stable historical-price-eod/full,provider_error,"HTTP 429: {
  ""Error Message"": ""Limit Reach . Please upgrade your plan or visit our documentation for more details at https://site.financialmodelingprep.com/""
}; Yahoo fallback error: HTTP Error 429: Too Many Requests"
2026-05-30,,Commodities,BHP,fmp,sector_company,,,,,,Financial Modeling Prep stable historical-price-eod/full,provider_error,"HTTP 429: {
  ""Error Message"": ""Limit Reach . Please upgrade your plan or visit our documentation for more details at https://site.financialmodelingprep.com/""
}; Yahoo fallback error: HTTP Error 429: Too Many Requests"
2026-02-28,,Commodities,FCX,fmp,sector_company,,,,,,Financial Modeling Prep stable historical-price-eod/full,provider_error,"HTTP 429: {
  ""Error Message"": ""Limit Reach . Please upgrade your plan or visit our documentation for more details at https://site.financialmodelingprep.com/""
}; Yahoo fallback error: HTTP Error 429: Too Many Requests"
2026-03-10,,Commodities,FCX,fmp,sector_company,,,,,,Financial Modeling Prep stable historical-price-eod/full,provider_error,"HTTP 429: {
  ""Error Message"": ""Limit Reach . Please upgrade your plan or visit our documentation for more details at https://site.financialmodelingprep.com/""
}; Yahoo fallback error: HTTP Error 429: Too Many Requests"
2026-03-20,,Commodities,FCX,fmp,sector_company,,,,,,Financial Modeling Prep stable historical-price-eod/full,provider_error,"HTTP 429: {
  ""Error Message"": ""Limit Reach . Please upgrade your plan or visit our documentation for more details at https://site.financialmodelingprep.com/""
}; Yahoo fallback error: HTTP Error 429: Too Many Requests"
2026-03-30,,Commodities,FCX,fmp,sector_company,,,,,,Financial Modeling Prep stable historical-price-eod/full,provider_error,"HTTP 429: {
  ""Error Message"": ""Limit Reach . Please upgrade your plan or visit our documentation for more details at https://site.financialmodelingprep.com/""
}; Yahoo fallback error: HTTP Error 429: Too Many Requests"
2026-04-10,,Commodities,FCX,fmp,sector_company,,,,,,Financial Modeling Prep stable historical-price-eod/full,provider_error,"HTTP 429: {
  ""Error Message"": ""Limit Reach . Please upgrade your plan or visit our documentation for more details at https://site.financialmodelingprep.com/""
}; Yahoo fallback error: HTTP Error 429: Too Many Requests"
2026-04-20,,Commodities,FCX,fmp,sector_company,,,,,,Financial Modeling Prep stable historical-price-eod/full,provider_error,"HTTP 429: {
  ""Error Message"": ""Limit Reach . Please upgrade your plan or visit our documentation for more details at https://site.financialmodelingprep.com/""
}; Yahoo fallback error: HTTP Error 429: Too Many Requests"
2026-04-30,,Commodities,FCX,fmp,sector_company,,,,,,Financial Modeling Prep stable historical-price-eod/full,provider_error,"HTTP 429: {
  ""Error Message"": ""Limit Reach . Please upgrade your plan or visit our documentation for more details at https://site.financialmodelingprep.com/""
}; Yahoo fallback error: HTTP Error 429: Too Many Requests"
2026-05-10,,Commodities,FCX,fmp,sector_company,,,,,,Financial Modeling Prep stable historical-price-eod/full,provider_error,"HTTP 429: {
  ""Error Message"": ""Limit Reach . Please upgrade your plan or visit our documentation for more details at https://site.financialmodelingprep.com/""
}; Yahoo fallback error: HTTP Error 429: Too Many Requests"
2026-05-20,,Commodities,FCX,fmp,sector_company,,,,,,Financial Modeling Prep stable historical-price-eod/full,provider_error,"HTTP 429: {
  ""Error Message"": ""Limit Reach . Please upgrade your plan or visit our documentation for more details at https://site.financialmodelingprep.com/""
}; Yahoo fallback error: HTTP Error 429: Too Many Requests"
2026-05-30,,Commodities,FCX,fmp,sector_company,,,,,,Financial Modeling Prep stable historical-price-eod/full,provider_error,"HTTP 429: {
  ""Error Message"": ""Limit Reach . Please upgrade your plan or visit our documentation for more details at https://site.financialmodelingprep.com/""
}; Yahoo fallback error: HTTP Error 429: Too Many Requests"
2026-02-28,,Commodities,GLNCY,fmp,sector_company,,,,,,Financial Modeling Prep stable historical-price-eod/full,provider_error,"HTTP 429: {
  ""Error Message"": ""Limit Reach . Please upgrade your plan or visit our documentation for more details at https://site.financialmodelingprep.com/""
}; Yahoo fallback error: HTTP Error 429: Too Many Requests"
2026-03-10,,Commodities,GLNCY,fmp,sector_company,,,,,,Financial Modeling Prep stable historical-price-eod/full,provider_error,"HTTP 429: {
  ""Error Message"": ""Limit Reach . Please upgrade your plan or visit our documentation for more details at https://site.financialmodelingprep.com/""
}; Yahoo fallback error: HTTP Error 429: Too Many Requests"
2026-03-20,,Commodities,GLNCY,fmp,sector_company,,,,,,Financial Modeling Prep stable historical-price-eod/full,provider_error,"HTTP 429: {
  ""Error Message"": ""Limit Reach . Please upgrade your plan or visit our documentation for more details at https://site.financialmodelingprep.com/""
}; Yahoo fallback error: HTTP Error 429: Too Many Requests"
2026-03-30,,Commodities,GLNCY,fmp,sector_company,,,,,,Financial Modeling Prep stable historical-price-eod/full,provider_error,"HTTP 429: {
  ""Error Message"": ""Limit Reach . Please upgrade your plan or visit our documentation for more details at https://site.financialmodelingprep.com/""
}; Yahoo fallback error: HTTP Error 429: Too Many Requests"
2026-04-10,,Commodities,GLNCY,fmp,sector_company,,,,,,Financial Modeling Prep stable historical-price-eod/full,provider_error,"HTTP 429: {
  ""Error Message"": ""Limit Reach . Please upgrade your plan or visit our documentation for more details at https://site.financialmodelingprep.com/""
}; Yahoo fallback error: HTTP Error 429: Too Many Requests"
2026-04-20,,Commodities,GLNCY,fmp,sector_company,,,,,,Financial Modeling Prep stable historical-price-eod/full,provider_error,"HTTP 429: {
  ""Error Message"": ""Limit Reach . Please upgrade your plan or visit our documentation for more details at https://site.financialmodelingprep.com/""
}; Yahoo fallback error: HTTP Error 429: Too Many Requests"
2026-04-30,,Commodities,GLNCY,fmp,sector_company,,,,,,Financial Modeling Prep stable historical-price-eod/full,provider_error,"HTTP 429: {
  ""Error Message"": ""Limit Reach . Please upgrade your plan or visit our documentation for more details at https://site.financialmodelingprep.com/""
}; Yahoo fallback error: HTTP Error 429: Too Many Requests"
2026-05-10,,Commodities,GLNCY,fmp,sector_company,,,,,,Financial Modeling Prep stable historical-price-eod/full,provider_error,"HTTP 429: {
  ""Error Message"": ""Limit Reach . Please upgrade your plan or visit our documentation for more details at https://site.financialmodelingprep.com/""
}; Yahoo fallback error: HTTP Error 429: Too Many Requests"
2026-05-20,,Commodities,GLNCY,fmp,sector_company,,,,,,Financial Modeling Prep stable historical-price-eod/full,provider_error,"HTTP 429: {
  ""Error Message"": ""Limit Reach . Please upgrade your plan or visit our documentation for more details at https://site.financialmodelingprep.com/""
}; Yahoo fallback error: HTTP Error 429: Too Many Requests"
2026-05-30,,Commodities,GLNCY,fmp,sector_company,,,,,,Financial Modeling Prep stable historical-price-eod/full,provider_error,"HTTP 429: {
  ""Error Message"": ""Limit Reach . Please upgrade your plan or visit our documentation for more details at https://site.financialmodelingprep.com/""
}; Yahoo fallback error: HTTP Error 429: Too Many Requests"
2026-02-28,,Commodities,GOLD,fmp,sector_company,,,,,,Financial Modeling Prep stable historical-price-eod/full,provider_error,"HTTP 429: {
  ""Error Message"": ""Limit Reach . Please upgrade your plan or visit our documentation for more details at https://site.financialmodelingprep.com/""
}; Yahoo fallback error: HTTP Error 429: Too Many Requests"
2026-03-10,,Commodities,GOLD,fmp,sector_company,,,,,,Financial Modeling Prep stable historical-price-eod/full,provider_error,"HTTP 429: {
  ""Error Message"": ""Limit Reach . Please upgrade your plan or visit our documentation for more details at https://site.financialmodelingprep.com/""
}; Yahoo fallback error: HTTP Error 429: Too Many Requests"
2026-03-20,,Commodities,GOLD,fmp,sector_company,,,,,,Financial Modeling Prep stable historical-price-eod/full,provider_error,"HTTP 429: {
  ""Error Message"": ""Limit Reach . Please upgrade your plan or visit our documentation for more details at https://site.financialmodelingprep.com/""
}; Yahoo fallback error: HTTP Error 429: Too Many Requests"
2026-03-30,,Commodities,GOLD,fmp,sector_company,,,,,,Financial Modeling Prep stable historical-price-eod/full,provider_error,"HTTP 429: {
  ""Error Message"": ""Limit Reach . Please upgrade your plan or visit our documentation for more details at https://site.financialmodelingprep.com/""
}; Yahoo fallback error: HTTP Error 429: Too Many Requests"
2026-04-10,,Commodities,GOLD,fmp,sector_company,,,,,,Financial Modeling Prep stable historical-price-eod/full,provider_error,"HTTP 429: {
  ""Error Message"": ""Limit Reach . Please upgrade your plan or visit our documentation for more details at https://site.financialmodelingprep.com/""
}; Yahoo fallback error: HTTP Error 429: Too Many Requests"
2026-04-20,,Commodities,GOLD,fmp,sector_company,,,,,,Financial Modeling Prep stable historical-price-eod/full,provider_error,"HTTP 429: {
  ""Error Message"": ""Limit Reach . Please upgrade your plan or visit our documentation for more details at https://site.financialmodelingprep.com/""
}; Yahoo fallback error: HTTP Error 429: Too Many Requests"
2026-04-30,,Commodities,GOLD,fmp,sector_company,,,,,,Financial Modeling Prep stable historical-price-eod/full,provider_error,"HTTP 429: {
  ""Error Message"": ""Limit Reach . Please upgrade your plan or visit our documentation for more details at https://site.financialmodelingprep.com/""
}; Yahoo fallback error: HTTP Error 429: Too Many Requests"
2026-05-10,,Commodities,GOLD,fmp,sector_company,,,,,,Financial Modeling Prep stable historical-price-eod/full,provider_error,"HTTP 429: {
  ""Error Message"": ""Limit Reach . Please upgrade your plan or visit our documentation for more details at https://site.financialmodelingprep.com/""
}; Yahoo fallback error: HTTP Error 429: Too Many Requests"
2026-05-20,,Commodities,GOLD,fmp,sector_company,,,,,,Financial Modeling Prep stable historical-price-eod/full,provider_error,"HTTP 429: {
  ""Error Message"": ""Limit Reach . Please upgrade your plan or visit our documentation for more details at https://site.financialmodelingprep.com/""
}; Yahoo fallback error: HTTP Error 429: Too Many Requests"
2026-05-30,,Commodities,GOLD,fmp,sector_company,,,,,,Financial Modeling Prep stable historical-price-eod/full,provider_error,"HTTP 429: {
  ""Error Message"": ""Limit Reach . Please upgrade your plan or visit our documentation for more details at https://site.financialmodelingprep.com/""
}; Yahoo fallback error: HTTP Error 429: Too Many Requests"
2026-02-28,,Commodities,NEM,fmp,sector_company,,,,,,Financial Modeling Prep stable historical-price-eod/full,provider_error,"HTTP 429: {
  ""Error Message"": ""Limit Reach . Please upgrade your plan or visit our documentation for more details at https://site.financialmodelingprep.com/""
}; Yahoo fallback error: HTTP Error 429: Too Many Requests"
2026-03-10,,Commodities,NEM,fmp,sector_company,,,,,,Financial Modeling Prep stable historical-price-eod/full,provider_error,"HTTP 429: {
  ""Error Message"": ""Limit Reach . Please upgrade your plan or visit our documentation for more details at https://site.financialmodelingprep.com/""
}; Yahoo fallback error: HTTP Error 429: Too Many Requests"
2026-03-20,,Commodities,NEM,fmp,sector_company,,,,,,Financial Modeling Prep stable historical-price-eod/full,provider_error,"HTTP 429: {
  ""Error Message"": ""Limit Reach . Please upgrade your plan or visit our documentation for more details at https://site.financialmodelingprep.com/""
}; Yahoo fallback error: HTTP Error 429: Too Many Requests"
2026-03-30,,Commodities,NEM,fmp,sector_company,,,,,,Financial Modeling Prep stable historical-price-eod/full,provider_error,"HTTP 429: {
  ""Error Message"": ""Limit Reach . Please upgrade your plan or visit our documentation for more details at https://site.financialmodelingprep.com/""
}; Yahoo fallback error: HTTP Error 429: Too Many Requests"
2026-04-10,,Commodities,NEM,fmp,sector_company,,,,,,Financial Modeling Prep stable historical-price-eod/full,provider_error,"HTTP 429: {
  ""Error Message"": ""Limit Reach . Please upgrade your plan or visit our documentation for more details at https://site.financialmodelingprep.com/""
}; Yahoo fallback error: HTTP Error 429: Too Many Requests"
2026-04-20,,Commodities,NEM,fmp,sector_company,,,,,,Financial Modeling Prep stable historical-price-eod/full,provider_error,"HTTP 429: {
  ""Error Message"": ""Limit Reach . Please upgrade your plan or visit our documentation for more details at https://site.financialmodelingprep.com/""
}; Yahoo fallback error: HTTP Error 429: Too Many Requests"
2026-04-30,,Commodities,NEM,fmp,sector_company,,,,,,Financial Modeling Prep stable historical-price-eod/full,provider_error,"HTTP 429: {
  ""Error Message"": ""Limit Reach . Please upgrade your plan or visit our documentation for more details at https://site.financialmodelingprep.com/""
}; Yahoo fallback error: HTTP Error 429: Too Many Requests"
2026-05-10,,Commodities,NEM,fmp,sector_company,,,,,,Financial Modeling Prep stable historical-price-eod/full,provider_error,"HTTP 429: {
  ""Error Message"": ""Limit Reach . Please upgrade your plan or visit our documentation for more details at https://site.financialmodelingprep.com/""
}; Yahoo fallback error: HTTP Error 429: Too Many Requests"
2026-05-20,,Commodities,NEM,fmp,sector_company,,,,,,Financial Modeling Prep stable historical-price-eod/full,provider_error,"HTTP 429: {
  ""Error Message"": ""Limit Reach . Please upgrade your plan or visit our documentation for more details at https://site.financialmodelingprep.com/""
}; Yahoo fallback error: HTTP Error 429: Too Many Requests"
2026-05-30,,Commodities,NEM,fmp,sector_company,,,,,,Financial Modeling Prep stable historical-price-eod/full,provider_error,"HTTP 429: {
  ""Error Message"": ""Limit Reach . Please upgrade your plan or visit our documentation for more details at https://site.financialmodelingprep.com/""
}; Yahoo fallback error: HTTP Error 429: Too Many Requests"
2026-02-28,,Commodities,RIO,fmp,sector_company,,,,,,Financial Modeling Prep stable historical-price-eod/full,provider_error,"HTTP 429: {
  ""Error Message"": ""Limit Reach . Please upgrade your plan or visit our documentation for more details at https://site.financialmodelingprep.com/""
}; Yahoo fallback error: HTTP Error 429: Too Many Requests"
2026-03-10,,Commodities,RIO,fmp,sector_company,,,,,,Financial Modeling Prep stable historical-price-eod/full,provider_error,"HTTP 429: {
  ""Error Message"": ""Limit Reach . Please upgrade your plan or visit our documentation for more details at https://site.financialmodelingprep.com/""
}; Yahoo fallback error: HTTP Error 429: Too Many Requests"
2026-03-20,,Commodities,RIO,fmp,sector_company,,,,,,Financial Modeling Prep stable historical-price-eod/full,provider_error,"HTTP 429: {
  ""Error Message"": ""Limit Reach . Please upgrade your plan or visit our documentation for more details at https://site.financialmodelingprep.com/""
}; Yahoo fallback error: HTTP Error 429: Too Many Requests"
2026-03-30,,Commodities,RIO,fmp,sector_company,,,,,,Financial Modeling Prep stable historical-price-eod/full,provider_error,"HTTP 429: {
  ""Error Message"": ""Limit Reach . Please upgrade your plan or visit our documentation for more details at https://site.financialmodelingprep.com/""
}; Yahoo fallback error: HTTP Error 429: Too Many Requests"
2026-04-10,,Commodities,RIO,fmp,sector_company,,,,,,Financial Modeling Prep stable historical-price-eod/full,provider_error,"HTTP 429: {
  ""Error Message"": ""Limit Reach . Please upgrade your plan or visit our documentation for more details at https://site.financialmodelingprep.com/""
}; Yahoo fallback error: HTTP Error 429: Too Many Requests"
2026-04-20,,Commodities,RIO,fmp,sector_company,,,,,,Financial Modeling Prep stable historical-price-eod/full,provider_error,"HTTP 429: {
  ""Error Message"": ""Limit Reach . Please upgrade your plan or visit our documentation for more details at https://site.financialmodelingprep.com/""
}; Yahoo fallback error: HTTP Error 429: Too Many Requests"
2026-04-30,,Commodities,RIO,fmp,sector_company,,,,,,Financial Modeling Prep stable historical-price-eod/full,provider_error,"HTTP 429: {
  ""Error Message"": ""Limit Reach . Please upgrade your plan or visit our documentation for more details at https://site.financialmodelingprep.com/""
}; Yahoo fallback error: HTTP Error 429: Too Many Requests"
2026-05-10,,Commodities,RIO,fmp,sector_company,,,,,,Financial Modeling Prep stable historical-price-eod/full,provider_error,"HTTP 429: {
  ""Error Message"": ""Limit Reach . Please upgrade your plan or visit our documentation for more details at https://site.financialmodelingprep.com/""
}; Yahoo fallback error: HTTP Error 429: Too Many Requests"
2026-05-20,,Commodities,RIO,fmp,sector_company,,,,,,Financial Modeling Prep stable historical-price-eod/full,provider_error,"HTTP 429: {
  ""Error Message"": ""Limit Reach . Please upgrade your plan or visit our documentation for more details at https://site.financialmodelingprep.com/""
}; Yahoo fallback error: HTTP Error 429: Too Many Requests"
2026-05-30,,Commodities,RIO,fmp,sector_company,,,,,,Financial Modeling Prep stable historical-price-eod/full,provider_error,"HTTP 429: {
  ""Error Message"": ""Limit Reach . Please upgrade your plan or visit our documentation for more details at https://site.financialmodelingprep.com/""
}; Yahoo fallback error: HTTP Error 429: Too Many Requests"
2026-02-28,,Commodities,SCCO,fmp,sector_company,,,,,,Financial Modeling Prep stable historical-price-eod/full,provider_error,"HTTP 429: {
  ""Error Message"": ""Limit Reach . Please upgrade your plan or visit our documentation for more details at https://site.financialmodelingprep.com/""
}; Yahoo fallback error: HTTP Error 429: Too Many Requests"
2026-03-10,,Commodities,SCCO,fmp,sector_company,,,,,,Financial Modeling Prep stable historical-price-eod/full,provider_error,"HTTP 429: {
  ""Error Message"": ""Limit Reach . Please upgrade your plan or visit our documentation for more details at https://site.financialmodelingprep.com/""
}; Yahoo fallback error: HTTP Error 429: Too Many Requests"
2026-03-20,,Commodities,SCCO,fmp,sector_company,,,,,,Financial Modeling Prep stable historical-price-eod/full,provider_error,"HTTP 429: {
  ""Error Message"": ""Limit Reach . Please upgrade your plan or visit our documentation for more details at https://site.financialmodelingprep.com/""
}; Yahoo fallback error: HTTP Error 429: Too Many Requests"
2026-03-30,,Commodities,SCCO,fmp,sector_company,,,,,,Financial Modeling Prep stable historical-price-eod/full,provider_error,"HTTP 429: {
  ""Error Message"": ""Limit Reach . Please upgrade your plan or visit our documentation for more details at https://site.financialmodelingprep.com/""
}; Yahoo fallback error: HTTP Error 429: Too Many Requests"
2026-04-10,,Commodities,SCCO,fmp,sector_company,,,,,,Financial Modeling Prep stable historical-price-eod/full,provider_error,"HTTP 429: {
  ""Error Message"": ""Limit Reach . Please upgrade your plan or visit our documentation for more details at https://site.financialmodelingprep.com/""
}; Yahoo fallback error: HTTP Error 429: Too Many Requests"
2026-04-20,,Commodities,SCCO,fmp,sector_company,,,,,,Financial Modeling Prep stable historical-price-eod/full,provider_error,"HTTP 429: {
  ""Error Message"": ""Limit Reach . Please upgrade your plan or visit our documentation for more details at https://site.financialmodelingprep.com/""
}; Yahoo fallback error: HTTP Error 429: Too Many Requests"
2026-04-30,,Commodities,SCCO,fmp,sector_company,,,,,,Financial Modeling Prep stable historical-price-eod/full,provider_error,"HTTP 429: {
  ""Error Message"": ""Limit Reach . Please upgrade your plan or visit our documentation for more details at https://site.financialmodelingprep.com/""
}; Yahoo fallback error: HTTP Error 429: Too Many Requests"
2026-05-10,,Commodities,SCCO,fmp,sector_company,,,,,,Financial Modeling Prep stable historical-price-eod/full,provider_error,"HTTP 429: {
  ""Error Message"": ""Limit Reach . Please upgrade your plan or visit our documentation for more details at https://site.financialmodelingprep.com/""
}; Yahoo fallback error: HTTP Error 429: Too Many Requests"
2026-05-20,,Commodities,SCCO,fmp,sector_company,,,,,,Financial Modeling Prep stable historical-price-eod/full,provider_error,"HTTP 429: {
  ""Error Message"": ""Limit Reach . Please upgrade your plan or visit our documentation for more details at https://site.financialmodelingprep.com/""
}; Yahoo fallback error: HTTP Error 429: Too Many Requests"
2026-05-30,,Commodities,SCCO,fmp,sector_company,,,,,,Financial Modeling Prep stable historical-price-eod/full,provider_error,"HTTP 429: {
  ""Error Message"": ""Limit Reach . Please upgrade your plan or visit our documentation for more details at https://site.financialmodelingprep.com/""
}; Yahoo fallback error: HTTP Error 429: Too Many Requests"
2026-02-28,,Consumer Discretionary,AMZN,fmp,sector_company,,,,,,Financial Modeling Prep stable historical-price-eod/full,provider_error,"HTTP 429: {
  ""Error Message"": ""Limit Reach . Please upgrade your plan or visit our documentation for more details at https://site.financialmodelingprep.com/""
}; Yahoo fallback error: HTTP Error 429: Too Many Requests"
2026-03-10,,Consumer Discretionary,AMZN,fmp,sector_company,,,,,,Financial Modeling Prep stable historical-price-eod/full,provider_error,"HTTP 429: {
  ""Error Message"": ""Limit Reach . Please upgrade your plan or visit our documentation for more details at https://site.financialmodelingprep.com/""
}; Yahoo fallback error: HTTP Error 429: Too Many Requests"
2026-03-20,,Consumer Discretionary,AMZN,fmp,sector_company,,,,,,Financial Modeling Prep stable historical-price-eod/full,provider_error,"HTTP 429: {
  ""Error Message"": ""Limit Reach . Please upgrade your plan or visit our documentation for more details at https://site.financialmodelingprep.com/""
}; Yahoo fallback error: HTTP Error 429: Too Many Requests"
2026-03-30,,Consumer Discretionary,AMZN,fmp,sector_company,,,,,,Financial Modeling Prep stable historical-price-eod/full,provider_error,"HTTP 429: {
  ""Error Message"": ""Limit Reach . Please upgrade your plan or visit our documentation for more details at https://site.financialmodelingprep.com/""
}; Yahoo fallback error: HTTP Error 429: Too Many Requests"
2026-04-10,,Consumer Discretionary,AMZN,fmp,sector_company,,,,,,Financial Modeling Prep stable historical-price-eod/full,provider_error,"HTTP 429: {
  ""Error Message"": ""Limit Reach . Please upgrade your plan or visit our documentation for more details at https://site.financialmodelingprep.com/""
}; Yahoo fallback error: HTTP Error 429: Too Many Requests"
2026-04-20,,Consumer Discretionary,AMZN,fmp,sector_company,,,,,,Financial Modeling Prep stable historical-price-eod/full,provider_error,"HTTP 429: {
  ""Error Message"": ""Limit Reach . Please upgrade your plan or visit our documentation for more details at https://site.financialmodelingprep.com/""
}; Yahoo fallback error: HTTP Error 429: Too Many Requests"
2026-04-30,,Consumer Discretionary,AMZN,fmp,sector_company,,,,,,Financial Modeling Prep stable historical-price-eod/full,provider_error,"HTTP 429: {
  ""Error Message"": ""Limit Reach . Please upgrade your plan or visit our documentation for more details at https://site.financialmodelingprep.com/""
}; Yahoo fallback error: HTTP Error 429: Too Many Requests"
2026-05-10,,Consumer Discretionary,AMZN,fmp,sector_company,,,,,,Financial Modeling Prep stable historical-price-eod/full,provider_error,"HTTP 429: {
  ""Error Message"": ""Limit Reach . Please upgrade your plan or visit our documentation for more details at https://site.financialmodelingprep.com/""
}; Yahoo fallback error: HTTP Error 429: Too Many Requests"
2026-05-20,,Consumer Discretionary,AMZN,fmp,sector_company,,,,,,Financial Modeling Prep stable historical-price-eod/full,provider_error,"HTTP 429: {
  ""Error Message"": ""Limit Reach . Please upgrade your plan or visit our documentation for more details at https://site.financialmodelingprep.com/""
}; Yahoo fallback error: HTTP Error 429: Too Many Requests"
2026-05-30,,Consumer Discretionary,AMZN,fmp,sector_company,,,,,,Financial Modeling Prep stable historical-price-eod/full,provider_error,"HTTP 429: {
  ""Error Message"": ""Limit Reach . Please upgrade your plan or visit our documentation for more details at https://site.financialmodelingprep.com/""
}; Yahoo fallback error: HTTP Error 429: Too Many Requests"
2026-02-28,,Consumer Discretionary,HD,fmp,sector_company,,,,,,Financial Modeling Prep stable historical-price-eod/full,provider_error,"HTTP 429: {
  ""Error Message"": ""Limit Reach . Please upgrade your plan or visit our documentation for more details at https://site.financialmodelingprep.com/""
}; Yahoo fallback error: HTTP Error 429: Too Many Requests"
2026-03-10,,Consumer Discretionary,HD,fmp,sector_company,,,,,,Financial Modeling Prep stable historical-price-eod/full,provider_error,"HTTP 429: {
  ""Error Message"": ""Limit Reach . Please upgrade your plan or visit our documentation for more details at https://site.financialmodelingprep.com/""
}; Yahoo fallback error: HTTP Error 429: Too Many Requests"
2026-03-20,,Consumer Discretionary,HD,fmp,sector_company,,,,,,Financial Modeling Prep stable historical-price-eod/full,provider_error,"HTTP 429: {
  ""Error Message"": ""Limit Reach . Please upgrade your plan or visit our documentation for more details at https://site.financialmodelingprep.com/""
}; Yahoo fallback error: HTTP Error 429: Too Many Requests"
2026-03-30,,Consumer Discretionary,HD,fmp,sector_company,,,,,,Financial Modeling Prep stable historical-price-eod/full,provider_error,"HTTP 429: {
  ""Error Message"": ""Limit Reach . Please upgrade your plan or visit our documentation for more details at https://site.financialmodelingprep.com/""
}; Yahoo fallback error: HTTP Error 429: Too Many Requests"
2026-04-10,,Consumer Discretionary,HD,fmp,sector_company,,,,,,Financial Modeling Prep stable historical-price-eod/full,provider_error,"HTTP 429: {
  ""Error Message"": ""Limit Reach . Please upgrade your plan or visit our documentation for more details at https://site.financialmodelingprep.com/""
}; Yahoo fallback error: HTTP Error 429: Too Many Requests"
2026-04-20,,Consumer Discretionary,HD,fmp,sector_company,,,,,,Financial Modeling Prep stable historical-price-eod/full,provider_error,"HTTP 429: {
  ""Error Message"": ""Limit Reach . Please upgrade your plan or visit our documentation for more details at https://site.financialmodelingprep.com/""
}; Yahoo fallback error: HTTP Error 429: Too Many Requests"
2026-04-30,,Consumer Discretionary,HD,fmp,sector_company,,,,,,Financial Modeling Prep stable historical-price-eod/full,provider_error,"HTTP 429: {
  ""Error Message"": ""Limit Reach . Please upgrade your plan or visit our documentation for more details at https://site.financialmodelingprep.com/""
}; Yahoo fallback error: HTTP Error 429: Too Many Requests"
2026-05-10,,Consumer Discretionary,HD,fmp,sector_company,,,,,,Financial Modeling Prep stable historical-price-eod/full,provider_error,"HTTP 429: {
  ""Error Message"": ""Limit Reach . Please upgrade your plan or visit our documentation for more details at https://site.financialmodelingprep.com/""
}; Yahoo fallback error: HTTP Error 429: Too Many Requests"
2026-05-20,,Consumer Discretionary,HD,fmp,sector_company,,,,,,Financial Modeling Prep stable historical-price-eod/full,provider_error,"HTTP 429: {
  ""Error Message"": ""Limit Reach . Please upgrade your plan or visit our documentation for more details at https://site.financialmodelingprep.com/""
}; Yahoo fallback error: HTTP Error 429: Too Many Requests"
2026-05-30,,Consumer Discretionary,HD,fmp,sector_company,,,,,,Financial Modeling Prep stable historical-price-eod/full,provider_error,"HTTP 429: {
  ""Error Message"": ""Limit Reach . Please upgrade your plan or visit our documentation for more details at https://site.financialmodelingprep.com/""
}; Yahoo fallback error: HTTP Error 429: Too Many Requests"
2026-02-28,,Consumer Discretionary,LOW,fmp,sector_company,,,,,,Financial Modeling Prep stable historical-price-eod/full,provider_error,"HTTP 429: {
  ""Error Message"": ""Limit Reach . Please upgrade your plan or visit our documentation for more details at https://site.financialmodelingprep.com/""
}; Yahoo fallback error: HTTP Error 429: Too Many Requests"
2026-03-10,,Consumer Discretionary,LOW,fmp,sector_company,,,,,,Financial Modeling Prep stable historical-price-eod/full,provider_error,"HTTP 429: {
  ""Error Message"": ""Limit Reach . Please upgrade your plan or visit our documentation for more details at https://site.financialmodelingprep.com/""
}; Yahoo fallback error: HTTP Error 429: Too Many Requests"
2026-03-20,,Consumer Discretionary,LOW,fmp,sector_company,,,,,,Financial Modeling Prep stable historical-price-eod/full,provider_error,"HTTP 429: {
  ""Error Message"": ""Limit Reach . Please upgrade your plan or visit our documentation for more details at https://site.financialmodelingprep.com/""
}; Yahoo fallback error: HTTP Error 429: Too Many Requests"
2026-03-30,,Consumer Discretionary,LOW,fmp,sector_company,,,,,,Financial Modeling Prep stable historical-price-eod/full,provider_error,"HTTP 429: {
  ""Error Message"": ""Limit Reach . Please upgrade your plan or visit our documentation for more details at https://site.financialmodelingprep.com/""
}; Yahoo fallback error: HTTP Error 429: Too Many Requests"
2026-04-10,,Consumer Discretionary,LOW,fmp,sector_company,,,,,,Financial Modeling Prep stable historical-price-eod/full,provider_error,"HTTP 429: {
  ""Error Message"": ""Limit Reach . Please upgrade your plan or visit our documentation for more details at https://site.financialmodelingprep.com/""
}; Yahoo fallback error: HTTP Error 429: Too Many Requests"
2026-04-20,,Consumer Discretionary,LOW,fmp,sector_company,,,,,,Financial Modeling Prep stable historical-price-eod/full,provider_error,"HTTP 429: {
  ""Error Message"": ""Limit Reach . Please upgrade your plan or visit our documentation for more details at https://site.financialmodelingprep.com/""
}; Yahoo fallback error: HTTP Error 429: Too Many Requests"
2026-04-30,,Consumer Discretionary,LOW,fmp,sector_company,,,,,,Financial Modeling Prep stable historical-price-eod/full,provider_error,"HTTP 429: {
  ""Error Message"": ""Limit Reach . Please upgrade your plan or visit our documentation for more details at https://site.financialmodelingprep.com/""
}; Yahoo fallback error: HTTP Error 429: Too Many Requests"
2026-05-10,,Consumer Discretionary,LOW,fmp,sector_company,,,,,,Financial Modeling Prep stable historical-price-eod/full,provider_error,"HTTP 429: {
  ""Error Message"": ""Limit Reach . Please upgrade your plan or visit our documentation for more details at https://site.financialmodelingprep.com/""
}; Yahoo fallback error: HTTP Error 429: Too Many Requests"
2026-05-20,,Consumer Discretionary,LOW,fmp,sector_company,,,,,,Financial Modeling Prep stable historical-price-eod/full,provider_error,"HTTP 429: {
  ""Error Message"": ""Limit Reach . Please upgrade your plan or visit our documentation for more details at https://site.financialmodelingprep.com/""
}; Yahoo fallback error: HTTP Error 429: Too Many Requests"
2026-05-30,,Consumer Discretionary,LOW,fmp,sector_company,,,,,,Financial Modeling Prep stable historical-price-eod/full,provider_error,"HTTP 429: {
  ""Error Message"": ""Limit Reach . Please upgrade your plan or visit our documentation for more details at https://site.financialmodelingprep.com/""
}; Yahoo fallback error: HTTP Error 429: Too Many Requests"
2026-02-28,,Consumer Discretionary,LULU,fmp,sector_company,,,,,,Financial Modeling Prep stable historical-price-eod/full,provider_error,"HTTP 429: {
  ""Error Message"": ""Limit Reach . Please upgrade your plan or visit our documentation for more details at https://site.financialmodelingprep.com/""
}; Yahoo fallback error: HTTP Error 429: Too Many Requests"
2026-03-10,,Consumer Discretionary,LULU,fmp,sector_company,,,,,,Financial Modeling Prep stable historical-price-eod/full,provider_error,"HTTP 429: {
  ""Error Message"": ""Limit Reach . Please upgrade your plan or visit our documentation for more details at https://site.financialmodelingprep.com/""
}; Yahoo fallback error: HTTP Error 429: Too Many Requests"
2026-03-20,,Consumer Discretionary,LULU,fmp,sector_company,,,,,,Financial Modeling Prep stable historical-price-eod/full,provider_error,"HTTP 429: {
  ""Error Message"": ""Limit Reach . Please upgrade your plan or visit our documentation for more details at https://site.financialmodelingprep.com/""
}; Yahoo fallback error: HTTP Error 429: Too Many Requests"
2026-03-30,,Consumer Discretionary,LULU,fmp,sector_company,,,,,,Financial Modeling Prep stable historical-price-eod/full,provider_error,"HTTP 429: {
  ""Error Message"": ""Limit Reach . Please upgrade your plan or visit our documentation for more details at https://site.financialmodelingprep.com/""
}; Yahoo fallback error: HTTP Error 429: Too Many Requests"
2026-04-10,,Consumer Discretionary,LULU,fmp,sector_company,,,,,,Financial Modeling Prep stable historical-price-eod/full,provider_error,"HTTP 429: {
  ""Error Message"": ""Limit Reach . Please upgrade your plan or visit our documentation for more details at https://site.financialmodelingprep.com/""
}; Yahoo fallback error: HTTP Error 429: Too Many Requests"
2026-04-20,,Consumer Discretionary,LULU,fmp,sector_company,,,,,,Financial Modeling Prep stable historical-price-eod/full,provider_error,"HTTP 429: {
  ""Error Message"": ""Limit Reach . Please upgrade your plan or visit our documentation for more details at https://site.financialmodelingprep.com/""
}; Yahoo fallback error: HTTP Error 429: Too Many Requests"
2026-04-30,,Consumer Discretionary,LULU,fmp,sector_company,,,,,,Financial Modeling Prep stable historical-price-eod/full,provider_error,"HTTP 429: {
  ""Error Message"": ""Limit Reach . Please upgrade your plan or visit our documentation for more details at https://site.financialmodelingprep.com/""
}; Yahoo fallback error: HTTP Error 429: Too Many Requests"
2026-05-10,,Consumer Discretionary,LULU,fmp,sector_company,,,,,,Financial Modeling Prep stable historical-price-eod/full,provider_error,"HTTP 429: {
  ""Error Message"": ""Limit Reach . Please upgrade your plan or visit our documentation for more details at https://site.financialmodelingprep.com/""
}; Yahoo fallback error: HTTP Error 429: Too Many Requests"
2026-05-20,,Consumer Discretionary,LULU,fmp,sector_company,,,,,,Financial Modeling Prep stable historical-price-eod/full,provider_error,"HTTP 429: {
  ""Error Message"": ""Limit Reach . Please upgrade your plan or visit our documentation for more details at https://site.financialmodelingprep.com/""
}; Yahoo fallback error: HTTP Error 429: Too Many Requests"
2026-05-30,,Consumer Discretionary,LULU,fmp,sector_company,,,,,,Financial Modeling Prep stable historical-price-eod/full,provider_error,"HTTP 429: {
  ""Error Message"": ""Limit Reach . Please upgrade your plan or visit our documentation for more details at https://site.financialmodelingprep.com/""
}; Yahoo fallback error: HTTP Error 429: Too Many Requests"
2026-02-28,,Consumer Discretionary,MCD,fmp,sector_company,,,,,,Financial Modeling Prep stable historical-price-eod/full,provider_error,"HTTP 429: {
  ""Error Message"": ""Limit Reach . Please upgrade your plan or visit our documentation for more details at https://site.financialmodelingprep.com/""
}; Yahoo fallback error: HTTP Error 429: Too Many Requests"
2026-03-10,,Consumer Discretionary,MCD,fmp,sector_company,,,,,,Financial Modeling Prep stable historical-price-eod/full,provider_error,"HTTP 429: {
  ""Error Message"": ""Limit Reach . Please upgrade your plan or visit our documentation for more details at https://site.financialmodelingprep.com/""
}; Yahoo fallback error: HTTP Error 429: Too Many Requests"
2026-03-20,,Consumer Discretionary,MCD,fmp,sector_company,,,,,,Financial Modeling Prep stable historical-price-eod/full,provider_error,"HTTP 429: {
  ""Error Message"": ""Limit Reach . Please upgrade your plan or visit our documentation for more details at https://site.financialmodelingprep.com/""
}; Yahoo fallback error: HTTP Error 429: Too Many Requests"
2026-03-30,,Consumer Discretionary,MCD,fmp,sector_company,,,,,,Financial Modeling Prep stable historical-price-eod/full,provider_error,"HTTP 429: {
  ""Error Message"": ""Limit Reach . Please upgrade your plan or visit our documentation for more details at https://site.financialmodelingprep.com/""
}; Yahoo fallback error: HTTP Error 429: Too Many Requests"
2026-04-10,,Consumer Discretionary,MCD,fmp,sector_company,,,,,,Financial Modeling Prep stable historical-price-eod/full,provider_error,"HTTP 429: {
  ""Error Message"": ""Limit Reach . Please upgrade your plan or visit our documentation for more details at https://site.financialmodelingprep.com/""
}; Yahoo fallback error: HTTP Error 429: Too Many Requests"
2026-04-20,,Consumer Discretionary,MCD,fmp,sector_company,,,,,,Financial Modeling Prep stable historical-price-eod/full,provider_error,"HTTP 429: {
  ""Error Message"": ""Limit Reach . Please upgrade your plan or visit our documentation for more details at https://site.financialmodelingprep.com/""
}; Yahoo fallback error: HTTP Error 429: Too Many Requests"
2026-04-30,,Consumer Discretionary,MCD,fmp,sector_company,,,,,,Financial Modeling Prep stable historical-price-eod/full,provider_error,"HTTP 429: {
  ""Error Message"": ""Limit Reach . Please upgrade your plan or visit our documentation for more details at https://site.financialmodelingprep.com/""
}; Yahoo fallback error: HTTP Error 429: Too Many Requests"
2026-05-10,,Consumer Discretionary,MCD,fmp,sector_company,,,,,,Financial Modeling Prep stable historical-price-eod/full,provider_error,"HTTP 429: {
  ""Error Message"": ""Limit Reach . Please upgrade your plan or visit our documentation for more details at https://site.financialmodelingprep.com/""
}; Yahoo fallback error: HTTP Error 429: Too Many Requests"
2026-05-20,,Consumer Discretionary,MCD,fmp,sector_company,,,,,,Financial Modeling Prep stable historical-price-eod/full,provider_error,"HTTP 429: {
  ""Error Message"": ""Limit Reach . Please upgrade your plan or visit our documentation for more details at https://site.financialmodelingprep.com/""
}; Yahoo fallback error: HTTP Error 429: Too Many Requests"
2026-05-30,,Consumer Discretionary,MCD,fmp,sector_company,,,,,,Financial Modeling Prep stable historical-price-eod/full,provider_error,"HTTP 429: {
  ""Error Message"": ""Limit Reach . Please upgrade your plan or visit our documentation for more details at https://site.financialmodelingprep.com/""
}; Yahoo fallback error: HTTP Error 429: Too Many Requests"
2026-02-28,,Consumer Discretionary,NKE,fmp,sector_company,,,,,,Financial Modeling Prep stable historical-price-eod/full,provider_error,"HTTP 429: {
  ""Error Message"": ""Limit Reach . Please upgrade your plan or visit our documentation for more details at https://site.financialmodelingprep.com/""
}; Yahoo fallback error: HTTP Error 429: Too Many Requests"
2026-03-10,,Consumer Discretionary,NKE,fmp,sector_company,,,,,,Financial Modeling Prep stable historical-price-eod/full,provider_error,"HTTP 429: {
  ""Error Message"": ""Limit Reach . Please upgrade your plan or visit our documentation for more details at https://site.financialmodelingprep.com/""
}; Yahoo fallback error: HTTP Error 429: Too Many Requests"
2026-03-20,,Consumer Discretionary,NKE,fmp,sector_company,,,,,,Financial Modeling Prep stable historical-price-eod/full,provider_error,"HTTP 429: {
  ""Error Message"": ""Limit Reach . Please upgrade your plan or visit our documentation for more details at https://site.financialmodelingprep.com/""
}; Yahoo fallback error: HTTP Error 429: Too Many Requests"
2026-03-30,,Consumer Discretionary,NKE,fmp,sector_company,,,,,,Financial Modeling Prep stable historical-price-eod/full,provider_error,"HTTP 429: {
  ""Error Message"": ""Limit Reach . Please upgrade your plan or visit our documentation for more details at https://site.financialmodelingprep.com/""
}; Yahoo fallback error: HTTP Error 429: Too Many Requests"
2026-04-10,,Consumer Discretionary,NKE,fmp,sector_company,,,,,,Financial Modeling Prep stable historical-price-eod/full,provider_error,"HTTP 429: {
  ""Error Message"": ""Limit Reach . Please upgrade your plan or visit our documentation for more details at https://site.financialmodelingprep.com/""
}; Yahoo fallback error: HTTP Error 429: Too Many Requests"
2026-04-20,,Consumer Discretionary,NKE,fmp,sector_company,,,,,,Financial Modeling Prep stable historical-price-eod/full,provider_error,"HTTP 429: {
  ""Error Message"": ""Limit Reach . Please upgrade your plan or visit our documentation for more details at https://site.financialmodelingprep.com/""
}; Yahoo fallback error: HTTP Error 429: Too Many Requests"
2026-04-30,,Consumer Discretionary,NKE,fmp,sector_company,,,,,,Financial Modeling Prep stable historical-price-eod/full,provider_error,"HTTP 429: {
  ""Error Message"": ""Limit Reach . Please upgrade your plan or visit our documentation for more details at https://site.financialmodelingprep.com/""
}; Yahoo fallback error: HTTP Error 429: Too Many Requests"
2026-05-10,,Consumer Discretionary,NKE,fmp,sector_company,,,,,,Financial Modeling Prep stable historical-price-eod/full,provider_error,"HTTP 429: {
  ""Error Message"": ""Limit Reach . Please upgrade your plan or visit our documentation for more details at https://site.financialmodelingprep.com/""
}; Yahoo fallback error: HTTP Error 429: Too Many Requests"
2026-05-20,,Consumer Discretionary,NKE,fmp,sector_company,,,,,,Financial Modeling Prep stable historical-price-eod/full,provider_error,"HTTP 429: {
  ""Error Message"": ""Limit Reach . Please upgrade your plan or visit our documentation for more details at https://site.financialmodelingprep.com/""
}; Yahoo fallback error: HTTP Error 429: Too Many Requests"
2026-05-30,,Consumer Discretionary,NKE,fmp,sector_company,,,,,,Financial Modeling Prep stable historical-price-eod/full,provider_error,"HTTP 429: {
  ""Error Message"": ""Limit Reach . Please upgrade your plan or visit our documentation for more details at https://site.financialmodelingprep.com/""
}; Yahoo fallback error: HTTP Error 429: Too Many Requests"
2026-02-28,,Delivery & Logistics,AMZN,fmp,sector_company,,,,,,Financial Modeling Prep stable historical-price-eod/full,provider_error,"HTTP 429: {
  ""Error Message"": ""Limit Reach . Please upgrade your plan or visit our documentation for more details at https://site.financialmodelingprep.com/""
}; Yahoo fallback error: HTTP Error 429: Too Many Requests"
2026-03-10,,Delivery & Logistics,AMZN,fmp,sector_company,,,,,,Financial Modeling Prep stable historical-price-eod/full,provider_error,"HTTP 429: {
  ""Error Message"": ""Limit Reach . Please upgrade your plan or visit our documentation for more details at https://site.financialmodelingprep.com/""
}; Yahoo fallback error: HTTP Error 429: Too Many Requests"
2026-03-20,,Delivery & Logistics,AMZN,fmp,sector_company,,,,,,Financial Modeling Prep stable historical-price-eod/full,provider_error,"HTTP 429: {
  ""Error Message"": ""Limit Reach . Please upgrade your plan or visit our documentation for more details at https://site.financialmodelingprep.com/""
}; Yahoo fallback error: HTTP Error 429: Too Many Requests"
2026-03-30,,Delivery & Logistics,AMZN,fmp,sector_company,,,,,,Financial Modeling Prep stable historical-price-eod/full,provider_error,"HTTP 429: {
  ""Error Message"": ""Limit Reach . Please upgrade your plan or visit our documentation for more details at https://site.financialmodelingprep.com/""
}; Yahoo fallback error: HTTP Error 429: Too Many Requests"
2026-04-10,,Delivery & Logistics,AMZN,fmp,sector_company,,,,,,Financial Modeling Prep stable historical-price-eod/full,provider_error,"HTTP 429: {
  ""Error Message"": ""Limit Reach . Please upgrade your plan or visit our documentation for more details at https://site.financialmodelingprep.com/""
}; Yahoo fallback error: HTTP Error 429: Too Many Requests"
2026-04-20,,Delivery & Logistics,AMZN,fmp,sector_company,,,,,,Financial Modeling Prep stable historical-price-eod/full,provider_error,"HTTP 429: {
  ""Error Message"": ""Limit Reach . Please upgrade your plan or visit our documentation for more details at https://site.financialmodelingprep.com/""
}; Yahoo fallback error: HTTP Error 429: Too Many Requests"
2026-04-30,,Delivery & Logistics,AMZN,fmp,sector_company,,,,,,Financial Modeling Prep stable historical-price-eod/full,provider_error,"HTTP 429: {
  ""Error Message"": ""Limit Reach . Please upgrade your plan or visit our documentation for more details at https://site.financialmodelingprep.com/""
}; Yahoo fallback error: HTTP Error 429: Too Many Requests"
2026-05-10,,Delivery & Logistics,AMZN,fmp,sector_company,,,,,,Financial Modeling Prep stable historical-price-eod/full,provider_error,"HTTP 429: {
  ""Error Message"": ""Limit Reach . Please upgrade your plan or visit our documentation for more details at https://site.financialmodelingprep.com/""
}; Yahoo fallback error: HTTP Error 429: Too Many Requests"
2026-05-20,,Delivery & Logistics,AMZN,fmp,sector_company,,,,,,Financial Modeling Prep stable historical-price-eod/full,provider_error,"HTTP 429: {
  ""Error Message"": ""Limit Reach . Please upgrade your plan or visit our documentation for more details at https://site.financialmodelingprep.com/""
}; Yahoo fallback error: HTTP Error 429: Too Many Requests"
2026-05-30,,Delivery & Logistics,AMZN,fmp,sector_company,,,,,,Financial Modeling Prep stable historical-price-eod/full,provider_error,"HTTP 429: {
  ""Error Message"": ""Limit Reach . Please upgrade your plan or visit our documentation for more details at https://site.financialmodelingprep.com/""
}; Yahoo fallback error: HTTP Error 429: Too Many Requests"
2026-02-28,,Delivery & Logistics,DASH,fmp,sector_company,,,,,,Financial Modeling Prep stable historical-price-eod/full,provider_error,"HTTP 429: {
  ""Error Message"": ""Limit Reach . Please upgrade your plan or visit our documentation for more details at https://site.financialmodelingprep.com/""
}; Yahoo fallback error: HTTP Error 429: Too Many Requests"
2026-03-10,,Delivery & Logistics,DASH,fmp,sector_company,,,,,,Financial Modeling Prep stable historical-price-eod/full,provider_error,"HTTP 429: {
  ""Error Message"": ""Limit Reach . Please upgrade your plan or visit our documentation for more details at https://site.financialmodelingprep.com/""
}; Yahoo fallback error: HTTP Error 429: Too Many Requests"
2026-03-20,,Delivery & Logistics,DASH,fmp,sector_company,,,,,,Financial Modeling Prep stable historical-price-eod/full,provider_error,"HTTP 429: {
  ""Error Message"": ""Limit Reach . Please upgrade your plan or visit our documentation for more details at https://site.financialmodelingprep.com/""
}; Yahoo fallback error: HTTP Error 429: Too Many Requests"
2026-03-30,,Delivery & Logistics,DASH,fmp,sector_company,,,,,,Financial Modeling Prep stable historical-price-eod/full,provider_error,"HTTP 429: {
  ""Error Message"": ""Limit Reach . Please upgrade your plan or visit our documentation for more details at https://site.financialmodelingprep.com/""
}; Yahoo fallback error: HTTP Error 429: Too Many Requests"
2026-04-10,,Delivery & Logistics,DASH,fmp,sector_company,,,,,,Financial Modeling Prep stable historical-price-eod/full,provider_error,"HTTP 429: {
  ""Error Message"": ""Limit Reach . Please upgrade your plan or visit our documentation for more details at https://site.financialmodelingprep.com/""
}; Yahoo fallback error: HTTP Error 429: Too Many Requests"
2026-04-20,,Delivery & Logistics,DASH,fmp,sector_company,,,,,,Financial Modeling Prep stable historical-price-eod/full,provider_error,"HTTP 429: {
  ""Error Message"": ""Limit Reach . Please upgrade your plan or visit our documentation for more details at https://site.financialmodelingprep.com/""
}; Yahoo fallback error: HTTP Error 429: Too Many Requests"
2026-04-30,,Delivery & Logistics,DASH,fmp,sector_company,,,,,,Financial Modeling Prep stable historical-price-eod/full,provider_error,"HTTP 429: {
  ""Error Message"": ""Limit Reach . Please upgrade your plan or visit our documentation for more details at https://site.financialmodelingprep.com/""
}; Yahoo fallback error: HTTP Error 429: Too Many Requests"
2026-05-10,,Delivery & Logistics,DASH,fmp,sector_company,,,,,,Financial Modeling Prep stable historical-price-eod/full,provider_error,"HTTP 429: {
  ""Error Message"": ""Limit Reach . Please upgrade your plan or visit our documentation for more details at https://site.financialmodelingprep.com/""
}; Yahoo fallback error: HTTP Error 429: Too Many Requests"
2026-05-20,,Delivery & Logistics,DASH,fmp,sector_company,,,,,,Financial Modeling Prep stable historical-price-eod/full,provider_error,"HTTP 429: {
  ""Error Message"": ""Limit Reach . Please upgrade your plan or visit our documentation for more details at https://site.financialmodelingprep.com/""
}; Yahoo fallback error: HTTP Error 429: Too Many Requests"
2026-05-30,,Delivery & Logistics,DASH,fmp,sector_company,,,,,,Financial Modeling Prep stable historical-price-eod/full,provider_error,"HTTP 429: {
  ""Error Message"": ""Limit Reach . Please upgrade your plan or visit our documentation for more details at https://site.financialmodelingprep.com/""
}; Yahoo fallback error: HTTP Error 429: Too Many Requests"
2026-02-28,,Delivery & Logistics,FDX,fmp,sector_company,,,,,,Financial Modeling Prep stable historical-price-eod/full,provider_error,"HTTP 429: {
  ""Error Message"": ""Limit Reach . Please upgrade your plan or visit our documentation for more details at https://site.financialmodelingprep.com/""
}; Yahoo fallback error: HTTP Error 429: Too Many Requests"
2026-03-10,,Delivery & Logistics,FDX,fmp,sector_company,,,,,,Financial Modeling Prep stable historical-price-eod/full,provider_error,"HTTP 429: {
  ""Error Message"": ""Limit Reach . Please upgrade your plan or visit our documentation for more details at https://site.financialmodelingprep.com/""
}; Yahoo fallback error: HTTP Error 429: Too Many Requests"
2026-03-20,,Delivery & Logistics,FDX,fmp,sector_company,,,,,,Financial Modeling Prep stable historical-price-eod/full,provider_error,"HTTP 429: {
  ""Error Message"": ""Limit Reach . Please upgrade your plan or visit our documentation for more details at https://site.financialmodelingprep.com/""
}; Yahoo fallback error: HTTP Error 429: Too Many Requests"
2026-03-30,,Delivery & Logistics,FDX,fmp,sector_company,,,,,,Financial Modeling Prep stable historical-price-eod/full,provider_error,"HTTP 429: {
  ""Error Message"": ""Limit Reach . Please upgrade your plan or visit our documentation for more details at https://site.financialmodelingprep.com/""
}; Yahoo fallback error: HTTP Error 429: Too Many Requests"
2026-04-10,,Delivery & Logistics,FDX,fmp,sector_company,,,,,,Financial Modeling Prep stable historical-price-eod/full,provider_error,"HTTP 429: {
  ""Error Message"": ""Limit Reach . Please upgrade your plan or visit our documentation for more details at https://site.financialmodelingprep.com/""
}; Yahoo fallback error: HTTP Error 429: Too Many Requests"
2026-04-20,,Delivery & Logistics,FDX,fmp,sector_company,,,,,,Financial Modeling Prep stable historical-price-eod/full,provider_error,"HTTP 429: {
  ""Error Message"": ""Limit Reach . Please upgrade your plan or visit our documentation for more details at https://site.financialmodelingprep.com/""
}; Yahoo fallback error: HTTP Error 429: Too Many Requests"
2026-04-30,,Delivery & Logistics,FDX,fmp,sector_company,,,,,,Financial Modeling Prep stable historical-price-eod/full,provider_error,"HTTP 429: {
  ""Error Message"": ""Limit Reach . Please upgrade your plan or visit our documentation for more details at https://site.financialmodelingprep.com/""
}; Yahoo fallback error: HTTP Error 429: Too Many Requests"
2026-05-10,,Delivery & Logistics,FDX,fmp,sector_company,,,,,,Financial Modeling Prep stable historical-price-eod/full,provider_error,"HTTP 429: {
  ""Error Message"": ""Limit Reach . Please upgrade your plan or visit our documentation for more details at https://site.financialmodelingprep.com/""
}; Yahoo fallback error: HTTP Error 429: Too Many Requests"
2026-05-20,,Delivery & Logistics,FDX,fmp,sector_company,,,,,,Financial Modeling Prep stable historical-price-eod/full,provider_error,"HTTP 429: {
  ""Error Message"": ""Limit Reach . Please upgrade your plan or visit our documentation for more details at https://site.financialmodelingprep.com/""
}; Yahoo fallback error: HTTP Error 429: Too Many Requests"
2026-05-30,,Delivery & Logistics,FDX,fmp,sector_company,,,,,,Financial Modeling Prep stable historical-price-eod/full,provider_error,"HTTP 429: {
  ""Error Message"": ""Limit Reach . Please upgrade your plan or visit our documentation for more details at https://site.financialmodelingprep.com/""
}; Yahoo fallback error: HTTP Error 429: Too Many Requests"
2026-02-28,,Delivery & Logistics,UBER,fmp,sector_company,,,,,,Financial Modeling Prep stable historical-price-eod/full,provider_error,"HTTP 429: {
  ""Error Message"": ""Limit Reach . Please upgrade your plan or visit our documentation for more details at https://site.financialmodelingprep.com/""
}; Yahoo fallback error: HTTP Error 429: Too Many Requests"
2026-03-10,,Delivery & Logistics,UBER,fmp,sector_company,,,,,,Financial Modeling Prep stable historical-price-eod/full,provider_error,"HTTP 429: {
  ""Error Message"": ""Limit Reach . Please upgrade your plan or visit our documentation for more details at https://site.financialmodelingprep.com/""
}; Yahoo fallback error: HTTP Error 429: Too Many Requests"
2026-03-20,,Delivery & Logistics,UBER,fmp,sector_company,,,,,,Financial Modeling Prep stable historical-price-eod/full,provider_error,"HTTP 429: {
  ""Error Message"": ""Limit Reach . Please upgrade your plan or visit our documentation for more details at https://site.financialmodelingprep.com/""
}; Yahoo fallback error: HTTP Error 429: Too Many Requests"
2026-03-30,,Delivery & Logistics,UBER,fmp,sector_company,,,,,,Financial Modeling Prep stable historical-price-eod/full,provider_error,"HTTP 429: {
  ""Error Message"": ""Limit Reach . Please upgrade your plan or visit our documentation for more details at https://site.financialmodelingprep.com/""
}; Yahoo fallback error: HTTP Error 429: Too Many Requests"
2026-04-10,,Delivery & Logistics,UBER,fmp,sector_company,,,,,,Financial Modeling Prep stable historical-price-eod/full,provider_error,"HTTP 429: {
  ""Error Message"": ""Limit Reach . Please upgrade your plan or visit our documentation for more details at https://site.financialmodelingprep.com/""
}; Yahoo fallback error: HTTP Error 429: Too Many Requests"
2026-04-20,,Delivery & Logistics,UBER,fmp,sector_company,,,,,,Financial Modeling Prep stable historical-price-eod/full,provider_error,"HTTP 429: {
  ""Error Message"": ""Limit Reach . Please upgrade your plan or visit our documentation for more details at https://site.financialmodelingprep.com/""
}; Yahoo fallback error: HTTP Error 429: Too Many Requests"
2026-04-30,,Delivery & Logistics,UBER,fmp,sector_company,,,,,,Financial Modeling Prep stable historical-price-eod/full,provider_error,"HTTP 429: {
  ""Error Message"": ""Limit Reach . Please upgrade your plan or visit our documentation for more details at https://site.financialmodelingprep.com/""
}; Yahoo fallback error: HTTP Error 429: Too Many Requests"
2026-05-10,,Delivery & Logistics,UBER,fmp,sector_company,,,,,,Financial Modeling Prep stable historical-price-eod/full,provider_error,"HTTP 429: {
  ""Error Message"": ""Limit Reach . Please upgrade your plan or visit our documentation for more details at https://site.financialmodelingprep.com/""
}; Yahoo fallback error: HTTP Error 429: Too Many Requests"
2026-05-20,,Delivery & Logistics,UBER,fmp,sector_company,,,,,,Financial Modeling Prep stable historical-price-eod/full,provider_error,"HTTP 429: {
  ""Error Message"": ""Limit Reach . Please upgrade your plan or visit our documentation for more details at https://site.financialmodelingprep.com/""
}; Yahoo fallback error: HTTP Error 429: Too Many Requests"
2026-05-30,,Delivery & Logistics,UBER,fmp,sector_company,,,,,,Financial Modeling Prep stable historical-price-eod/full,provider_error,"HTTP 429: {
  ""Error Message"": ""Limit Reach . Please upgrade your plan or visit our documentation for more details at https://site.financialmodelingprep.com/""
}; Yahoo fallback error: HTTP Error 429: Too Many Requests"
2026-02-28,,Delivery & Logistics,UPS,fmp,sector_company,,,,,,Financial Modeling Prep stable historical-price-eod/full,provider_error,"HTTP 429: {
  ""Error Message"": ""Limit Reach . Please upgrade your plan or visit our documentation for more details at https://site.financialmodelingprep.com/""
}; Yahoo fallback error: HTTP Error 429: Too Many Requests"
2026-03-10,,Delivery & Logistics,UPS,fmp,sector_company,,,,,,Financial Modeling Prep stable historical-price-eod/full,provider_error,"HTTP 429: {
  ""Error Message"": ""Limit Reach . Please upgrade your plan or visit our documentation for more details at https://site.financialmodelingprep.com/""
}; Yahoo fallback error: HTTP Error 429: Too Many Requests"
2026-03-20,,Delivery & Logistics,UPS,fmp,sector_company,,,,,,Financial Modeling Prep stable historical-price-eod/full,provider_error,"HTTP 429: {
  ""Error Message"": ""Limit Reach . Please upgrade your plan or visit our documentation for more details at https://site.financialmodelingprep.com/""
}; Yahoo fallback error: HTTP Error 429: Too Many Requests"
2026-03-30,,Delivery & Logistics,UPS,fmp,sector_company,,,,,,Financial Modeling Prep stable historical-price-eod/full,provider_error,"HTTP 429: {
  ""Error Message"": ""Limit Reach . Please upgrade your plan or visit our documentation for more details at https://site.financialmodelingprep.com/""
}; Yahoo fallback error: HTTP Error 429: Too Many Requests"
2026-04-10,,Delivery & Logistics,UPS,fmp,sector_company,,,,,,Financial Modeling Prep stable historical-price-eod/full,provider_error,"HTTP 429: {
  ""Error Message"": ""Limit Reach . Please upgrade your plan or visit our documentation for more details at https://site.financialmodelingprep.com/""
}; Yahoo fallback error: HTTP Error 429: Too Many Requests"
2026-04-20,,Delivery & Logistics,UPS,fmp,sector_company,,,,,,Financial Modeling Prep stable historical-price-eod/full,provider_error,"HTTP 429: {
  ""Error Message"": ""Limit Reach . Please upgrade your plan or visit our documentation for more details at https://site.financialmodelingprep.com/""
}; Yahoo fallback error: HTTP Error 429: Too Many Requests"
2026-04-30,,Delivery & Logistics,UPS,fmp,sector_company,,,,,,Financial Modeling Prep stable historical-price-eod/full,provider_error,"HTTP 429: {
  ""Error Message"": ""Limit Reach . Please upgrade your plan or visit our documentation for more details at https://site.financialmodelingprep.com/""
}; Yahoo fallback error: HTTP Error 429: Too Many Requests"
2026-05-10,,Delivery & Logistics,UPS,fmp,sector_company,,,,,,Financial Modeling Prep stable historical-price-eod/full,provider_error,"HTTP 429: {
  ""Error Message"": ""Limit Reach . Please upgrade your plan or visit our documentation for more details at https://site.financialmodelingprep.com/""
}; Yahoo fallback error: HTTP Error 429: Too Many Requests"
2026-05-20,,Delivery & Logistics,UPS,fmp,sector_company,,,,,,Financial Modeling Prep stable historical-price-eod/full,provider_error,"HTTP 429: {
  ""Error Message"": ""Limit Reach . Please upgrade your plan or visit our documentation for more details at https://site.financialmodelingprep.com/""
}; Yahoo fallback error: HTTP Error 429: Too Many Requests"
2026-05-30,,Delivery & Logistics,UPS,fmp,sector_company,,,,,,Financial Modeling Prep stable historical-price-eod/full,provider_error,"HTTP 429: {
  ""Error Message"": ""Limit Reach . Please upgrade your plan or visit our documentation for more details at https://site.financialmodelingprep.com/""
}; Yahoo fallback error: HTTP Error 429: Too Many Requests"
2026-02-28,,Delivery & Logistics,XPO,fmp,sector_company,,,,,,Financial Modeling Prep stable historical-price-eod/full,provider_error,"HTTP 429: {
  ""Error Message"": ""Limit Reach . Please upgrade your plan or visit our documentation for more details at https://site.financialmodelingprep.com/""
}; Yahoo fallback error: HTTP Error 429: Too Many Requests"
2026-03-10,,Delivery & Logistics,XPO,fmp,sector_company,,,,,,Financial Modeling Prep stable historical-price-eod/full,provider_error,"HTTP 429: {
  ""Error Message"": ""Limit Reach . Please upgrade your plan or visit our documentation for more details at https://site.financialmodelingprep.com/""
}; Yahoo fallback error: HTTP Error 429: Too Many Requests"
2026-03-20,,Delivery & Logistics,XPO,fmp,sector_company,,,,,,Financial Modeling Prep stable historical-price-eod/full,provider_error,"HTTP 429: {
  ""Error Message"": ""Limit Reach . Please upgrade your plan or visit our documentation for more details at https://site.financialmodelingprep.com/""
}; Yahoo fallback error: HTTP Error 429: Too Many Requests"
2026-03-30,,Delivery & Logistics,XPO,fmp,sector_company,,,,,,Financial Modeling Prep stable historical-price-eod/full,provider_error,"HTTP 429: {
  ""Error Message"": ""Limit Reach . Please upgrade your plan or visit our documentation for more details at https://site.financialmodelingprep.com/""
}; Yahoo fallback error: HTTP Error 429: Too Many Requests"
2026-04-10,,Delivery & Logistics,XPO,fmp,sector_company,,,,,,Financial Modeling Prep stable historical-price-eod/full,provider_error,"HTTP 429: {
  ""Error Message"": ""Limit Reach . Please upgrade your plan or visit our documentation for more details at https://site.financialmodelingprep.com/""
}; Yahoo fallback error: HTTP Error 429: Too Many Requests"
2026-04-20,,Delivery & Logistics,XPO,fmp,sector_company,,,,,,Financial Modeling Prep stable historical-price-eod/full,provider_error,"HTTP 429: {
  ""Error Message"": ""Limit Reach . Please upgrade your plan or visit our documentation for more details at https://site.financialmodelingprep.com/""
}; Yahoo fallback error: HTTP Error 429: Too Many Requests"
2026-04-30,,Delivery & Logistics,XPO,fmp,sector_company,,,,,,Financial Modeling Prep stable historical-price-eod/full,provider_error,"HTTP 429: {
  ""Error Message"": ""Limit Reach . Please upgrade your plan or visit our documentation for more details at https://site.financialmodelingprep.com/""
}; Yahoo fallback error: HTTP Error 429: Too Many Requests"
2026-05-10,,Delivery & Logistics,XPO,fmp,sector_company,,,,,,Financial Modeling Prep stable historical-price-eod/full,provider_error,"HTTP 429: {
  ""Error Message"": ""Limit Reach . Please upgrade your plan or visit our documentation for more details at https://site.financialmodelingprep.com/""
}; Yahoo fallback error: HTTP Error 429: Too Many Requests"
2026-05-20,,Delivery & Logistics,XPO,fmp,sector_company,,,,,,Financial Modeling Prep stable historical-price-eod/full,provider_error,"HTTP 429: {
  ""Error Message"": ""Limit Reach . Please upgrade your plan or visit our documentation for more details at https://site.financialmodelingprep.com/""
}; Yahoo fallback error: HTTP Error 429: Too Many Requests"
2026-05-30,,Delivery & Logistics,XPO,fmp,sector_company,,,,,,Financial Modeling Prep stable historical-price-eod/full,provider_error,"HTTP 429: {
  ""Error Message"": ""Limit Reach . Please upgrade your plan or visit our documentation for more details at https://site.financialmodelingprep.com/""
}; Yahoo fallback error: HTTP Error 429: Too Many Requests"
2026-02-28,,Drugs,ABBV,fmp,sector_company,,,,,,Financial Modeling Prep stable historical-price-eod/full,provider_error,"HTTP 429: {
  ""Error Message"": ""Limit Reach . Please upgrade your plan or visit our documentation for more details at https://site.financialmodelingprep.com/""
}; Yahoo fallback error: HTTP Error 429: Too Many Requests"
2026-03-10,,Drugs,ABBV,fmp,sector_company,,,,,,Financial Modeling Prep stable historical-price-eod/full,provider_error,"HTTP 429: {
  ""Error Message"": ""Limit Reach . Please upgrade your plan or visit our documentation for more details at https://site.financialmodelingprep.com/""
}; Yahoo fallback error: HTTP Error 429: Too Many Requests"
2026-03-20,,Drugs,ABBV,fmp,sector_company,,,,,,Financial Modeling Prep stable historical-price-eod/full,provider_error,"HTTP 429: {
  ""Error Message"": ""Limit Reach . Please upgrade your plan or visit our documentation for more details at https://site.financialmodelingprep.com/""
}; Yahoo fallback error: HTTP Error 429: Too Many Requests"
2026-03-30,,Drugs,ABBV,fmp,sector_company,,,,,,Financial Modeling Prep stable historical-price-eod/full,provider_error,"HTTP 429: {
  ""Error Message"": ""Limit Reach . Please upgrade your plan or visit our documentation for more details at https://site.financialmodelingprep.com/""
}; Yahoo fallback error: HTTP Error 429: Too Many Requests"
2026-04-10,,Drugs,ABBV,fmp,sector_company,,,,,,Financial Modeling Prep stable historical-price-eod/full,provider_error,"HTTP 429: {
  ""Error Message"": ""Limit Reach . Please upgrade your plan or visit our documentation for more details at https://site.financialmodelingprep.com/""
}; Yahoo fallback error: HTTP Error 429: Too Many Requests"
2026-04-20,,Drugs,ABBV,fmp,sector_company,,,,,,Financial Modeling Prep stable historical-price-eod/full,provider_error,"HTTP 429: {
  ""Error Message"": ""Limit Reach . Please upgrade your plan or visit our documentation for more details at https://site.financialmodelingprep.com/""
}; Yahoo fallback error: HTTP Error 429: Too Many Requests"
2026-04-30,,Drugs,ABBV,fmp,sector_company,,,,,,Financial Modeling Prep stable historical-price-eod/full,provider_error,"HTTP 429: {
  ""Error Message"": ""Limit Reach . Please upgrade your plan or visit our documentation for more details at https://site.financialmodelingprep.com/""
}; Yahoo fallback error: HTTP Error 429: Too Many Requests"
2026-05-10,,Drugs,ABBV,fmp,sector_company,,,,,,Financial Modeling Prep stable historical-price-eod/full,provider_error,"HTTP 429: {
  ""Error Message"": ""Limit Reach . Please upgrade your plan or visit our documentation for more details at https://site.financialmodelingprep.com/""
}; Yahoo fallback error: HTTP Error 429: Too Many Requests"
2026-05-20,,Drugs,ABBV,fmp,sector_company,,,,,,Financial Modeling Prep stable historical-price-eod/full,provider_error,"HTTP 429: {
  ""Error Message"": ""Limit Reach . Please upgrade your plan or visit our documentation for more details at https://site.financialmodelingprep.com/""
}; Yahoo fallback error: HTTP Error 429: Too Many Requests"
2026-05-30,,Drugs,ABBV,fmp,sector_company,,,,,,Financial Modeling Prep stable historical-price-eod/full,provider_error,"HTTP 429: {
  ""Error Message"": ""Limit Reach . Please upgrade your plan or visit our documentation for more details at https://site.financialmodelingprep.com/""
}; Yahoo fallback error: HTTP Error 429: Too Many Requests"
2026-02-28,,Drugs,AZN,fmp,sector_company,,,,,,Financial Modeling Prep stable historical-price-eod/full,provider_error,"HTTP 429: {
  ""Error Message"": ""Limit Reach . Please upgrade your plan or visit our documentation for more details at https://site.financialmodelingprep.com/""
}; Yahoo fallback error: HTTP Error 429: Too Many Requests"
2026-03-10,,Drugs,AZN,fmp,sector_company,,,,,,Financial Modeling Prep stable historical-price-eod/full,provider_error,"HTTP 429: {
  ""Error Message"": ""Limit Reach . Please upgrade your plan or visit our documentation for more details at https://site.financialmodelingprep.com/""
}; Yahoo fallback error: HTTP Error 429: Too Many Requests"
2026-03-20,,Drugs,AZN,fmp,sector_company,,,,,,Financial Modeling Prep stable historical-price-eod/full,provider_error,"HTTP 429: {
  ""Error Message"": ""Limit Reach . Please upgrade your plan or visit our documentation for more details at https://site.financialmodelingprep.com/""
}; Yahoo fallback error: HTTP Error 429: Too Many Requests"
2026-03-30,,Drugs,AZN,fmp,sector_company,,,,,,Financial Modeling Prep stable historical-price-eod/full,provider_error,"HTTP 429: {
  ""Error Message"": ""Limit Reach . Please upgrade your plan or visit our documentation for more details at https://site.financialmodelingprep.com/""
}; Yahoo fallback error: HTTP Error 429: Too Many Requests"
2026-04-10,,Drugs,AZN,fmp,sector_company,,,,,,Financial Modeling Prep stable historical-price-eod/full,provider_error,"HTTP 429: {
  ""Error Message"": ""Limit Reach . Please upgrade your plan or visit our documentation for more details at https://site.financialmodelingprep.com/""
}; Yahoo fallback error: HTTP Error 429: Too Many Requests"
2026-04-20,,Drugs,AZN,fmp,sector_company,,,,,,Financial Modeling Prep stable historical-price-eod/full,provider_error,"HTTP 429: {
  ""Error Message"": ""Limit Reach . Please upgrade your plan or visit our documentation for more details at https://site.financialmodelingprep.com/""
}; Yahoo fallback error: HTTP Error 429: Too Many Requests"
2026-04-30,,Drugs,AZN,fmp,sector_company,,,,,,Financial Modeling Prep stable historical-price-eod/full,provider_error,"HTTP 429: {
  ""Error Message"": ""Limit Reach . Please upgrade your plan or visit our documentation for more details at https://site.financialmodelingprep.com/""
}; Yahoo fallback error: HTTP Error 429: Too Many Requests"
2026-05-10,,Drugs,AZN,fmp,sector_company,,,,,,Financial Modeling Prep stable historical-price-eod/full,provider_error,"HTTP 429: {
  ""Error Message"": ""Limit Reach . Please upgrade your plan or visit our documentation for more details at https://site.financialmodelingprep.com/""
}; Yahoo fallback error: HTTP Error 429: Too Many Requests"
2026-05-20,,Drugs,AZN,fmp,sector_company,,,,,,Financial Modeling Prep stable historical-price-eod/full,provider_error,"HTTP 429: {
  ""Error Message"": ""Limit Reach . Please upgrade your plan or visit our documentation for more details at https://site.financialmodelingprep.com/""
}; Yahoo fallback error: HTTP Error 429: Too Many Requests"
2026-05-30,,Drugs,AZN,fmp,sector_company,,,,,,Financial Modeling Prep stable historical-price-eod/full,provider_error,"HTTP 429: {
  ""Error Message"": ""Limit Reach . Please upgrade your plan or visit our documentation for more details at https://site.financialmodelingprep.com/""
}; Yahoo fallback error: HTTP Error 429: Too Many Requests"
2026-02-28,,Drugs,JNJ,fmp,sector_company,,,,,,Financial Modeling Prep stable historical-price-eod/full,provider_error,"HTTP 429: {
  ""Error Message"": ""Limit Reach . Please upgrade your plan or visit our documentation for more details at https://site.financialmodelingprep.com/""
}; Yahoo fallback error: HTTP Error 429: Too Many Requests"
2026-03-10,,Drugs,JNJ,fmp,sector_company,,,,,,Financial Modeling Prep stable historical-price-eod/full,provider_error,"HTTP 429: {
  ""Error Message"": ""Limit Reach . Please upgrade your plan or visit our documentation for more details at https://site.financialmodelingprep.com/""
}; Yahoo fallback error: HTTP Error 429: Too Many Requests"
2026-03-20,,Drugs,JNJ,fmp,sector_company,,,,,,Financial Modeling Prep stable historical-price-eod/full,provider_error,"HTTP 429: {
  ""Error Message"": ""Limit Reach . Please upgrade your plan or visit our documentation for more details at https://site.financialmodelingprep.com/""
}; Yahoo fallback error: HTTP Error 429: Too Many Requests"
2026-03-30,,Drugs,JNJ,fmp,sector_company,,,,,,Financial Modeling Prep stable historical-price-eod/full,provider_error,"HTTP 429: {
  ""Error Message"": ""Limit Reach . Please upgrade your plan or visit our documentation for more details at https://site.financialmodelingprep.com/""
}; Yahoo fallback error: HTTP Error 429: Too Many Requests"
2026-04-10,,Drugs,JNJ,fmp,sector_company,,,,,,Financial Modeling Prep stable historical-price-eod/full,provider_error,"HTTP 429: {
  ""Error Message"": ""Limit Reach . Please upgrade your plan or visit our documentation for more details at https://site.financialmodelingprep.com/""
}; Yahoo fallback error: HTTP Error 429: Too Many Requests"
2026-04-20,,Drugs,JNJ,fmp,sector_company,,,,,,Financial Modeling Prep stable historical-price-eod/full,provider_error,"HTTP 429: {
  ""Error Message"": ""Limit Reach . Please upgrade your plan or visit our documentation for more details at https://site.financialmodelingprep.com/""
}; Yahoo fallback error: HTTP Error 429: Too Many Requests"
2026-04-30,,Drugs,JNJ,fmp,sector_company,,,,,,Financial Modeling Prep stable historical-price-eod/full,provider_error,"HTTP 429: {
  ""Error Message"": ""Limit Reach . Please upgrade your plan or visit our documentation for more details at https://site.financialmodelingprep.com/""
}; Yahoo fallback error: HTTP Error 429: Too Many Requests"
2026-05-10,,Drugs,JNJ,fmp,sector_company,,,,,,Financial Modeling Prep stable historical-price-eod/full,provider_error,"HTTP 429: {
  ""Error Message"": ""Limit Reach . Please upgrade your plan or visit our documentation for more details at https://site.financialmodelingprep.com/""
}; Yahoo fallback error: HTTP Error 429: Too Many Requests"
2026-05-20,,Drugs,JNJ,fmp,sector_company,,,,,,Financial Modeling Prep stable historical-price-eod/full,provider_error,"HTTP 429: {
  ""Error Message"": ""Limit Reach . Please upgrade your plan or visit our documentation for more details at https://site.financialmodelingprep.com/""
}; Yahoo fallback error: HTTP Error 429: Too Many Requests"
2026-05-30,,Drugs,JNJ,fmp,sector_company,,,,,,Financial Modeling Prep stable historical-price-eod/full,provider_error,"HTTP 429: {
  ""Error Message"": ""Limit Reach . Please upgrade your plan or visit our documentation for more details at https://site.financialmodelingprep.com/""
}; Yahoo fallback error: HTTP Error 429: Too Many Requests"
2026-02-28,,Drugs,LLY,fmp,sector_company,,,,,,Financial Modeling Prep stable historical-price-eod/full,provider_error,"HTTP 429: {
  ""Error Message"": ""Limit Reach . Please upgrade your plan or visit our documentation for more details at https://site.financialmodelingprep.com/""
}; Yahoo fallback error: HTTP Error 429: Too Many Requests"
2026-03-10,,Drugs,LLY,fmp,sector_company,,,,,,Financial Modeling Prep stable historical-price-eod/full,provider_error,"HTTP 429: {
  ""Error Message"": ""Limit Reach . Please upgrade your plan or visit our documentation for more details at https://site.financialmodelingprep.com/""
}; Yahoo fallback error: HTTP Error 429: Too Many Requests"
2026-03-20,,Drugs,LLY,fmp,sector_company,,,,,,Financial Modeling Prep stable historical-price-eod/full,provider_error,"HTTP 429: {
  ""Error Message"": ""Limit Reach . Please upgrade your plan or visit our documentation for more details at https://site.financialmodelingprep.com/""
}; Yahoo fallback error: HTTP Error 429: Too Many Requests"
2026-03-30,,Drugs,LLY,fmp,sector_company,,,,,,Financial Modeling Prep stable historical-price-eod/full,provider_error,"HTTP 429: {
  ""Error Message"": ""Limit Reach . Please upgrade your plan or visit our documentation for more details at https://site.financialmodelingprep.com/""
}; Yahoo fallback error: HTTP Error 429: Too Many Requests"
2026-04-10,,Drugs,LLY,fmp,sector_company,,,,,,Financial Modeling Prep stable historical-price-eod/full,provider_error,"HTTP 429: {
  ""Error Message"": ""Limit Reach . Please upgrade your plan or visit our documentation for more details at https://site.financialmodelingprep.com/""
}; Yahoo fallback error: HTTP Error 429: Too Many Requests"
2026-04-20,,Drugs,LLY,fmp,sector_company,,,,,,Financial Modeling Prep stable historical-price-eod/full,provider_error,"HTTP 429: {
  ""Error Message"": ""Limit Reach . Please upgrade your plan or visit our documentation for more details at https://site.financialmodelingprep.com/""
}; Yahoo fallback error: HTTP Error 429: Too Many Requests"
2026-04-30,,Drugs,LLY,fmp,sector_company,,,,,,Financial Modeling Prep stable historical-price-eod/full,provider_error,"HTTP 429: {
  ""Error Message"": ""Limit Reach . Please upgrade your plan or visit our documentation for more details at https://site.financialmodelingprep.com/""
}; Yahoo fallback error: HTTP Error 429: Too Many Requests"
2026-05-10,,Drugs,LLY,fmp,sector_company,,,,,,Financial Modeling Prep stable historical-price-eod/full,provider_error,"HTTP 429: {
  ""Error Message"": ""Limit Reach . Please upgrade your plan or visit our documentation for more details at https://site.financialmodelingprep.com/""
}; Yahoo fallback error: HTTP Error 429: Too Many Requests"
2026-05-20,,Drugs,LLY,fmp,sector_company,,,,,,Financial Modeling Prep stable historical-price-eod/full,provider_error,"HTTP 429: {
  ""Error Message"": ""Limit Reach . Please upgrade your plan or visit our documentation for more details at https://site.financialmodelingprep.com/""
}; Yahoo fallback error: HTTP Error 429: Too Many Requests"
2026-05-30,,Drugs,LLY,fmp,sector_company,,,,,,Financial Modeling Prep stable historical-price-eod/full,provider_error,"HTTP 429: {
  ""Error Message"": ""Limit Reach . Please upgrade your plan or visit our documentation for more details at https://site.financialmodelingprep.com/""
}; Yahoo fallback error: HTTP Error 429: Too Many Requests"
2026-02-28,,Drugs,MRK,fmp,sector_company,,,,,,Financial Modeling Prep stable historical-price-eod/full,provider_error,"HTTP 429: {
  ""Error Message"": ""Limit Reach . Please upgrade your plan or visit our documentation for more details at https://site.financialmodelingprep.com/""
}; Yahoo fallback error: HTTP Error 429: Too Many Requests"
2026-03-10,,Drugs,MRK,fmp,sector_company,,,,,,Financial Modeling Prep stable historical-price-eod/full,provider_error,"HTTP 429: {
  ""Error Message"": ""Limit Reach . Please upgrade your plan or visit our documentation for more details at https://site.financialmodelingprep.com/""
}; Yahoo fallback error: HTTP Error 429: Too Many Requests"
2026-03-20,,Drugs,MRK,fmp,sector_company,,,,,,Financial Modeling Prep stable historical-price-eod/full,provider_error,"HTTP 429: {
  ""Error Message"": ""Limit Reach . Please upgrade your plan or visit our documentation for more details at https://site.financialmodelingprep.com/""
}; Yahoo fallback error: HTTP Error 429: Too Many Requests"
2026-03-30,,Drugs,MRK,fmp,sector_company,,,,,,Financial Modeling Prep stable historical-price-eod/full,provider_error,"HTTP 429: {
  ""Error Message"": ""Limit Reach . Please upgrade your plan or visit our documentation for more details at https://site.financialmodelingprep.com/""
}; Yahoo fallback error: HTTP Error 429: Too Many Requests"
2026-04-10,,Drugs,MRK,fmp,sector_company,,,,,,Financial Modeling Prep stable historical-price-eod/full,provider_error,"HTTP 429: {
  ""Error Message"": ""Limit Reach . Please upgrade your plan or visit our documentation for more details at https://site.financialmodelingprep.com/""
}; Yahoo fallback error: HTTP Error 429: Too Many Requests"
2026-04-20,,Drugs,MRK,fmp,sector_company,,,,,,Financial Modeling Prep stable historical-price-eod/full,provider_error,"HTTP 429: {
  ""Error Message"": ""Limit Reach . Please upgrade your plan or visit our documentation for more details at https://site.financialmodelingprep.com/""
}; Yahoo fallback error: HTTP Error 429: Too Many Requests"
2026-04-30,,Drugs,MRK,fmp,sector_company,,,,,,Financial Modeling Prep stable historical-price-eod/full,provider_error,"HTTP 429: {
  ""Error Message"": ""Limit Reach . Please upgrade your plan or visit our documentation for more details at https://site.financialmodelingprep.com/""
}; Yahoo fallback error: HTTP Error 429: Too Many Requests"
2026-05-10,,Drugs,MRK,fmp,sector_company,,,,,,Financial Modeling Prep stable historical-price-eod/full,provider_error,"HTTP 429: {
  ""Error Message"": ""Limit Reach . Please upgrade your plan or visit our documentation for more details at https://site.financialmodelingprep.com/""
}; Yahoo fallback error: HTTP Error 429: Too Many Requests"
2026-05-20,,Drugs,MRK,fmp,sector_company,,,,,,Financial Modeling Prep stable historical-price-eod/full,provider_error,"HTTP 429: {
  ""Error Message"": ""Limit Reach . Please upgrade your plan or visit our documentation for more details at https://site.financialmodelingprep.com/""
}; Yahoo fallback error: HTTP Error 429: Too Many Requests"
2026-05-30,,Drugs,MRK,fmp,sector_company,,,,,,Financial Modeling Prep stable historical-price-eod/full,provider_error,"HTTP 429: {
  ""Error Message"": ""Limit Reach . Please upgrade your plan or visit our documentation for more details at https://site.financialmodelingprep.com/""
}; Yahoo fallback error: HTTP Error 429: Too Many Requests"
2026-02-28,,Drugs,NVO,fmp,sector_company,,,,,,Financial Modeling Prep stable historical-price-eod/full,provider_error,"HTTP 429: {
  ""Error Message"": ""Limit Reach . Please upgrade your plan or visit our documentation for more details at https://site.financialmodelingprep.com/""
}; Yahoo fallback error: HTTP Error 429: Too Many Requests"
2026-03-10,,Drugs,NVO,fmp,sector_company,,,,,,Financial Modeling Prep stable historical-price-eod/full,provider_error,"HTTP 429: {
  ""Error Message"": ""Limit Reach . Please upgrade your plan or visit our documentation for more details at https://site.financialmodelingprep.com/""
}; Yahoo fallback error: HTTP Error 429: Too Many Requests"
2026-03-20,,Drugs,NVO,fmp,sector_company,,,,,,Financial Modeling Prep stable historical-price-eod/full,provider_error,"HTTP 429: {
  ""Error Message"": ""Limit Reach . Please upgrade your plan or visit our documentation for more details at https://site.financialmodelingprep.com/""
}; Yahoo fallback error: HTTP Error 429: Too Many Requests"
2026-03-30,,Drugs,NVO,fmp,sector_company,,,,,,Financial Modeling Prep stable historical-price-eod/full,provider_error,"HTTP 429: {
  ""Error Message"": ""Limit Reach . Please upgrade your plan or visit our documentation for more details at https://site.financialmodelingprep.com/""
}; Yahoo fallback error: HTTP Error 429: Too Many Requests"
2026-04-10,,Drugs,NVO,fmp,sector_company,,,,,,Financial Modeling Prep stable historical-price-eod/full,provider_error,"HTTP 429: {
  ""Error Message"": ""Limit Reach . Please upgrade your plan or visit our documentation for more details at https://site.financialmodelingprep.com/""
}; Yahoo fallback error: HTTP Error 429: Too Many Requests"
2026-04-20,,Drugs,NVO,fmp,sector_company,,,,,,Financial Modeling Prep stable historical-price-eod/full,provider_error,"HTTP 429: {
  ""Error Message"": ""Limit Reach . Please upgrade your plan or visit our documentation for more details at https://site.financialmodelingprep.com/""
}; Yahoo fallback error: HTTP Error 429: Too Many Requests"
2026-04-30,,Drugs,NVO,fmp,sector_company,,,,,,Financial Modeling Prep stable historical-price-eod/full,provider_error,"HTTP 429: {
  ""Error Message"": ""Limit Reach . Please upgrade your plan or visit our documentation for more details at https://site.financialmodelingprep.com/""
}; Yahoo fallback error: HTTP Error 429: Too Many Requests"
2026-05-10,,Drugs,NVO,fmp,sector_company,,,,,,Financial Modeling Prep stable historical-price-eod/full,provider_error,"HTTP 429: {
  ""Error Message"": ""Limit Reach . Please upgrade your plan or visit our documentation for more details at https://site.financialmodelingprep.com/""
}; Yahoo fallback error: HTTP Error 429: Too Many Requests"
2026-05-20,,Drugs,NVO,fmp,sector_company,,,,,,Financial Modeling Prep stable historical-price-eod/full,provider_error,"HTTP 429: {
  ""Error Message"": ""Limit Reach . Please upgrade your plan or visit our documentation for more details at https://site.financialmodelingprep.com/""
}; Yahoo fallback error: HTTP Error 429: Too Many Requests"
2026-05-30,,Drugs,NVO,fmp,sector_company,,,,,,Financial Modeling Prep stable historical-price-eod/full,provider_error,"HTTP 429: {
  ""Error Message"": ""Limit Reach . Please upgrade your plan or visit our documentation for more details at https://site.financialmodelingprep.com/""
}; Yahoo fallback error: HTTP Error 429: Too Many Requests"
2026-02-28,,Drugs,NVS,fmp,sector_company,,,,,,Financial Modeling Prep stable historical-price-eod/full,provider_error,"HTTP 429: {
  ""Error Message"": ""Limit Reach . Please upgrade your plan or visit our documentation for more details at https://site.financialmodelingprep.com/""
}; Yahoo fallback error: HTTP Error 429: Too Many Requests"
2026-03-10,,Drugs,NVS,fmp,sector_company,,,,,,Financial Modeling Prep stable historical-price-eod/full,provider_error,"HTTP 429: {
  ""Error Message"": ""Limit Reach . Please upgrade your plan or visit our documentation for more details at https://site.financialmodelingprep.com/""
}; Yahoo fallback error: HTTP Error 429: Too Many Requests"
2026-03-20,,Drugs,NVS,fmp,sector_company,,,,,,Financial Modeling Prep stable historical-price-eod/full,provider_error,"HTTP 429: {
  ""Error Message"": ""Limit Reach . Please upgrade your plan or visit our documentation for more details at https://site.financialmodelingprep.com/""
}; Yahoo fallback error: HTTP Error 429: Too Many Requests"
2026-03-30,,Drugs,NVS,fmp,sector_company,,,,,,Financial Modeling Prep stable historical-price-eod/full,provider_error,"HTTP 429: {
  ""Error Message"": ""Limit Reach . Please upgrade your plan or visit our documentation for more details at https://site.financialmodelingprep.com/""
}; Yahoo fallback error: HTTP Error 429: Too Many Requests"
2026-04-10,,Drugs,NVS,fmp,sector_company,,,,,,Financial Modeling Prep stable historical-price-eod/full,provider_error,"HTTP 429: {
  ""Error Message"": ""Limit Reach . Please upgrade your plan or visit our documentation for more details at https://site.financialmodelingprep.com/""
}; Yahoo fallback error: HTTP Error 429: Too Many Requests"
2026-04-20,,Drugs,NVS,fmp,sector_company,,,,,,Financial Modeling Prep stable historical-price-eod/full,provider_error,"HTTP 429: {
  ""Error Message"": ""Limit Reach . Please upgrade your plan or visit our documentation for more details at https://site.financialmodelingprep.com/""
}; Yahoo fallback error: HTTP Error 429: Too Many Requests"
2026-04-30,,Drugs,NVS,fmp,sector_company,,,,,,Financial Modeling Prep stable historical-price-eod/full,provider_error,"HTTP 429: {
  ""Error Message"": ""Limit Reach . Please upgrade your plan or visit our documentation for more details at https://site.financialmodelingprep.com/""
}; Yahoo fallback error: HTTP Error 429: Too Many Requests"
2026-05-10,,Drugs,NVS,fmp,sector_company,,,,,,Financial Modeling Prep stable historical-price-eod/full,provider_error,"HTTP 429: {
  ""Error Message"": ""Limit Reach . Please upgrade your plan or visit our documentation for more details at https://site.financialmodelingprep.com/""
}; Yahoo fallback error: HTTP Error 429: Too Many Requests"
2026-05-20,,Drugs,NVS,fmp,sector_company,,,,,,Financial Modeling Prep stable historical-price-eod/full,provider_error,"HTTP 429: {
  ""Error Message"": ""Limit Reach . Please upgrade your plan or visit our documentation for more details at https://site.financialmodelingprep.com/""
}; Yahoo fallback error: HTTP Error 429: Too Many Requests"
2026-05-30,,Drugs,NVS,fmp,sector_company,,,,,,Financial Modeling Prep stable historical-price-eod/full,provider_error,"HTTP 429: {
  ""Error Message"": ""Limit Reach . Please upgrade your plan or visit our documentation for more details at https://site.financialmodelingprep.com/""
}; Yahoo fallback error: HTTP Error 429: Too Many Requests"
2026-02-28,,Drugs,PFE,fmp,sector_company,,,,,,Financial Modeling Prep stable historical-price-eod/full,provider_error,"HTTP 429: {
  ""Error Message"": ""Limit Reach . Please upgrade your plan or visit our documentation for more details at https://site.financialmodelingprep.com/""
}; Yahoo fallback error: HTTP Error 429: Too Many Requests"
2026-03-10,,Drugs,PFE,fmp,sector_company,,,,,,Financial Modeling Prep stable historical-price-eod/full,provider_error,"HTTP 429: {
  ""Error Message"": ""Limit Reach . Please upgrade your plan or visit our documentation for more details at https://site.financialmodelingprep.com/""
}; Yahoo fallback error: HTTP Error 429: Too Many Requests"
2026-03-20,,Drugs,PFE,fmp,sector_company,,,,,,Financial Modeling Prep stable historical-price-eod/full,provider_error,"HTTP 429: {
  ""Error Message"": ""Limit Reach . Please upgrade your plan or visit our documentation for more details at https://site.financialmodelingprep.com/""
}; Yahoo fallback error: HTTP Error 429: Too Many Requests"
2026-03-30,,Drugs,PFE,fmp,sector_company,,,,,,Financial Modeling Prep stable historical-price-eod/full,provider_error,"HTTP 429: {
  ""Error Message"": ""Limit Reach . Please upgrade your plan or visit our documentation for more details at https://site.financialmodelingprep.com/""
}; Yahoo fallback error: HTTP Error 429: Too Many Requests"
2026-04-10,,Drugs,PFE,fmp,sector_company,,,,,,Financial Modeling Prep stable historical-price-eod/full,provider_error,"HTTP 429: {
  ""Error Message"": ""Limit Reach . Please upgrade your plan or visit our documentation for more details at https://site.financialmodelingprep.com/""
}; Yahoo fallback error: HTTP Error 429: Too Many Requests"
2026-04-20,,Drugs,PFE,fmp,sector_company,,,,,,Financial Modeling Prep stable historical-price-eod/full,provider_error,"HTTP 429: {
  ""Error Message"": ""Limit Reach . Please upgrade your plan or visit our documentation for more details at https://site.financialmodelingprep.com/""
}; Yahoo fallback error: HTTP Error 429: Too Many Requests"
2026-04-30,,Drugs,PFE,fmp,sector_company,,,,,,Financial Modeling Prep stable historical-price-eod/full,provider_error,"HTTP 429: {
  ""Error Message"": ""Limit Reach . Please upgrade your plan or visit our documentation for more details at https://site.financialmodelingprep.com/""
}; Yahoo fallback error: HTTP Error 429: Too Many Requests"
2026-05-10,,Drugs,PFE,fmp,sector_company,,,,,,Financial Modeling Prep stable historical-price-eod/full,provider_error,"HTTP 429: {
  ""Error Message"": ""Limit Reach . Please upgrade your plan or visit our documentation for more details at https://site.financialmodelingprep.com/""
}; Yahoo fallback error: HTTP Error 429: Too Many Requests"
2026-05-20,,Drugs,PFE,fmp,sector_company,,,,,,Financial Modeling Prep stable historical-price-eod/full,provider_error,"HTTP 429: {
  ""Error Message"": ""Limit Reach . Please upgrade your plan or visit our documentation for more details at https://site.financialmodelingprep.com/""
}; Yahoo fallback error: HTTP Error 429: Too Many Requests"
2026-05-30,,Drugs,PFE,fmp,sector_company,,,,,,Financial Modeling Prep stable historical-price-eod/full,provider_error,"HTTP 429: {
  ""Error Message"": ""Limit Reach . Please upgrade your plan or visit our documentation for more details at https://site.financialmodelingprep.com/""
}; Yahoo fallback error: HTTP Error 429: Too Many Requests"
2026-02-28,,Energy,COP,fmp,sector_company,,,,,,Financial Modeling Prep stable historical-price-eod/full,provider_error,"HTTP 429: {
  ""Error Message"": ""Limit Reach . Please upgrade your plan or visit our documentation for more details at https://site.financialmodelingprep.com/""
}; Yahoo fallback error: HTTP Error 429: Too Many Requests"
2026-03-10,,Energy,COP,fmp,sector_company,,,,,,Financial Modeling Prep stable historical-price-eod/full,provider_error,"HTTP 429: {
  ""Error Message"": ""Limit Reach . Please upgrade your plan or visit our documentation for more details at https://site.financialmodelingprep.com/""
}; Yahoo fallback error: HTTP Error 429: Too Many Requests"
2026-03-20,,Energy,COP,fmp,sector_company,,,,,,Financial Modeling Prep stable historical-price-eod/full,provider_error,"HTTP 429: {
  ""Error Message"": ""Limit Reach . Please upgrade your plan or visit our documentation for more details at https://site.financialmodelingprep.com/""
}; Yahoo fallback error: HTTP Error 429: Too Many Requests"
2026-03-30,,Energy,COP,fmp,sector_company,,,,,,Financial Modeling Prep stable historical-price-eod/full,provider_error,"HTTP 429: {
  ""Error Message"": ""Limit Reach . Please upgrade your plan or visit our documentation for more details at https://site.financialmodelingprep.com/""
}; Yahoo fallback error: HTTP Error 429: Too Many Requests"
2026-04-10,,Energy,COP,fmp,sector_company,,,,,,Financial Modeling Prep stable historical-price-eod/full,provider_error,"HTTP 429: {
  ""Error Message"": ""Limit Reach . Please upgrade your plan or visit our documentation for more details at https://site.financialmodelingprep.com/""
}; Yahoo fallback error: HTTP Error 429: Too Many Requests"
2026-04-20,,Energy,COP,fmp,sector_company,,,,,,Financial Modeling Prep stable historical-price-eod/full,provider_error,"HTTP 429: {
  ""Error Message"": ""Limit Reach . Please upgrade your plan or visit our documentation for more details at https://site.financialmodelingprep.com/""
}; Yahoo fallback error: HTTP Error 429: Too Many Requests"
2026-04-30,,Energy,COP,fmp,sector_company,,,,,,Financial Modeling Prep stable historical-price-eod/full,provider_error,"HTTP 429: {
  ""Error Message"": ""Limit Reach . Please upgrade your plan or visit our documentation for more details at https://site.financialmodelingprep.com/""
}; Yahoo fallback error: HTTP Error 429: Too Many Requests"
2026-05-10,,Energy,COP,fmp,sector_company,,,,,,Financial Modeling Prep stable historical-price-eod/full,provider_error,"HTTP 429: {
  ""Error Message"": ""Limit Reach . Please upgrade your plan or visit our documentation for more details at https://site.financialmodelingprep.com/""
}; Yahoo fallback error: HTTP Error 429: Too Many Requests"
2026-05-20,,Energy,COP,fmp,sector_company,,,,,,Financial Modeling Prep stable historical-price-eod/full,provider_error,"HTTP 429: {
  ""Error Message"": ""Limit Reach . Please upgrade your plan or visit our documentation for more details at https://site.financialmodelingprep.com/""
}; Yahoo fallback error: HTTP Error 429: Too Many Requests"
2026-05-30,,Energy,COP,fmp,sector_company,,,,,,Financial Modeling Prep stable historical-price-eod/full,provider_error,"HTTP 429: {
  ""Error Message"": ""Limit Reach . Please upgrade your plan or visit our documentation for more details at https://site.financialmodelingprep.com/""
}; Yahoo fallback error: HTTP Error 429: Too Many Requests"
2026-02-28,,Energy,CVX,fmp,sector_company,,,,,,Financial Modeling Prep stable historical-price-eod/full,provider_error,"HTTP 429: {
  ""Error Message"": ""Limit Reach . Please upgrade your plan or visit our documentation for more details at https://site.financialmodelingprep.com/""
}; Yahoo fallback error: HTTP Error 429: Too Many Requests"
2026-03-10,,Energy,CVX,fmp,sector_company,,,,,,Financial Modeling Prep stable historical-price-eod/full,provider_error,"HTTP 429: {
  ""Error Message"": ""Limit Reach . Please upgrade your plan or visit our documentation for more details at https://site.financialmodelingprep.com/""
}; Yahoo fallback error: HTTP Error 429: Too Many Requests"
2026-03-20,,Energy,CVX,fmp,sector_company,,,,,,Financial Modeling Prep stable historical-price-eod/full,provider_error,"HTTP 429: {
  ""Error Message"": ""Limit Reach . Please upgrade your plan or visit our documentation for more details at https://site.financialmodelingprep.com/""
}; Yahoo fallback error: HTTP Error 429: Too Many Requests"
2026-03-30,,Energy,CVX,fmp,sector_company,,,,,,Financial Modeling Prep stable historical-price-eod/full,provider_error,"HTTP 429: {
  ""Error Message"": ""Limit Reach . Please upgrade your plan or visit our documentation for more details at https://site.financialmodelingprep.com/""
}; Yahoo fallback error: HTTP Error 429: Too Many Requests"
2026-04-10,,Energy,CVX,fmp,sector_company,,,,,,Financial Modeling Prep stable historical-price-eod/full,provider_error,"HTTP 429: {
  ""Error Message"": ""Limit Reach . Please upgrade your plan or visit our documentation for more details at https://site.financialmodelingprep.com/""
}; Yahoo fallback error: HTTP Error 429: Too Many Requests"
2026-04-20,,Energy,CVX,fmp,sector_company,,,,,,Financial Modeling Prep stable historical-price-eod/full,provider_error,"HTTP 429: {
  ""Error Message"": ""Limit Reach . Please upgrade your plan or visit our documentation for more details at https://site.financialmodelingprep.com/""
}; Yahoo fallback error: HTTP Error 429: Too Many Requests"
2026-04-30,,Energy,CVX,fmp,sector_company,,,,,,Financial Modeling Prep stable historical-price-eod/full,provider_error,"HTTP 429: {
  ""Error Message"": ""Limit Reach . Please upgrade your plan or visit our documentation for more details at https://site.financialmodelingprep.com/""
}; Yahoo fallback error: HTTP Error 429: Too Many Requests"
2026-05-10,,Energy,CVX,fmp,sector_company,,,,,,Financial Modeling Prep stable historical-price-eod/full,provider_error,"HTTP 429: {
  ""Error Message"": ""Limit Reach . Please upgrade your plan or visit our documentation for more details at https://site.financialmodelingprep.com/""
}; Yahoo fallback error: HTTP Error 429: Too Many Requests"
2026-05-20,,Energy,CVX,fmp,sector_company,,,,,,Financial Modeling Prep stable historical-price-eod/full,provider_error,"HTTP 429: {
  ""Error Message"": ""Limit Reach . Please upgrade your plan or visit our documentation for more details at https://site.financialmodelingprep.com/""
}; Yahoo fallback error: HTTP Error 429: Too Many Requests"
2026-05-30,,Energy,CVX,fmp,sector_company,,,,,,Financial Modeling Prep stable historical-price-eod/full,provider_error,"HTTP 429: {
  ""Error Message"": ""Limit Reach . Please upgrade your plan or visit our documentation for more details at https://site.financialmodelingprep.com/""
}; Yahoo fallback error: HTTP Error 429: Too Many Requests"
2026-02-28,,Energy,EOG,fmp,sector_company,,,,,,Financial Modeling Prep stable historical-price-eod/full,provider_error,"HTTP 429: {
  ""Error Message"": ""Limit Reach . Please upgrade your plan or visit our documentation for more details at https://site.financialmodelingprep.com/""
}; Yahoo fallback error: HTTP Error 429: Too Many Requests"
2026-03-10,,Energy,EOG,fmp,sector_company,,,,,,Financial Modeling Prep stable historical-price-eod/full,provider_error,"HTTP 429: {
  ""Error Message"": ""Limit Reach . Please upgrade your plan or visit our documentation for more details at https://site.financialmodelingprep.com/""
}; Yahoo fallback error: HTTP Error 429: Too Many Requests"
2026-03-20,,Energy,EOG,fmp,sector_company,,,,,,Financial Modeling Prep stable historical-price-eod/full,provider_error,"HTTP 429: {
  ""Error Message"": ""Limit Reach . Please upgrade your plan or visit our documentation for more details at https://site.financialmodelingprep.com/""
}; Yahoo fallback error: HTTP Error 429: Too Many Requests"
2026-03-30,,Energy,EOG,fmp,sector_company,,,,,,Financial Modeling Prep stable historical-price-eod/full,provider_error,"HTTP 429: {
  ""Error Message"": ""Limit Reach . Please upgrade your plan or visit our documentation for more details at https://site.financialmodelingprep.com/""
}; Yahoo fallback error: HTTP Error 429: Too Many Requests"
2026-04-10,,Energy,EOG,fmp,sector_company,,,,,,Financial Modeling Prep stable historical-price-eod/full,provider_error,"HTTP 429: {
  ""Error Message"": ""Limit Reach . Please upgrade your plan or visit our documentation for more details at https://site.financialmodelingprep.com/""
}; Yahoo fallback error: HTTP Error 429: Too Many Requests"
2026-04-20,,Energy,EOG,fmp,sector_company,,,,,,Financial Modeling Prep stable historical-price-eod/full,provider_error,"HTTP 429: {
  ""Error Message"": ""Limit Reach . Please upgrade your plan or visit our documentation for more details at https://site.financialmodelingprep.com/""
}; Yahoo fallback error: HTTP Error 429: Too Many Requests"
2026-04-30,,Energy,EOG,fmp,sector_company,,,,,,Financial Modeling Prep stable historical-price-eod/full,provider_error,"HTTP 429: {
  ""Error Message"": ""Limit Reach . Please upgrade your plan or visit our documentation for more details at https://site.financialmodelingprep.com/""
}; Yahoo fallback error: HTTP Error 429: Too Many Requests"
2026-05-10,,Energy,EOG,fmp,sector_company,,,,,,Financial Modeling Prep stable historical-price-eod/full,provider_error,"HTTP 429: {
  ""Error Message"": ""Limit Reach . Please upgrade your plan or visit our documentation for more details at https://site.financialmodelingprep.com/""
}; Yahoo fallback error: HTTP Error 429: Too Many Requests"
2026-05-20,,Energy,EOG,fmp,sector_company,,,,,,Financial Modeling Prep stable historical-price-eod/full,provider_error,"HTTP 429: {
  ""Error Message"": ""Limit Reach . Please upgrade your plan or visit our documentation for more details at https://site.financialmodelingprep.com/""
}; Yahoo fallback error: HTTP Error 429: Too Many Requests"
2026-05-30,,Energy,EOG,fmp,sector_company,,,,,,Financial Modeling Prep stable historical-price-eod/full,provider_error,"HTTP 429: {
  ""Error Message"": ""Limit Reach . Please upgrade your plan or visit our documentation for more details at https://site.financialmodelingprep.com/""
}; Yahoo fallback error: HTTP Error 429: Too Many Requests"
2026-02-28,,Energy,SHEL,fmp,sector_company,,,,,,Financial Modeling Prep stable historical-price-eod/full,provider_error,"HTTP 429: {
  ""Error Message"": ""Limit Reach . Please upgrade your plan or visit our documentation for more details at https://site.financialmodelingprep.com/""
}; Yahoo fallback error: HTTP Error 429: Too Many Requests"
2026-03-10,,Energy,SHEL,fmp,sector_company,,,,,,Financial Modeling Prep stable historical-price-eod/full,provider_error,"HTTP 429: {
  ""Error Message"": ""Limit Reach . Please upgrade your plan or visit our documentation for more details at https://site.financialmodelingprep.com/""
}; Yahoo fallback error: HTTP Error 429: Too Many Requests"
2026-03-20,,Energy,SHEL,fmp,sector_company,,,,,,Financial Modeling Prep stable historical-price-eod/full,provider_error,"HTTP 429: {
  ""Error Message"": ""Limit Reach . Please upgrade your plan or visit our documentation for more details at https://site.financialmodelingprep.com/""
}; Yahoo fallback error: HTTP Error 429: Too Many Requests"
2026-03-30,,Energy,SHEL,fmp,sector_company,,,,,,Financial Modeling Prep stable historical-price-eod/full,provider_error,"HTTP 429: {
  ""Error Message"": ""Limit Reach . Please upgrade your plan or visit our documentation for more details at https://site.financialmodelingprep.com/""
}; Yahoo fallback error: HTTP Error 429: Too Many Requests"
2026-04-10,,Energy,SHEL,fmp,sector_company,,,,,,Financial Modeling Prep stable historical-price-eod/full,provider_error,"HTTP 429: {
  ""Error Message"": ""Limit Reach . Please upgrade your plan or visit our documentation for more details at https://site.financialmodelingprep.com/""
}; Yahoo fallback error: HTTP Error 429: Too Many Requests"
2026-04-20,,Energy,SHEL,fmp,sector_company,,,,,,Financial Modeling Prep stable historical-price-eod/full,provider_error,"HTTP 429: {
  ""Error Message"": ""Limit Reach . Please upgrade your plan or visit our documentation for more details at https://site.financialmodelingprep.com/""
}; Yahoo fallback error: HTTP Error 429: Too Many Requests"
2026-04-30,,Energy,SHEL,fmp,sector_company,,,,,,Financial Modeling Prep stable historical-price-eod/full,provider_error,"HTTP 429: {
  ""Error Message"": ""Limit Reach . Please upgrade your plan or visit our documentation for more details at https://site.financialmodelingprep.com/""
}; Yahoo fallback error: HTTP Error 429: Too Many Requests"
2026-05-10,,Energy,SHEL,fmp,sector_company,,,,,,Financial Modeling Prep stable historical-price-eod/full,provider_error,"HTTP 429: {
  ""Error Message"": ""Limit Reach . Please upgrade your plan or visit our documentation for more details at https://site.financialmodelingprep.com/""
}; Yahoo fallback error: HTTP Error 429: Too Many Requests"
2026-05-20,,Energy,SHEL,fmp,sector_company,,,,,,Financial Modeling Prep stable historical-price-eod/full,provider_error,"HTTP 429: {
  ""Error Message"": ""Limit Reach . Please upgrade your plan or visit our documentation for more details at https://site.financialmodelingprep.com/""
}; Yahoo fallback error: HTTP Error 429: Too Many Requests"
2026-05-30,,Energy,SHEL,fmp,sector_company,,,,,,Financial Modeling Prep stable historical-price-eod/full,provider_error,"HTTP 429: {
  ""Error Message"": ""Limit Reach . Please upgrade your plan or visit our documentation for more details at https://site.financialmodelingprep.com/""
}; Yahoo fallback error: HTTP Error 429: Too Many Requests"
2026-02-28,,Energy,SLB,fmp,sector_company,,,,,,Financial Modeling Prep stable historical-price-eod/full,provider_error,"HTTP 429: {
  ""Error Message"": ""Limit Reach . Please upgrade your plan or visit our documentation for more details at https://site.financialmodelingprep.com/""
}; Yahoo fallback error: HTTP Error 429: Too Many Requests"
2026-03-10,,Energy,SLB,fmp,sector_company,,,,,,Financial Modeling Prep stable historical-price-eod/full,provider_error,"HTTP 429: {
  ""Error Message"": ""Limit Reach . Please upgrade your plan or visit our documentation for more details at https://site.financialmodelingprep.com/""
}; Yahoo fallback error: HTTP Error 429: Too Many Requests"
2026-03-20,,Energy,SLB,fmp,sector_company,,,,,,Financial Modeling Prep stable historical-price-eod/full,provider_error,"HTTP 429: {
  ""Error Message"": ""Limit Reach . Please upgrade your plan or visit our documentation for more details at https://site.financialmodelingprep.com/""
}; Yahoo fallback error: HTTP Error 429: Too Many Requests"
2026-03-30,,Energy,SLB,fmp,sector_company,,,,,,Financial Modeling Prep stable historical-price-eod/full,provider_error,"HTTP 429: {
  ""Error Message"": ""Limit Reach . Please upgrade your plan or visit our documentation for more details at https://site.financialmodelingprep.com/""
}; Yahoo fallback error: HTTP Error 429: Too Many Requests"
2026-04-10,,Energy,SLB,fmp,sector_company,,,,,,Financial Modeling Prep stable historical-price-eod/full,provider_error,"HTTP 429: {
  ""Error Message"": ""Limit Reach . Please upgrade your plan or visit our documentation for more details at https://site.financialmodelingprep.com/""
}; Yahoo fallback error: HTTP Error 429: Too Many Requests"
2026-04-20,,Energy,SLB,fmp,sector_company,,,,,,Financial Modeling Prep stable historical-price-eod/full,provider_error,"HTTP 429: {
  ""Error Message"": ""Limit Reach . Please upgrade your plan or visit our documentation for more details at https://site.financialmodelingprep.com/""
}; Yahoo fallback error: HTTP Error 429: Too Many Requests"
2026-04-30,,Energy,SLB,fmp,sector_company,,,,,,Financial Modeling Prep stable historical-price-eod/full,provider_error,"HTTP 429: {
  ""Error Message"": ""Limit Reach . Please upgrade your plan or visit our documentation for more details at https://site.financialmodelingprep.com/""
}; Yahoo fallback error: HTTP Error 429: Too Many Requests"
2026-05-10,,Energy,SLB,fmp,sector_company,,,,,,Financial Modeling Prep stable historical-price-eod/full,provider_error,"HTTP 429: {
  ""Error Message"": ""Limit Reach . Please upgrade your plan or visit our documentation for more details at https://site.financialmodelingprep.com/""
}; Yahoo fallback error: HTTP Error 429: Too Many Requests"
2026-05-20,,Energy,SLB,fmp,sector_company,,,,,,Financial Modeling Prep stable historical-price-eod/full,provider_error,"HTTP 429: {
  ""Error Message"": ""Limit Reach . Please upgrade your plan or visit our documentation for more details at https://site.financialmodelingprep.com/""
}; Yahoo fallback error: HTTP Error 429: Too Many Requests"
2026-05-30,,Energy,SLB,fmp,sector_company,,,,,,Financial Modeling Prep stable historical-price-eod/full,provider_error,"HTTP 429: {
  ""Error Message"": ""Limit Reach . Please upgrade your plan or visit our documentation for more details at https://site.financialmodelingprep.com/""
}; Yahoo fallback error: HTTP Error 429: Too Many Requests"
2026-02-28,,Energy,TTE,fmp,sector_company,,,,,,Financial Modeling Prep stable historical-price-eod/full,provider_error,"HTTP 429: {
  ""Error Message"": ""Limit Reach . Please upgrade your plan or visit our documentation for more details at https://site.financialmodelingprep.com/""
}; Yahoo fallback error: HTTP Error 429: Too Many Requests"
2026-03-10,,Energy,TTE,fmp,sector_company,,,,,,Financial Modeling Prep stable historical-price-eod/full,provider_error,"HTTP 429: {
  ""Error Message"": ""Limit Reach . Please upgrade your plan or visit our documentation for more details at https://site.financialmodelingprep.com/""
}; Yahoo fallback error: HTTP Error 429: Too Many Requests"
2026-03-20,,Energy,TTE,fmp,sector_company,,,,,,Financial Modeling Prep stable historical-price-eod/full,provider_error,"HTTP 429: {
  ""Error Message"": ""Limit Reach . Please upgrade your plan or visit our documentation for more details at https://site.financialmodelingprep.com/""
}; Yahoo fallback error: HTTP Error 429: Too Many Requests"
2026-03-30,,Energy,TTE,fmp,sector_company,,,,,,Financial Modeling Prep stable historical-price-eod/full,provider_error,"HTTP 429: {
  ""Error Message"": ""Limit Reach . Please upgrade your plan or visit our documentation for more details at https://site.financialmodelingprep.com/""
}; Yahoo fallback error: HTTP Error 429: Too Many Requests"
2026-04-10,,Energy,TTE,fmp,sector_company,,,,,,Financial Modeling Prep stable historical-price-eod/full,provider_error,"HTTP 429: {
  ""Error Message"": ""Limit Reach . Please upgrade your plan or visit our documentation for more details at https://site.financialmodelingprep.com/""
}; Yahoo fallback error: HTTP Error 429: Too Many Requests"
2026-04-20,,Energy,TTE,fmp,sector_company,,,,,,Financial Modeling Prep stable historical-price-eod/full,provider_error,"HTTP 429: {
  ""Error Message"": ""Limit Reach . Please upgrade your plan or visit our documentation for more details at https://site.financialmodelingprep.com/""
}; Yahoo fallback error: HTTP Error 429: Too Many Requests"
2026-04-30,,Energy,TTE,fmp,sector_company,,,,,,Financial Modeling Prep stable historical-price-eod/full,provider_error,"HTTP 429: {
  ""Error Message"": ""Limit Reach . Please upgrade your plan or visit our documentation for more details at https://site.financialmodelingprep.com/""
}; Yahoo fallback error: HTTP Error 429: Too Many Requests"
2026-05-10,,Energy,TTE,fmp,sector_company,,,,,,Financial Modeling Prep stable historical-price-eod/full,provider_error,"HTTP 429: {
  ""Error Message"": ""Limit Reach . Please upgrade your plan or visit our documentation for more details at https://site.financialmodelingprep.com/""
}; Yahoo fallback error: HTTP Error 429: Too Many Requests"
2026-05-20,,Energy,TTE,fmp,sector_company,,,,,,Financial Modeling Prep stable historical-price-eod/full,provider_error,"HTTP 429: {
  ""Error Message"": ""Limit Reach . Please upgrade your plan or visit our documentation for more details at https://site.financialmodelingprep.com/""
}; Yahoo fallback error: HTTP Error 429: Too Many Requests"
2026-05-30,,Energy,TTE,fmp,sector_company,,,,,,Financial Modeling Prep stable historical-price-eod/full,provider_error,"HTTP 429: {
  ""Error Message"": ""Limit Reach . Please upgrade your plan or visit our documentation for more details at https://site.financialmodelingprep.com/""
}; Yahoo fallback error: HTTP Error 429: Too Many Requests"
2026-02-28,,Energy,XOM,fmp,sector_company,,,,,,Financial Modeling Prep stable historical-price-eod/full,provider_error,"HTTP 429: {
  ""Error Message"": ""Limit Reach . Please upgrade your plan or visit our documentation for more details at https://site.financialmodelingprep.com/""
}; Yahoo fallback error: HTTP Error 429: Too Many Requests"
2026-03-10,,Energy,XOM,fmp,sector_company,,,,,,Financial Modeling Prep stable historical-price-eod/full,provider_error,"HTTP 429: {
  ""Error Message"": ""Limit Reach . Please upgrade your plan or visit our documentation for more details at https://site.financialmodelingprep.com/""
}; Yahoo fallback error: HTTP Error 429: Too Many Requests"
2026-03-20,,Energy,XOM,fmp,sector_company,,,,,,Financial Modeling Prep stable historical-price-eod/full,provider_error,"HTTP 429: {
  ""Error Message"": ""Limit Reach . Please upgrade your plan or visit our documentation for more details at https://site.financialmodelingprep.com/""
}; Yahoo fallback error: HTTP Error 429: Too Many Requests"
2026-03-30,,Energy,XOM,fmp,sector_company,,,,,,Financial Modeling Prep stable historical-price-eod/full,provider_error,"HTTP 429: {
  ""Error Message"": ""Limit Reach . Please upgrade your plan or visit our documentation for more details at https://site.financialmodelingprep.com/""
}; Yahoo fallback error: HTTP Error 429: Too Many Requests"
2026-04-10,,Energy,XOM,fmp,sector_company,,,,,,Financial Modeling Prep stable historical-price-eod/full,provider_error,"HTTP 429: {
  ""Error Message"": ""Limit Reach . Please upgrade your plan or visit our documentation for more details at https://site.financialmodelingprep.com/""
}; Yahoo fallback error: HTTP Error 429: Too Many Requests"
2026-04-20,,Energy,XOM,fmp,sector_company,,,,,,Financial Modeling Prep stable historical-price-eod/full,provider_error,"HTTP 429: {
  ""Error Message"": ""Limit Reach . Please upgrade your plan or visit our documentation for more details at https://site.financialmodelingprep.com/""
}; Yahoo fallback error: HTTP Error 429: Too Many Requests"
2026-04-30,,Energy,XOM,fmp,sector_company,,,,,,Financial Modeling Prep stable historical-price-eod/full,provider_error,"HTTP 429: {
  ""Error Message"": ""Limit Reach . Please upgrade your plan or visit our documentation for more details at https://site.financialmodelingprep.com/""
}; Yahoo fallback error: HTTP Error 429: Too Many Requests"
2026-05-10,,Energy,XOM,fmp,sector_company,,,,,,Financial Modeling Prep stable historical-price-eod/full,provider_error,"HTTP 429: {
  ""Error Message"": ""Limit Reach . Please upgrade your plan or visit our documentation for more details at https://site.financialmodelingprep.com/""
}; Yahoo fallback error: HTTP Error 429: Too Many Requests"
2026-05-20,,Energy,XOM,fmp,sector_company,,,,,,Financial Modeling Prep stable historical-price-eod/full,provider_error,"HTTP 429: {
  ""Error Message"": ""Limit Reach . Please upgrade your plan or visit our documentation for more details at https://site.financialmodelingprep.com/""
}; Yahoo fallback error: HTTP Error 429: Too Many Requests"
2026-05-30,,Energy,XOM,fmp,sector_company,,,,,,Financial Modeling Prep stable historical-price-eod/full,provider_error,"HTTP 429: {
  ""Error Message"": ""Limit Reach . Please upgrade your plan or visit our documentation for more details at https://site.financialmodelingprep.com/""
}; Yahoo fallback error: HTTP Error 429: Too Many Requests"
2026-02-28,,Food & Staples,COST,fmp,sector_company,,,,,,Financial Modeling Prep stable historical-price-eod/full,provider_error,"HTTP 429: {
  ""Error Message"": ""Limit Reach . Please upgrade your plan or visit our documentation for more details at https://site.financialmodelingprep.com/""
}; Yahoo fallback error: HTTP Error 429: Too Many Requests"
2026-03-10,,Food & Staples,COST,fmp,sector_company,,,,,,Financial Modeling Prep stable historical-price-eod/full,provider_error,"HTTP 429: {
  ""Error Message"": ""Limit Reach . Please upgrade your plan or visit our documentation for more details at https://site.financialmodelingprep.com/""
}; Yahoo fallback error: HTTP Error 429: Too Many Requests"
2026-03-20,,Food & Staples,COST,fmp,sector_company,,,,,,Financial Modeling Prep stable historical-price-eod/full,provider_error,"HTTP 429: {
  ""Error Message"": ""Limit Reach . Please upgrade your plan or visit our documentation for more details at https://site.financialmodelingprep.com/""
}; Yahoo fallback error: HTTP Error 429: Too Many Requests"
2026-03-30,,Food & Staples,COST,fmp,sector_company,,,,,,Financial Modeling Prep stable historical-price-eod/full,provider_error,"HTTP 429: {
  ""Error Message"": ""Limit Reach . Please upgrade your plan or visit our documentation for more details at https://site.financialmodelingprep.com/""
}; Yahoo fallback error: HTTP Error 429: Too Many Requests"
2026-04-10,,Food & Staples,COST,fmp,sector_company,,,,,,Financial Modeling Prep stable historical-price-eod/full,provider_error,"HTTP 429: {
  ""Error Message"": ""Limit Reach . Please upgrade your plan or visit our documentation for more details at https://site.financialmodelingprep.com/""
}; Yahoo fallback error: HTTP Error 429: Too Many Requests"
2026-04-20,,Food & Staples,COST,fmp,sector_company,,,,,,Financial Modeling Prep stable historical-price-eod/full,provider_error,"HTTP 429: {
  ""Error Message"": ""Limit Reach . Please upgrade your plan or visit our documentation for more details at https://site.financialmodelingprep.com/""
}; Yahoo fallback error: HTTP Error 429: Too Many Requests"
2026-04-30,,Food & Staples,COST,fmp,sector_company,,,,,,Financial Modeling Prep stable historical-price-eod/full,provider_error,"HTTP 429: {
  ""Error Message"": ""Limit Reach . Please upgrade your plan or visit our documentation for more details at https://site.financialmodelingprep.com/""
}; Yahoo fallback error: HTTP Error 429: Too Many Requests"
2026-05-10,,Food & Staples,COST,fmp,sector_company,,,,,,Financial Modeling Prep stable historical-price-eod/full,provider_error,"HTTP 429: {
  ""Error Message"": ""Limit Reach . Please upgrade your plan or visit our documentation for more details at https://site.financialmodelingprep.com/""
}; Yahoo fallback error: HTTP Error 429: Too Many Requests"
2026-05-20,,Food & Staples,COST,fmp,sector_company,,,,,,Financial Modeling Prep stable historical-price-eod/full,provider_error,"HTTP 429: {
  ""Error Message"": ""Limit Reach . Please upgrade your plan or visit our documentation for more details at https://site.financialmodelingprep.com/""
}; Yahoo fallback error: HTTP Error 429: Too Many Requests"
2026-05-30,,Food & Staples,COST,fmp,sector_company,,,,,,Financial Modeling Prep stable historical-price-eod/full,provider_error,"HTTP 429: {
  ""Error Message"": ""Limit Reach . Please upgrade your plan or visit our documentation for more details at https://site.financialmodelingprep.com/""
}; Yahoo fallback error: HTTP Error 429: Too Many Requests"
2026-02-28,,Food & Staples,HSY,fmp,sector_company,,,,,,Financial Modeling Prep stable historical-price-eod/full,provider_error,"HTTP 429: {
  ""Error Message"": ""Limit Reach . Please upgrade your plan or visit our documentation for more details at https://site.financialmodelingprep.com/""
}; Yahoo fallback error: HTTP Error 429: Too Many Requests"
2026-03-10,,Food & Staples,HSY,fmp,sector_company,,,,,,Financial Modeling Prep stable historical-price-eod/full,provider_error,"HTTP 429: {
  ""Error Message"": ""Limit Reach . Please upgrade your plan or visit our documentation for more details at https://site.financialmodelingprep.com/""
}; Yahoo fallback error: HTTP Error 429: Too Many Requests"
2026-03-20,,Food & Staples,HSY,fmp,sector_company,,,,,,Financial Modeling Prep stable historical-price-eod/full,provider_error,"HTTP 429: {
  ""Error Message"": ""Limit Reach . Please upgrade your plan or visit our documentation for more details at https://site.financialmodelingprep.com/""
}; Yahoo fallback error: HTTP Error 429: Too Many Requests"
2026-03-30,,Food & Staples,HSY,fmp,sector_company,,,,,,Financial Modeling Prep stable historical-price-eod/full,provider_error,"HTTP 429: {
  ""Error Message"": ""Limit Reach . Please upgrade your plan or visit our documentation for more details at https://site.financialmodelingprep.com/""
}; Yahoo fallback error: HTTP Error 429: Too Many Requests"
2026-04-10,,Food & Staples,HSY,fmp,sector_company,,,,,,Financial Modeling Prep stable historical-price-eod/full,provider_error,"HTTP 429: {
  ""Error Message"": ""Limit Reach . Please upgrade your plan or visit our documentation for more details at https://site.financialmodelingprep.com/""
}; Yahoo fallback error: HTTP Error 429: Too Many Requests"
2026-04-20,,Food & Staples,HSY,fmp,sector_company,,,,,,Financial Modeling Prep stable historical-price-eod/full,provider_error,"HTTP 429: {
  ""Error Message"": ""Limit Reach . Please upgrade your plan or visit our documentation for more details at https://site.financialmodelingprep.com/""
}; Yahoo fallback error: HTTP Error 429: Too Many Requests"
2026-04-30,,Food & Staples,HSY,fmp,sector_company,,,,,,Financial Modeling Prep stable historical-price-eod/full,provider_error,"HTTP 429: {
  ""Error Message"": ""Limit Reach . Please upgrade your plan or visit our documentation for more details at https://site.financialmodelingprep.com/""
}; Yahoo fallback error: HTTP Error 429: Too Many Requests"
2026-05-10,,Food & Staples,HSY,fmp,sector_company,,,,,,Financial Modeling Prep stable historical-price-eod/full,provider_error,"HTTP 429: {
  ""Error Message"": ""Limit Reach . Please upgrade your plan or visit our documentation for more details at https://site.financialmodelingprep.com/""
}; Yahoo fallback error: HTTP Error 429: Too Many Requests"
2026-05-20,,Food & Staples,HSY,fmp,sector_company,,,,,,Financial Modeling Prep stable historical-price-eod/full,provider_error,"HTTP 429: {
  ""Error Message"": ""Limit Reach . Please upgrade your plan or visit our documentation for more details at https://site.financialmodelingprep.com/""
}; Yahoo fallback error: HTTP Error 429: Too Many Requests"
2026-05-30,,Food & Staples,HSY,fmp,sector_company,,,,,,Financial Modeling Prep stable historical-price-eod/full,provider_error,"HTTP 429: {
  ""Error Message"": ""Limit Reach . Please upgrade your plan or visit our documentation for more details at https://site.financialmodelingprep.com/""
}; Yahoo fallback error: HTTP Error 429: Too Many Requests"
2026-02-28,,Food & Staples,KO,fmp,sector_company,,,,,,Financial Modeling Prep stable historical-price-eod/full,provider_error,"HTTP 429: {
  ""Error Message"": ""Limit Reach . Please upgrade your plan or visit our documentation for more details at https://site.financialmodelingprep.com/""
}; Yahoo fallback error: HTTP Error 429: Too Many Requests"
2026-03-10,,Food & Staples,KO,fmp,sector_company,,,,,,Financial Modeling Prep stable historical-price-eod/full,provider_error,"HTTP 429: {
  ""Error Message"": ""Limit Reach . Please upgrade your plan or visit our documentation for more details at https://site.financialmodelingprep.com/""
}; Yahoo fallback error: HTTP Error 429: Too Many Requests"
2026-03-20,,Food & Staples,KO,fmp,sector_company,,,,,,Financial Modeling Prep stable historical-price-eod/full,provider_error,"HTTP 429: {
  ""Error Message"": ""Limit Reach . Please upgrade your plan or visit our documentation for more details at https://site.financialmodelingprep.com/""
}; Yahoo fallback error: HTTP Error 429: Too Many Requests"
2026-03-30,,Food & Staples,KO,fmp,sector_company,,,,,,Financial Modeling Prep stable historical-price-eod/full,provider_error,"HTTP 429: {
  ""Error Message"": ""Limit Reach . Please upgrade your plan or visit our documentation for more details at https://site.financialmodelingprep.com/""
}; Yahoo fallback error: HTTP Error 429: Too Many Requests"
2026-04-10,,Food & Staples,KO,fmp,sector_company,,,,,,Financial Modeling Prep stable historical-price-eod/full,provider_error,"HTTP 429: {
  ""Error Message"": ""Limit Reach . Please upgrade your plan or visit our documentation for more details at https://site.financialmodelingprep.com/""
}; Yahoo fallback error: HTTP Error 429: Too Many Requests"
2026-04-20,,Food & Staples,KO,fmp,sector_company,,,,,,Financial Modeling Prep stable historical-price-eod/full,provider_error,"HTTP 429: {
  ""Error Message"": ""Limit Reach . Please upgrade your plan or visit our documentation for more details at https://site.financialmodelingprep.com/""
}; Yahoo fallback error: HTTP Error 429: Too Many Requests"
2026-04-30,,Food & Staples,KO,fmp,sector_company,,,,,,Financial Modeling Prep stable historical-price-eod/full,provider_error,"HTTP 429: {
  ""Error Message"": ""Limit Reach . Please upgrade your plan or visit our documentation for more details at https://site.financialmodelingprep.com/""
}; Yahoo fallback error: HTTP Error 429: Too Many Requests"
2026-05-10,,Food & Staples,KO,fmp,sector_company,,,,,,Financial Modeling Prep stable historical-price-eod/full,provider_error,"HTTP 429: {
  ""Error Message"": ""Limit Reach . Please upgrade your plan or visit our documentation for more details at https://site.financialmodelingprep.com/""
}; Yahoo fallback error: HTTP Error 429: Too Many Requests"
2026-05-20,,Food & Staples,KO,fmp,sector_company,,,,,,Financial Modeling Prep stable historical-price-eod/full,provider_error,"HTTP 429: {
  ""Error Message"": ""Limit Reach . Please upgrade your plan or visit our documentation for more details at https://site.financialmodelingprep.com/""
}; Yahoo fallback error: HTTP Error 429: Too Many Requests"
2026-05-30,,Food & Staples,KO,fmp,sector_company,,,,,,Financial Modeling Prep stable historical-price-eod/full,provider_error,"HTTP 429: {
  ""Error Message"": ""Limit Reach . Please upgrade your plan or visit our documentation for more details at https://site.financialmodelingprep.com/""
}; Yahoo fallback error: HTTP Error 429: Too Many Requests"
2026-02-28,,Food & Staples,MCD,fmp,sector_company,,,,,,Financial Modeling Prep stable historical-price-eod/full,provider_error,"HTTP 429: {
  ""Error Message"": ""Limit Reach . Please upgrade your plan or visit our documentation for more details at https://site.financialmodelingprep.com/""
}; Yahoo fallback error: HTTP Error 429: Too Many Requests"
2026-03-10,,Food & Staples,MCD,fmp,sector_company,,,,,,Financial Modeling Prep stable historical-price-eod/full,provider_error,"HTTP 429: {
  ""Error Message"": ""Limit Reach . Please upgrade your plan or visit our documentation for more details at https://site.financialmodelingprep.com/""
}; Yahoo fallback error: HTTP Error 429: Too Many Requests"
2026-03-20,,Food & Staples,MCD,fmp,sector_company,,,,,,Financial Modeling Prep stable historical-price-eod/full,provider_error,"HTTP 429: {
  ""Error Message"": ""Limit Reach . Please upgrade your plan or visit our documentation for more details at https://site.financialmodelingprep.com/""
}; Yahoo fallback error: HTTP Error 429: Too Many Requests"
2026-03-30,,Food & Staples,MCD,fmp,sector_company,,,,,,Financial Modeling Prep stable historical-price-eod/full,provider_error,"HTTP 429: {
  ""Error Message"": ""Limit Reach . Please upgrade your plan or visit our documentation for more details at https://site.financialmodelingprep.com/""
}; Yahoo fallback error: HTTP Error 429: Too Many Requests"
2026-04-10,,Food & Staples,MCD,fmp,sector_company,,,,,,Financial Modeling Prep stable historical-price-eod/full,provider_error,"HTTP 429: {
  ""Error Message"": ""Limit Reach . Please upgrade your plan or visit our documentation for more details at https://site.financialmodelingprep.com/""
}; Yahoo fallback error: HTTP Error 429: Too Many Requests"
2026-04-20,,Food & Staples,MCD,fmp,sector_company,,,,,,Financial Modeling Prep stable historical-price-eod/full,provider_error,"HTTP 429: {
  ""Error Message"": ""Limit Reach . Please upgrade your plan or visit our documentation for more details at https://site.financialmodelingprep.com/""
}; Yahoo fallback error: HTTP Error 429: Too Many Requests"
2026-04-30,,Food & Staples,MCD,fmp,sector_company,,,,,,Financial Modeling Prep stable historical-price-eod/full,provider_error,"HTTP 429: {
  ""Error Message"": ""Limit Reach . Please upgrade your plan or visit our documentation for more details at https://site.financialmodelingprep.com/""
}; Yahoo fallback error: HTTP Error 429: Too Many Requests"
2026-05-10,,Food & Staples,MCD,fmp,sector_company,,,,,,Financial Modeling Prep stable historical-price-eod/full,provider_error,"HTTP 429: {
  ""Error Message"": ""Limit Reach . Please upgrade your plan or visit our documentation for more details at https://site.financialmodelingprep.com/""
}; Yahoo fallback error: HTTP Error 429: Too Many Requests"
2026-05-20,,Food & Staples,MCD,fmp,sector_company,,,,,,Financial Modeling Prep stable historical-price-eod/full,provider_error,"HTTP 429: {
  ""Error Message"": ""Limit Reach . Please upgrade your plan or visit our documentation for more details at https://site.financialmodelingprep.com/""
}; Yahoo fallback error: HTTP Error 429: Too Many Requests"
2026-05-30,,Food & Staples,MCD,fmp,sector_company,,,,,,Financial Modeling Prep stable historical-price-eod/full,provider_error,"HTTP 429: {
  ""Error Message"": ""Limit Reach . Please upgrade your plan or visit our documentation for more details at https://site.financialmodelingprep.com/""
}; Yahoo fallback error: HTTP Error 429: Too Many Requests"
2026-02-28,,Food & Staples,MDLZ,fmp,sector_company,,,,,,Financial Modeling Prep stable historical-price-eod/full,provider_error,"HTTP 429: {
  ""Error Message"": ""Limit Reach . Please upgrade your plan or visit our documentation for more details at https://site.financialmodelingprep.com/""
}; Yahoo fallback error: HTTP Error 429: Too Many Requests"
2026-03-10,,Food & Staples,MDLZ,fmp,sector_company,,,,,,Financial Modeling Prep stable historical-price-eod/full,provider_error,"HTTP 429: {
  ""Error Message"": ""Limit Reach . Please upgrade your plan or visit our documentation for more details at https://site.financialmodelingprep.com/""
}; Yahoo fallback error: HTTP Error 429: Too Many Requests"
2026-03-20,,Food & Staples,MDLZ,fmp,sector_company,,,,,,Financial Modeling Prep stable historical-price-eod/full,provider_error,"HTTP 429: {
  ""Error Message"": ""Limit Reach . Please upgrade your plan or visit our documentation for more details at https://site.financialmodelingprep.com/""
}; Yahoo fallback error: HTTP Error 429: Too Many Requests"
2026-03-30,,Food & Staples,MDLZ,fmp,sector_company,,,,,,Financial Modeling Prep stable historical-price-eod/full,provider_error,"HTTP 429: {
  ""Error Message"": ""Limit Reach . Please upgrade your plan or visit our documentation for more details at https://site.financialmodelingprep.com/""
}; Yahoo fallback error: HTTP Error 429: Too Many Requests"
2026-04-10,,Food & Staples,MDLZ,fmp,sector_company,,,,,,Financial Modeling Prep stable historical-price-eod/full,provider_error,"HTTP 429: {
  ""Error Message"": ""Limit Reach . Please upgrade your plan or visit our documentation for more details at https://site.financialmodelingprep.com/""
}; Yahoo fallback error: HTTP Error 429: Too Many Requests"
2026-04-20,,Food & Staples,MDLZ,fmp,sector_company,,,,,,Financial Modeling Prep stable historical-price-eod/full,provider_error,"HTTP 429: {
  ""Error Message"": ""Limit Reach . Please upgrade your plan or visit our documentation for more details at https://site.financialmodelingprep.com/""
}; Yahoo fallback error: HTTP Error 429: Too Many Requests"
2026-04-30,,Food & Staples,MDLZ,fmp,sector_company,,,,,,Financial Modeling Prep stable historical-price-eod/full,provider_error,"HTTP 429: {
  ""Error Message"": ""Limit Reach . Please upgrade your plan or visit our documentation for more details at https://site.financialmodelingprep.com/""
}; Yahoo fallback error: HTTP Error 429: Too Many Requests"
2026-05-10,,Food & Staples,MDLZ,fmp,sector_company,,,,,,Financial Modeling Prep stable historical-price-eod/full,provider_error,"HTTP 429: {
  ""Error Message"": ""Limit Reach . Please upgrade your plan or visit our documentation for more details at https://site.financialmodelingprep.com/""
}; Yahoo fallback error: HTTP Error 429: Too Many Requests"
2026-05-20,,Food & Staples,MDLZ,fmp,sector_company,,,,,,Financial Modeling Prep stable historical-price-eod/full,provider_error,"HTTP 429: {
  ""Error Message"": ""Limit Reach . Please upgrade your plan or visit our documentation for more details at https://site.financialmodelingprep.com/""
}; Yahoo fallback error: HTTP Error 429: Too Many Requests"
2026-05-30,,Food & Staples,MDLZ,fmp,sector_company,,,,,,Financial Modeling Prep stable historical-price-eod/full,provider_error,"HTTP 429: {
  ""Error Message"": ""Limit Reach . Please upgrade your plan or visit our documentation for more details at https://site.financialmodelingprep.com/""
}; Yahoo fallback error: HTTP Error 429: Too Many Requests"
2026-02-28,,Food & Staples,MNST,fmp,sector_company,,,,,,Financial Modeling Prep stable historical-price-eod/full,provider_error,"HTTP 429: {
  ""Error Message"": ""Limit Reach . Please upgrade your plan or visit our documentation for more details at https://site.financialmodelingprep.com/""
}; Yahoo fallback error: HTTP Error 429: Too Many Requests"
2026-03-10,,Food & Staples,MNST,fmp,sector_company,,,,,,Financial Modeling Prep stable historical-price-eod/full,provider_error,"HTTP 429: {
  ""Error Message"": ""Limit Reach . Please upgrade your plan or visit our documentation for more details at https://site.financialmodelingprep.com/""
}; Yahoo fallback error: HTTP Error 429: Too Many Requests"
2026-03-20,,Food & Staples,MNST,fmp,sector_company,,,,,,Financial Modeling Prep stable historical-price-eod/full,provider_error,"HTTP 429: {
  ""Error Message"": ""Limit Reach . Please upgrade your plan or visit our documentation for more details at https://site.financialmodelingprep.com/""
}; Yahoo fallback error: HTTP Error 429: Too Many Requests"
2026-03-30,,Food & Staples,MNST,fmp,sector_company,,,,,,Financial Modeling Prep stable historical-price-eod/full,provider_error,"HTTP 429: {
  ""Error Message"": ""Limit Reach . Please upgrade your plan or visit our documentation for more details at https://site.financialmodelingprep.com/""
}; Yahoo fallback error: HTTP Error 429: Too Many Requests"
2026-04-10,,Food & Staples,MNST,fmp,sector_company,,,,,,Financial Modeling Prep stable historical-price-eod/full,provider_error,"HTTP 429: {
  ""Error Message"": ""Limit Reach . Please upgrade your plan or visit our documentation for more details at https://site.financialmodelingprep.com/""
}; Yahoo fallback error: HTTP Error 429: Too Many Requests"
2026-04-20,,Food & Staples,MNST,fmp,sector_company,,,,,,Financial Modeling Prep stable historical-price-eod/full,provider_error,"HTTP 429: {
  ""Error Message"": ""Limit Reach . Please upgrade your plan or visit our documentation for more details at https://site.financialmodelingprep.com/""
}; Yahoo fallback error: HTTP Error 429: Too Many Requests"
2026-04-30,,Food & Staples,MNST,fmp,sector_company,,,,,,Financial Modeling Prep stable historical-price-eod/full,provider_error,"HTTP 429: {
  ""Error Message"": ""Limit Reach . Please upgrade your plan or visit our documentation for more details at https://site.financialmodelingprep.com/""
}; Yahoo fallback error: HTTP Error 429: Too Many Requests"
2026-05-10,,Food & Staples,MNST,fmp,sector_company,,,,,,Financial Modeling Prep stable historical-price-eod/full,provider_error,"HTTP 429: {
  ""Error Message"": ""Limit Reach . Please upgrade your plan or visit our documentation for more details at https://site.financialmodelingprep.com/""
}; Yahoo fallback error: HTTP Error 429: Too Many Requests"
2026-05-20,,Food & Staples,MNST,fmp,sector_company,,,,,,Financial Modeling Prep stable historical-price-eod/full,provider_error,"HTTP 429: {
  ""Error Message"": ""Limit Reach . Please upgrade your plan or visit our documentation for more details at https://site.financialmodelingprep.com/""
}; Yahoo fallback error: HTTP Error 429: Too Many Requests"
2026-05-30,,Food & Staples,MNST,fmp,sector_company,,,,,,Financial Modeling Prep stable historical-price-eod/full,provider_error,"HTTP 429: {
  ""Error Message"": ""Limit Reach . Please upgrade your plan or visit our documentation for more details at https://site.financialmodelingprep.com/""
}; Yahoo fallback error: HTTP Error 429: Too Many Requests"
2026-02-28,,Food & Staples,PEP,fmp,sector_company,,,,,,Financial Modeling Prep stable historical-price-eod/full,provider_error,"HTTP 429: {
  ""Error Message"": ""Limit Reach . Please upgrade your plan or visit our documentation for more details at https://site.financialmodelingprep.com/""
}; Yahoo fallback error: HTTP Error 429: Too Many Requests"
2026-03-10,,Food & Staples,PEP,fmp,sector_company,,,,,,Financial Modeling Prep stable historical-price-eod/full,provider_error,"HTTP 429: {
  ""Error Message"": ""Limit Reach . Please upgrade your plan or visit our documentation for more details at https://site.financialmodelingprep.com/""
}; Yahoo fallback error: HTTP Error 429: Too Many Requests"
2026-03-20,,Food & Staples,PEP,fmp,sector_company,,,,,,Financial Modeling Prep stable historical-price-eod/full,provider_error,"HTTP 429: {
  ""Error Message"": ""Limit Reach . Please upgrade your plan or visit our documentation for more details at https://site.financialmodelingprep.com/""
}; Yahoo fallback error: HTTP Error 429: Too Many Requests"
2026-03-30,,Food & Staples,PEP,fmp,sector_company,,,,,,Financial Modeling Prep stable historical-price-eod/full,provider_error,"HTTP 429: {
  ""Error Message"": ""Limit Reach . Please upgrade your plan or visit our documentation for more details at https://site.financialmodelingprep.com/""
}; Yahoo fallback error: HTTP Error 429: Too Many Requests"
2026-04-10,,Food & Staples,PEP,fmp,sector_company,,,,,,Financial Modeling Prep stable historical-price-eod/full,provider_error,"HTTP 429: {
  ""Error Message"": ""Limit Reach . Please upgrade your plan or visit our documentation for more details at https://site.financialmodelingprep.com/""
}; Yahoo fallback error: HTTP Error 429: Too Many Requests"
2026-04-20,,Food & Staples,PEP,fmp,sector_company,,,,,,Financial Modeling Prep stable historical-price-eod/full,provider_error,"HTTP 429: {
  ""Error Message"": ""Limit Reach . Please upgrade your plan or visit our documentation for more details at https://site.financialmodelingprep.com/""
}; Yahoo fallback error: HTTP Error 429: Too Many Requests"
2026-04-30,,Food & Staples,PEP,fmp,sector_company,,,,,,Financial Modeling Prep stable historical-price-eod/full,provider_error,"HTTP 429: {
  ""Error Message"": ""Limit Reach . Please upgrade your plan or visit our documentation for more details at https://site.financialmodelingprep.com/""
}; Yahoo fallback error: HTTP Error 429: Too Many Requests"
2026-05-10,,Food & Staples,PEP,fmp,sector_company,,,,,,Financial Modeling Prep stable historical-price-eod/full,provider_error,"HTTP 429: {
  ""Error Message"": ""Limit Reach . Please upgrade your plan or visit our documentation for more details at https://site.financialmodelingprep.com/""
}; Yahoo fallback error: HTTP Error 429: Too Many Requests"
2026-05-20,,Food & Staples,PEP,fmp,sector_company,,,,,,Financial Modeling Prep stable historical-price-eod/full,provider_error,"HTTP 429: {
  ""Error Message"": ""Limit Reach . Please upgrade your plan or visit our documentation for more details at https://site.financialmodelingprep.com/""
}; Yahoo fallback error: HTTP Error 429: Too Many Requests"
2026-05-30,,Food & Staples,PEP,fmp,sector_company,,,,,,Financial Modeling Prep stable historical-price-eod/full,provider_error,"HTTP 429: {
  ""Error Message"": ""Limit Reach . Please upgrade your plan or visit our documentation for more details at https://site.financialmodelingprep.com/""
}; Yahoo fallback error: HTTP Error 429: Too Many Requests"
2026-02-28,,Food & Staples,SBUX,fmp,sector_company,,,,,,Financial Modeling Prep stable historical-price-eod/full,provider_error,"HTTP 429: {
  ""Error Message"": ""Limit Reach . Please upgrade your plan or visit our documentation for more details at https://site.financialmodelingprep.com/""
}; Yahoo fallback error: HTTP Error 429: Too Many Requests"
2026-03-10,,Food & Staples,SBUX,fmp,sector_company,,,,,,Financial Modeling Prep stable historical-price-eod/full,provider_error,"HTTP 429: {
  ""Error Message"": ""Limit Reach . Please upgrade your plan or visit our documentation for more details at https://site.financialmodelingprep.com/""
}; Yahoo fallback error: HTTP Error 429: Too Many Requests"
2026-03-20,,Food & Staples,SBUX,fmp,sector_company,,,,,,Financial Modeling Prep stable historical-price-eod/full,provider_error,"HTTP 429: {
  ""Error Message"": ""Limit Reach . Please upgrade your plan or visit our documentation for more details at https://site.financialmodelingprep.com/""
}; Yahoo fallback error: HTTP Error 429: Too Many Requests"
2026-03-30,,Food & Staples,SBUX,fmp,sector_company,,,,,,Financial Modeling Prep stable historical-price-eod/full,provider_error,"HTTP 429: {
  ""Error Message"": ""Limit Reach . Please upgrade your plan or visit our documentation for more details at https://site.financialmodelingprep.com/""
}; Yahoo fallback error: HTTP Error 429: Too Many Requests"
2026-04-10,,Food & Staples,SBUX,fmp,sector_company,,,,,,Financial Modeling Prep stable historical-price-eod/full,provider_error,"HTTP 429: {
  ""Error Message"": ""Limit Reach . Please upgrade your plan or visit our documentation for more details at https://site.financialmodelingprep.com/""
}; Yahoo fallback error: HTTP Error 429: Too Many Requests"
2026-04-20,,Food & Staples,SBUX,fmp,sector_company,,,,,,Financial Modeling Prep stable historical-price-eod/full,provider_error,"HTTP 429: {
  ""Error Message"": ""Limit Reach . Please upgrade your plan or visit our documentation for more details at https://site.financialmodelingprep.com/""
}; Yahoo fallback error: HTTP Error 429: Too Many Requests"
2026-04-30,,Food & Staples,SBUX,fmp,sector_company,,,,,,Financial Modeling Prep stable historical-price-eod/full,provider_error,"HTTP 429: {
  ""Error Message"": ""Limit Reach . Please upgrade your plan or visit our documentation for more details at https://site.financialmodelingprep.com/""
}; Yahoo fallback error: HTTP Error 429: Too Many Requests"
2026-05-10,,Food & Staples,SBUX,fmp,sector_company,,,,,,Financial Modeling Prep stable historical-price-eod/full,provider_error,"HTTP 429: {
  ""Error Message"": ""Limit Reach . Please upgrade your plan or visit our documentation for more details at https://site.financialmodelingprep.com/""
}; Yahoo fallback error: HTTP Error 429: Too Many Requests"
2026-05-20,,Food & Staples,SBUX,fmp,sector_company,,,,,,Financial Modeling Prep stable historical-price-eod/full,provider_error,"HTTP 429: {
  ""Error Message"": ""Limit Reach . Please upgrade your plan or visit our documentation for more details at https://site.financialmodelingprep.com/""
}; Yahoo fallback error: HTTP Error 429: Too Many Requests"
2026-05-30,,Food & Staples,SBUX,fmp,sector_company,,,,,,Financial Modeling Prep stable historical-price-eod/full,provider_error,"HTTP 429: {
  ""Error Message"": ""Limit Reach . Please upgrade your plan or visit our documentation for more details at https://site.financialmodelingprep.com/""
}; Yahoo fallback error: HTTP Error 429: Too Many Requests"
2026-02-28,,Food & Staples,WMT,fmp,sector_company,,,,,,Financial Modeling Prep stable historical-price-eod/full,provider_error,"HTTP 429: {
  ""Error Message"": ""Limit Reach . Please upgrade your plan or visit our documentation for more details at https://site.financialmodelingprep.com/""
}; Yahoo fallback error: HTTP Error 429: Too Many Requests"
2026-03-10,,Food & Staples,WMT,fmp,sector_company,,,,,,Financial Modeling Prep stable historical-price-eod/full,provider_error,"HTTP 429: {
  ""Error Message"": ""Limit Reach . Please upgrade your plan or visit our documentation for more details at https://site.financialmodelingprep.com/""
}; Yahoo fallback error: HTTP Error 429: Too Many Requests"
2026-03-20,,Food & Staples,WMT,fmp,sector_company,,,,,,Financial Modeling Prep stable historical-price-eod/full,provider_error,"HTTP 429: {
  ""Error Message"": ""Limit Reach . Please upgrade your plan or visit our documentation for more details at https://site.financialmodelingprep.com/""
}; Yahoo fallback error: HTTP Error 429: Too Many Requests"
2026-03-30,,Food & Staples,WMT,fmp,sector_company,,,,,,Financial Modeling Prep stable historical-price-eod/full,provider_error,"HTTP 429: {
  ""Error Message"": ""Limit Reach . Please upgrade your plan or visit our documentation for more details at https://site.financialmodelingprep.com/""
}; Yahoo fallback error: HTTP Error 429: Too Many Requests"
2026-04-10,,Food & Staples,WMT,fmp,sector_company,,,,,,Financial Modeling Prep stable historical-price-eod/full,provider_error,"HTTP 429: {
  ""Error Message"": ""Limit Reach . Please upgrade your plan or visit our documentation for more details at https://site.financialmodelingprep.com/""
}; Yahoo fallback error: HTTP Error 429: Too Many Requests"
2026-04-20,,Food & Staples,WMT,fmp,sector_company,,,,,,Financial Modeling Prep stable historical-price-eod/full,provider_error,"HTTP 429: {
  ""Error Message"": ""Limit Reach . Please upgrade your plan or visit our documentation for more details at https://site.financialmodelingprep.com/""
}; Yahoo fallback error: HTTP Error 429: Too Many Requests"
2026-04-30,,Food & Staples,WMT,fmp,sector_company,,,,,,Financial Modeling Prep stable historical-price-eod/full,provider_error,"HTTP 429: {
  ""Error Message"": ""Limit Reach . Please upgrade your plan or visit our documentation for more details at https://site.financialmodelingprep.com/""
}; Yahoo fallback error: HTTP Error 429: Too Many Requests"
2026-05-10,,Food & Staples,WMT,fmp,sector_company,,,,,,Financial Modeling Prep stable historical-price-eod/full,provider_error,"HTTP 429: {
  ""Error Message"": ""Limit Reach . Please upgrade your plan or visit our documentation for more details at https://site.financialmodelingprep.com/""
}; Yahoo fallback error: HTTP Error 429: Too Many Requests"
2026-05-20,,Food & Staples,WMT,fmp,sector_company,,,,,,Financial Modeling Prep stable historical-price-eod/full,provider_error,"HTTP 429: {
  ""Error Message"": ""Limit Reach . Please upgrade your plan or visit our documentation for more details at https://site.financialmodelingprep.com/""
}; Yahoo fallback error: HTTP Error 429: Too Many Requests"
2026-05-30,,Food & Staples,WMT,fmp,sector_company,,,,,,Financial Modeling Prep stable historical-price-eod/full,provider_error,"HTTP 429: {
  ""Error Message"": ""Limit Reach . Please upgrade your plan or visit our documentation for more details at https://site.financialmodelingprep.com/""
}; Yahoo fallback error: HTTP Error 429: Too Many Requests"
2026-02-28,,Insurance,AIG,fmp,sector_company,,,,,,Financial Modeling Prep stable historical-price-eod/full,provider_error,"HTTP 429: {
  ""Error Message"": ""Limit Reach . Please upgrade your plan or visit our documentation for more details at https://site.financialmodelingprep.com/""
}; Yahoo fallback error: HTTP Error 429: Too Many Requests"
2026-03-10,,Insurance,AIG,fmp,sector_company,,,,,,Financial Modeling Prep stable historical-price-eod/full,provider_error,"HTTP 429: {
  ""Error Message"": ""Limit Reach . Please upgrade your plan or visit our documentation for more details at https://site.financialmodelingprep.com/""
}; Yahoo fallback error: HTTP Error 429: Too Many Requests"
2026-03-20,,Insurance,AIG,fmp,sector_company,,,,,,Financial Modeling Prep stable historical-price-eod/full,provider_error,"HTTP 429: {
  ""Error Message"": ""Limit Reach . Please upgrade your plan or visit our documentation for more details at https://site.financialmodelingprep.com/""
}; Yahoo fallback error: HTTP Error 429: Too Many Requests"
2026-03-30,,Insurance,AIG,fmp,sector_company,,,,,,Financial Modeling Prep stable historical-price-eod/full,provider_error,"HTTP 429: {
  ""Error Message"": ""Limit Reach . Please upgrade your plan or visit our documentation for more details at https://site.financialmodelingprep.com/""
}; Yahoo fallback error: HTTP Error 429: Too Many Requests"
2026-04-10,,Insurance,AIG,fmp,sector_company,,,,,,Financial Modeling Prep stable historical-price-eod/full,provider_error,"HTTP 429: {
  ""Error Message"": ""Limit Reach . Please upgrade your plan or visit our documentation for more details at https://site.financialmodelingprep.com/""
}; Yahoo fallback error: HTTP Error 429: Too Many Requests"
2026-04-20,,Insurance,AIG,fmp,sector_company,,,,,,Financial Modeling Prep stable historical-price-eod/full,provider_error,"HTTP 429: {
  ""Error Message"": ""Limit Reach . Please upgrade your plan or visit our documentation for more details at https://site.financialmodelingprep.com/""
}; Yahoo fallback error: HTTP Error 429: Too Many Requests"
2026-04-30,,Insurance,AIG,fmp,sector_company,,,,,,Financial Modeling Prep stable historical-price-eod/full,provider_error,"HTTP 429: {
  ""Error Message"": ""Limit Reach . Please upgrade your plan or visit our documentation for more details at https://site.financialmodelingprep.com/""
}; Yahoo fallback error: HTTP Error 429: Too Many Requests"
2026-05-10,,Insurance,AIG,fmp,sector_company,,,,,,Financial Modeling Prep stable historical-price-eod/full,provider_error,"HTTP 429: {
  ""Error Message"": ""Limit Reach . Please upgrade your plan or visit our documentation for more details at https://site.financialmodelingprep.com/""
}; Yahoo fallback error: HTTP Error 429: Too Many Requests"
2026-05-20,,Insurance,AIG,fmp,sector_company,,,,,,Financial Modeling Prep stable historical-price-eod/full,provider_error,"HTTP 429: {
  ""Error Message"": ""Limit Reach . Please upgrade your plan or visit our documentation for more details at https://site.financialmodelingprep.com/""
}; Yahoo fallback error: HTTP Error 429: Too Many Requests"
2026-05-30,,Insurance,AIG,fmp,sector_company,,,,,,Financial Modeling Prep stable historical-price-eod/full,provider_error,"HTTP 429: {
  ""Error Message"": ""Limit Reach . Please upgrade your plan or visit our documentation for more details at https://site.financialmodelingprep.com/""
}; Yahoo fallback error: HTTP Error 429: Too Many Requests"
2026-02-28,,Insurance,ALL,fmp,sector_company,,,,,,Financial Modeling Prep stable historical-price-eod/full,provider_error,"HTTP 429: {
  ""Error Message"": ""Limit Reach . Please upgrade your plan or visit our documentation for more details at https://site.financialmodelingprep.com/""
}; Yahoo fallback error: HTTP Error 429: Too Many Requests"
2026-03-10,,Insurance,ALL,fmp,sector_company,,,,,,Financial Modeling Prep stable historical-price-eod/full,provider_error,"HTTP 429: {
  ""Error Message"": ""Limit Reach . Please upgrade your plan or visit our documentation for more details at https://site.financialmodelingprep.com/""
}; Yahoo fallback error: HTTP Error 429: Too Many Requests"
2026-03-20,,Insurance,ALL,fmp,sector_company,,,,,,Financial Modeling Prep stable historical-price-eod/full,provider_error,"HTTP 429: {
  ""Error Message"": ""Limit Reach . Please upgrade your plan or visit our documentation for more details at https://site.financialmodelingprep.com/""
}; Yahoo fallback error: HTTP Error 429: Too Many Requests"
2026-03-30,,Insurance,ALL,fmp,sector_company,,,,,,Financial Modeling Prep stable historical-price-eod/full,provider_error,"HTTP 429: {
  ""Error Message"": ""Limit Reach . Please upgrade your plan or visit our documentation for more details at https://site.financialmodelingprep.com/""
}; Yahoo fallback error: HTTP Error 429: Too Many Requests"
2026-04-10,,Insurance,ALL,fmp,sector_company,,,,,,Financial Modeling Prep stable historical-price-eod/full,provider_error,"HTTP 429: {
  ""Error Message"": ""Limit Reach . Please upgrade your plan or visit our documentation for more details at https://site.financialmodelingprep.com/""
}; Yahoo fallback error: HTTP Error 429: Too Many Requests"
2026-04-20,,Insurance,ALL,fmp,sector_company,,,,,,Financial Modeling Prep stable historical-price-eod/full,provider_error,"HTTP 429: {
  ""Error Message"": ""Limit Reach . Please upgrade your plan or visit our documentation for more details at https://site.financialmodelingprep.com/""
}; Yahoo fallback error: HTTP Error 429: Too Many Requests"
2026-04-30,,Insurance,ALL,fmp,sector_company,,,,,,Financial Modeling Prep stable historical-price-eod/full,provider_error,"HTTP 429: {
  ""Error Message"": ""Limit Reach . Please upgrade your plan or visit our documentation for more details at https://site.financialmodelingprep.com/""
}; Yahoo fallback error: HTTP Error 429: Too Many Requests"
2026-05-10,,Insurance,ALL,fmp,sector_company,,,,,,Financial Modeling Prep stable historical-price-eod/full,provider_error,"HTTP 429: {
  ""Error Message"": ""Limit Reach . Please upgrade your plan or visit our documentation for more details at https://site.financialmodelingprep.com/""
}; Yahoo fallback error: HTTP Error 429: Too Many Requests"
2026-05-20,,Insurance,ALL,fmp,sector_company,,,,,,Financial Modeling Prep stable historical-price-eod/full,provider_error,"HTTP 429: {
  ""Error Message"": ""Limit Reach . Please upgrade your plan or visit our documentation for more details at https://site.financialmodelingprep.com/""
}; Yahoo fallback error: HTTP Error 429: Too Many Requests"
2026-05-30,,Insurance,ALL,fmp,sector_company,,,,,,Financial Modeling Prep stable historical-price-eod/full,provider_error,"HTTP 429: {
  ""Error Message"": ""Limit Reach . Please upgrade your plan or visit our documentation for more details at https://site.financialmodelingprep.com/""
}; Yahoo fallback error: HTTP Error 429: Too Many Requests"
2026-02-28,,Insurance,BRK.B,fmp,sector_company,,,,,,Financial Modeling Prep stable historical-price-eod/full,provider_error,"HTTP 429: {
  ""Error Message"": ""Limit Reach . Please upgrade your plan or visit our documentation for more details at https://site.financialmodelingprep.com/""
}; Yahoo fallback error: HTTP Error 429: Too Many Requests"
2026-03-10,,Insurance,BRK.B,fmp,sector_company,,,,,,Financial Modeling Prep stable historical-price-eod/full,provider_error,"HTTP 429: {
  ""Error Message"": ""Limit Reach . Please upgrade your plan or visit our documentation for more details at https://site.financialmodelingprep.com/""
}; Yahoo fallback error: HTTP Error 429: Too Many Requests"
2026-03-20,,Insurance,BRK.B,fmp,sector_company,,,,,,Financial Modeling Prep stable historical-price-eod/full,provider_error,"HTTP 429: {
  ""Error Message"": ""Limit Reach . Please upgrade your plan or visit our documentation for more details at https://site.financialmodelingprep.com/""
}; Yahoo fallback error: HTTP Error 429: Too Many Requests"
2026-03-30,,Insurance,BRK.B,fmp,sector_company,,,,,,Financial Modeling Prep stable historical-price-eod/full,provider_error,"HTTP 429: {
  ""Error Message"": ""Limit Reach . Please upgrade your plan or visit our documentation for more details at https://site.financialmodelingprep.com/""
}; Yahoo fallback error: HTTP Error 429: Too Many Requests"
2026-04-10,,Insurance,BRK.B,fmp,sector_company,,,,,,Financial Modeling Prep stable historical-price-eod/full,provider_error,"HTTP 429: {
  ""Error Message"": ""Limit Reach . Please upgrade your plan or visit our documentation for more details at https://site.financialmodelingprep.com/""
}; Yahoo fallback error: HTTP Error 429: Too Many Requests"
2026-04-20,,Insurance,BRK.B,fmp,sector_company,,,,,,Financial Modeling Prep stable historical-price-eod/full,provider_error,"HTTP 429: {
  ""Error Message"": ""Limit Reach . Please upgrade your plan or visit our documentation for more details at https://site.financialmodelingprep.com/""
}; Yahoo fallback error: HTTP Error 429: Too Many Requests"
2026-04-30,,Insurance,BRK.B,fmp,sector_company,,,,,,Financial Modeling Prep stable historical-price-eod/full,provider_error,"HTTP 429: {
  ""Error Message"": ""Limit Reach . Please upgrade your plan or visit our documentation for more details at https://site.financialmodelingprep.com/""
}; Yahoo fallback error: HTTP Error 429: Too Many Requests"
2026-05-10,,Insurance,BRK.B,fmp,sector_company,,,,,,Financial Modeling Prep stable historical-price-eod/full,provider_error,"HTTP 429: {
  ""Error Message"": ""Limit Reach . Please upgrade your plan or visit our documentation for more details at https://site.financialmodelingprep.com/""
}; Yahoo fallback error: HTTP Error 429: Too Many Requests"
2026-05-20,,Insurance,BRK.B,fmp,sector_company,,,,,,Financial Modeling Prep stable historical-price-eod/full,provider_error,"HTTP 429: {
  ""Error Message"": ""Limit Reach . Please upgrade your plan or visit our documentation for more details at https://site.financialmodelingprep.com/""
}; Yahoo fallback error: HTTP Error 429: Too Many Requests"
2026-05-30,,Insurance,BRK.B,fmp,sector_company,,,,,,Financial Modeling Prep stable historical-price-eod/full,provider_error,"HTTP 429: {
  ""Error Message"": ""Limit Reach . Please upgrade your plan or visit our documentation for more details at https://site.financialmodelingprep.com/""
}; Yahoo fallback error: HTTP Error 429: Too Many Requests"
2026-02-28,,Insurance,CB,fmp,sector_company,,,,,,Financial Modeling Prep stable historical-price-eod/full,provider_error,"HTTP 429: {
  ""Error Message"": ""Limit Reach . Please upgrade your plan or visit our documentation for more details at https://site.financialmodelingprep.com/""
}; Yahoo fallback error: HTTP Error 429: Too Many Requests"
2026-03-10,,Insurance,CB,fmp,sector_company,,,,,,Financial Modeling Prep stable historical-price-eod/full,provider_error,"HTTP 429: {
  ""Error Message"": ""Limit Reach . Please upgrade your plan or visit our documentation for more details at https://site.financialmodelingprep.com/""
}; Yahoo fallback error: HTTP Error 429: Too Many Requests"
2026-03-20,,Insurance,CB,fmp,sector_company,,,,,,Financial Modeling Prep stable historical-price-eod/full,provider_error,"HTTP 429: {
  ""Error Message"": ""Limit Reach . Please upgrade your plan or visit our documentation for more details at https://site.financialmodelingprep.com/""
}; Yahoo fallback error: HTTP Error 429: Too Many Requests"
2026-03-30,,Insurance,CB,fmp,sector_company,,,,,,Financial Modeling Prep stable historical-price-eod/full,provider_error,"HTTP 429: {
  ""Error Message"": ""Limit Reach . Please upgrade your plan or visit our documentation for more details at https://site.financialmodelingprep.com/""
}; Yahoo fallback error: HTTP Error 429: Too Many Requests"
2026-04-10,,Insurance,CB,fmp,sector_company,,,,,,Financial Modeling Prep stable historical-price-eod/full,provider_error,"HTTP 429: {
  ""Error Message"": ""Limit Reach . Please upgrade your plan or visit our documentation for more details at https://site.financialmodelingprep.com/""
}; Yahoo fallback error: HTTP Error 429: Too Many Requests"
2026-04-20,,Insurance,CB,fmp,sector_company,,,,,,Financial Modeling Prep stable historical-price-eod/full,provider_error,"HTTP 429: {
  ""Error Message"": ""Limit Reach . Please upgrade your plan or visit our documentation for more details at https://site.financialmodelingprep.com/""
}; Yahoo fallback error: HTTP Error 429: Too Many Requests"
2026-04-30,,Insurance,CB,fmp,sector_company,,,,,,Financial Modeling Prep stable historical-price-eod/full,provider_error,"HTTP 429: {
  ""Error Message"": ""Limit Reach . Please upgrade your plan or visit our documentation for more details at https://site.financialmodelingprep.com/""
}; Yahoo fallback error: HTTP Error 429: Too Many Requests"
2026-05-10,,Insurance,CB,fmp,sector_company,,,,,,Financial Modeling Prep stable historical-price-eod/full,provider_error,"HTTP 429: {
  ""Error Message"": ""Limit Reach . Please upgrade your plan or visit our documentation for more details at https://site.financialmodelingprep.com/""
}; Yahoo fallback error: HTTP Error 429: Too Many Requests"
2026-05-20,,Insurance,CB,fmp,sector_company,,,,,,Financial Modeling Prep stable historical-price-eod/full,provider_error,"HTTP 429: {
  ""Error Message"": ""Limit Reach . Please upgrade your plan or visit our documentation for more details at https://site.financialmodelingprep.com/""
}; Yahoo fallback error: HTTP Error 429: Too Many Requests"
2026-05-30,,Insurance,CB,fmp,sector_company,,,,,,Financial Modeling Prep stable historical-price-eod/full,provider_error,"HTTP 429: {
  ""Error Message"": ""Limit Reach . Please upgrade your plan or visit our documentation for more details at https://site.financialmodelingprep.com/""
}; Yahoo fallback error: HTTP Error 429: Too Many Requests"
2026-02-28,,Insurance,MMC,fmp,sector_company,,,,,,Financial Modeling Prep stable historical-price-eod/full,provider_error,"HTTP 429: {
  ""Error Message"": ""Limit Reach . Please upgrade your plan or visit our documentation for more details at https://site.financialmodelingprep.com/""
}; Yahoo fallback error: HTTP Error 429: Too Many Requests"
2026-03-10,,Insurance,MMC,fmp,sector_company,,,,,,Financial Modeling Prep stable historical-price-eod/full,provider_error,"HTTP 429: {
  ""Error Message"": ""Limit Reach . Please upgrade your plan or visit our documentation for more details at https://site.financialmodelingprep.com/""
}; Yahoo fallback error: HTTP Error 429: Too Many Requests"
2026-03-20,,Insurance,MMC,fmp,sector_company,,,,,,Financial Modeling Prep stable historical-price-eod/full,provider_error,"HTTP 429: {
  ""Error Message"": ""Limit Reach . Please upgrade your plan or visit our documentation for more details at https://site.financialmodelingprep.com/""
}; Yahoo fallback error: HTTP Error 429: Too Many Requests"
2026-03-30,,Insurance,MMC,fmp,sector_company,,,,,,Financial Modeling Prep stable historical-price-eod/full,provider_error,"HTTP 429: {
  ""Error Message"": ""Limit Reach . Please upgrade your plan or visit our documentation for more details at https://site.financialmodelingprep.com/""
}; Yahoo fallback error: HTTP Error 429: Too Many Requests"
2026-04-10,,Insurance,MMC,fmp,sector_company,,,,,,Financial Modeling Prep stable historical-price-eod/full,provider_error,"HTTP 429: {
  ""Error Message"": ""Limit Reach . Please upgrade your plan or visit our documentation for more details at https://site.financialmodelingprep.com/""
}; Yahoo fallback error: HTTP Error 429: Too Many Requests"
2026-04-20,,Insurance,MMC,fmp,sector_company,,,,,,Financial Modeling Prep stable historical-price-eod/full,provider_error,"HTTP 429: {
  ""Error Message"": ""Limit Reach . Please upgrade your plan or visit our documentation for more details at https://site.financialmodelingprep.com/""
}; Yahoo fallback error: HTTP Error 429: Too Many Requests"
2026-04-30,,Insurance,MMC,fmp,sector_company,,,,,,Financial Modeling Prep stable historical-price-eod/full,provider_error,"HTTP 429: {
  ""Error Message"": ""Limit Reach . Please upgrade your plan or visit our documentation for more details at https://site.financialmodelingprep.com/""
}; Yahoo fallback error: HTTP Error 429: Too Many Requests"
2026-05-10,,Insurance,MMC,fmp,sector_company,,,,,,Financial Modeling Prep stable historical-price-eod/full,provider_error,"HTTP 429: {
  ""Error Message"": ""Limit Reach . Please upgrade your plan or visit our documentation for more details at https://site.financialmodelingprep.com/""
}; Yahoo fallback error: HTTP Error 429: Too Many Requests"
2026-05-20,,Insurance,MMC,fmp,sector_company,,,,,,Financial Modeling Prep stable historical-price-eod/full,provider_error,"HTTP 429: {
  ""Error Message"": ""Limit Reach . Please upgrade your plan or visit our documentation for more details at https://site.financialmodelingprep.com/""
}; Yahoo fallback error: HTTP Error 429: Too Many Requests"
2026-05-30,,Insurance,MMC,fmp,sector_company,,,,,,Financial Modeling Prep stable historical-price-eod/full,provider_error,"HTTP 429: {
  ""Error Message"": ""Limit Reach . Please upgrade your plan or visit our documentation for more details at https://site.financialmodelingprep.com/""
}; Yahoo fallback error: HTTP Error 429: Too Many Requests"
2026-02-28,,Insurance,PGR,fmp,sector_company,,,,,,Financial Modeling Prep stable historical-price-eod/full,provider_error,"HTTP 429: {
  ""Error Message"": ""Limit Reach . Please upgrade your plan or visit our documentation for more details at https://site.financialmodelingprep.com/""
}; Yahoo fallback error: HTTP Error 429: Too Many Requests"
2026-03-10,,Insurance,PGR,fmp,sector_company,,,,,,Financial Modeling Prep stable historical-price-eod/full,provider_error,"HTTP 429: {
  ""Error Message"": ""Limit Reach . Please upgrade your plan or visit our documentation for more details at https://site.financialmodelingprep.com/""
}; Yahoo fallback error: HTTP Error 429: Too Many Requests"
2026-03-20,,Insurance,PGR,fmp,sector_company,,,,,,Financial Modeling Prep stable historical-price-eod/full,provider_error,"HTTP 429: {
  ""Error Message"": ""Limit Reach . Please upgrade your plan or visit our documentation for more details at https://site.financialmodelingprep.com/""
}; Yahoo fallback error: HTTP Error 429: Too Many Requests"
2026-03-30,,Insurance,PGR,fmp,sector_company,,,,,,Financial Modeling Prep stable historical-price-eod/full,provider_error,"HTTP 429: {
  ""Error Message"": ""Limit Reach . Please upgrade your plan or visit our documentation for more details at https://site.financialmodelingprep.com/""
}; Yahoo fallback error: HTTP Error 429: Too Many Requests"
2026-04-10,,Insurance,PGR,fmp,sector_company,,,,,,Financial Modeling Prep stable historical-price-eod/full,provider_error,"HTTP 429: {
  ""Error Message"": ""Limit Reach . Please upgrade your plan or visit our documentation for more details at https://site.financialmodelingprep.com/""
}; Yahoo fallback error: HTTP Error 429: Too Many Requests"
2026-04-20,,Insurance,PGR,fmp,sector_company,,,,,,Financial Modeling Prep stable historical-price-eod/full,provider_error,"HTTP 429: {
  ""Error Message"": ""Limit Reach . Please upgrade your plan or visit our documentation for more details at https://site.financialmodelingprep.com/""
}; Yahoo fallback error: HTTP Error 429: Too Many Requests"
2026-04-30,,Insurance,PGR,fmp,sector_company,,,,,,Financial Modeling Prep stable historical-price-eod/full,provider_error,"HTTP 429: {
  ""Error Message"": ""Limit Reach . Please upgrade your plan or visit our documentation for more details at https://site.financialmodelingprep.com/""
}; Yahoo fallback error: HTTP Error 429: Too Many Requests"
2026-05-10,,Insurance,PGR,fmp,sector_company,,,,,,Financial Modeling Prep stable historical-price-eod/full,provider_error,"HTTP 429: {
  ""Error Message"": ""Limit Reach . Please upgrade your plan or visit our documentation for more details at https://site.financialmodelingprep.com/""
}; Yahoo fallback error: HTTP Error 429: Too Many Requests"
2026-05-20,,Insurance,PGR,fmp,sector_company,,,,,,Financial Modeling Prep stable historical-price-eod/full,provider_error,"HTTP 429: {
  ""Error Message"": ""Limit Reach . Please upgrade your plan or visit our documentation for more details at https://site.financialmodelingprep.com/""
}; Yahoo fallback error: HTTP Error 429: Too Many Requests"
2026-05-30,,Insurance,PGR,fmp,sector_company,,,,,,Financial Modeling Prep stable historical-price-eod/full,provider_error,"HTTP 429: {
  ""Error Message"": ""Limit Reach . Please upgrade your plan or visit our documentation for more details at https://site.financialmodelingprep.com/""
}; Yahoo fallback error: HTTP Error 429: Too Many Requests"
2026-02-28,,Insurance,UNH,fmp,sector_company,,,,,,Financial Modeling Prep stable historical-price-eod/full,provider_error,"HTTP 429: {
  ""Error Message"": ""Limit Reach . Please upgrade your plan or visit our documentation for more details at https://site.financialmodelingprep.com/""
}; Yahoo fallback error: HTTP Error 429: Too Many Requests"
2026-03-10,,Insurance,UNH,fmp,sector_company,,,,,,Financial Modeling Prep stable historical-price-eod/full,provider_error,"HTTP 429: {
  ""Error Message"": ""Limit Reach . Please upgrade your plan or visit our documentation for more details at https://site.financialmodelingprep.com/""
}; Yahoo fallback error: HTTP Error 429: Too Many Requests"
2026-03-20,,Insurance,UNH,fmp,sector_company,,,,,,Financial Modeling Prep stable historical-price-eod/full,provider_error,"HTTP 429: {
  ""Error Message"": ""Limit Reach . Please upgrade your plan or visit our documentation for more details at https://site.financialmodelingprep.com/""
}; Yahoo fallback error: HTTP Error 429: Too Many Requests"
2026-03-30,,Insurance,UNH,fmp,sector_company,,,,,,Financial Modeling Prep stable historical-price-eod/full,provider_error,"HTTP 429: {
  ""Error Message"": ""Limit Reach . Please upgrade your plan or visit our documentation for more details at https://site.financialmodelingprep.com/""
}; Yahoo fallback error: HTTP Error 429: Too Many Requests"
2026-04-10,,Insurance,UNH,fmp,sector_company,,,,,,Financial Modeling Prep stable historical-price-eod/full,provider_error,"HTTP 429: {
  ""Error Message"": ""Limit Reach . Please upgrade your plan or visit our documentation for more details at https://site.financialmodelingprep.com/""
}; Yahoo fallback error: HTTP Error 429: Too Many Requests"
2026-04-20,,Insurance,UNH,fmp,sector_company,,,,,,Financial Modeling Prep stable historical-price-eod/full,provider_error,"HTTP 429: {
  ""Error Message"": ""Limit Reach . Please upgrade your plan or visit our documentation for more details at https://site.financialmodelingprep.com/""
}; Yahoo fallback error: HTTP Error 429: Too Many Requests"
2026-04-30,,Insurance,UNH,fmp,sector_company,,,,,,Financial Modeling Prep stable historical-price-eod/full,provider_error,"HTTP 429: {
  ""Error Message"": ""Limit Reach . Please upgrade your plan or visit our documentation for more details at https://site.financialmodelingprep.com/""
}; Yahoo fallback error: HTTP Error 429: Too Many Requests"
2026-05-10,,Insurance,UNH,fmp,sector_company,,,,,,Financial Modeling Prep stable historical-price-eod/full,provider_error,"HTTP 429: {
  ""Error Message"": ""Limit Reach . Please upgrade your plan or visit our documentation for more details at https://site.financialmodelingprep.com/""
}; Yahoo fallback error: HTTP Error 429: Too Many Requests"
2026-05-20,,Insurance,UNH,fmp,sector_company,,,,,,Financial Modeling Prep stable historical-price-eod/full,provider_error,"HTTP 429: {
  ""Error Message"": ""Limit Reach . Please upgrade your plan or visit our documentation for more details at https://site.financialmodelingprep.com/""
}; Yahoo fallback error: HTTP Error 429: Too Many Requests"
2026-05-30,,Insurance,UNH,fmp,sector_company,,,,,,Financial Modeling Prep stable historical-price-eod/full,provider_error,"HTTP 429: {
  ""Error Message"": ""Limit Reach . Please upgrade your plan or visit our documentation for more details at https://site.financialmodelingprep.com/""
}; Yahoo fallback error: HTTP Error 429: Too Many Requests"
2026-02-28,,Medical Services,ABT,fmp,sector_company,,,,,,Financial Modeling Prep stable historical-price-eod/full,provider_error,"HTTP 429: {
  ""Error Message"": ""Limit Reach . Please upgrade your plan or visit our documentation for more details at https://site.financialmodelingprep.com/""
}; Yahoo fallback error: HTTP Error 429: Too Many Requests"
2026-03-10,,Medical Services,ABT,fmp,sector_company,,,,,,Financial Modeling Prep stable historical-price-eod/full,provider_error,"HTTP 429: {
  ""Error Message"": ""Limit Reach . Please upgrade your plan or visit our documentation for more details at https://site.financialmodelingprep.com/""
}; Yahoo fallback error: HTTP Error 429: Too Many Requests"
2026-03-20,,Medical Services,ABT,fmp,sector_company,,,,,,Financial Modeling Prep stable historical-price-eod/full,provider_error,"HTTP 429: {
  ""Error Message"": ""Limit Reach . Please upgrade your plan or visit our documentation for more details at https://site.financialmodelingprep.com/""
}; Yahoo fallback error: HTTP Error 429: Too Many Requests"
2026-03-30,,Medical Services,ABT,fmp,sector_company,,,,,,Financial Modeling Prep stable historical-price-eod/full,provider_error,"HTTP 429: {
  ""Error Message"": ""Limit Reach . Please upgrade your plan or visit our documentation for more details at https://site.financialmodelingprep.com/""
}; Yahoo fallback error: HTTP Error 429: Too Many Requests"
2026-04-10,,Medical Services,ABT,fmp,sector_company,,,,,,Financial Modeling Prep stable historical-price-eod/full,provider_error,"HTTP 429: {
  ""Error Message"": ""Limit Reach . Please upgrade your plan or visit our documentation for more details at https://site.financialmodelingprep.com/""
}; Yahoo fallback error: HTTP Error 429: Too Many Requests"
2026-04-20,,Medical Services,ABT,fmp,sector_company,,,,,,Financial Modeling Prep stable historical-price-eod/full,provider_error,"HTTP 429: {
  ""Error Message"": ""Limit Reach . Please upgrade your plan or visit our documentation for more details at https://site.financialmodelingprep.com/""
}; Yahoo fallback error: HTTP Error 429: Too Many Requests"
2026-04-30,,Medical Services,ABT,fmp,sector_company,,,,,,Financial Modeling Prep stable historical-price-eod/full,provider_error,"HTTP 429: {
  ""Error Message"": ""Limit Reach . Please upgrade your plan or visit our documentation for more details at https://site.financialmodelingprep.com/""
}; Yahoo fallback error: HTTP Error 429: Too Many Requests"
2026-05-10,,Medical Services,ABT,fmp,sector_company,,,,,,Financial Modeling Prep stable historical-price-eod/full,provider_error,"HTTP 429: {
  ""Error Message"": ""Limit Reach . Please upgrade your plan or visit our documentation for more details at https://site.financialmodelingprep.com/""
}; Yahoo fallback error: HTTP Error 429: Too Many Requests"
2026-05-20,,Medical Services,ABT,fmp,sector_company,,,,,,Financial Modeling Prep stable historical-price-eod/full,provider_error,"HTTP 429: {
  ""Error Message"": ""Limit Reach . Please upgrade your plan or visit our documentation for more details at https://site.financialmodelingprep.com/""
}; Yahoo fallback error: HTTP Error 429: Too Many Requests"
2026-05-30,,Medical Services,ABT,fmp,sector_company,,,,,,Financial Modeling Prep stable historical-price-eod/full,provider_error,"HTTP 429: {
  ""Error Message"": ""Limit Reach . Please upgrade your plan or visit our documentation for more details at https://site.financialmodelingprep.com/""
}; Yahoo fallback error: HTTP Error 429: Too Many Requests"
2026-02-28,,Medical Services,ALGN,fmp,sector_company,,,,,,Financial Modeling Prep stable historical-price-eod/full,provider_error,"HTTP 429: {
  ""Error Message"": ""Limit Reach . Please upgrade your plan or visit our documentation for more details at https://site.financialmodelingprep.com/""
}; Yahoo fallback error: HTTP Error 429: Too Many Requests"
2026-03-10,,Medical Services,ALGN,fmp,sector_company,,,,,,Financial Modeling Prep stable historical-price-eod/full,provider_error,"HTTP 429: {
  ""Error Message"": ""Limit Reach . Please upgrade your plan or visit our documentation for more details at https://site.financialmodelingprep.com/""
}; Yahoo fallback error: HTTP Error 429: Too Many Requests"
2026-03-20,,Medical Services,ALGN,fmp,sector_company,,,,,,Financial Modeling Prep stable historical-price-eod/full,provider_error,"HTTP 429: {
  ""Error Message"": ""Limit Reach . Please upgrade your plan or visit our documentation for more details at https://site.financialmodelingprep.com/""
}; Yahoo fallback error: HTTP Error 429: Too Many Requests"
2026-03-30,,Medical Services,ALGN,fmp,sector_company,,,,,,Financial Modeling Prep stable historical-price-eod/full,provider_error,"HTTP 429: {
  ""Error Message"": ""Limit Reach . Please upgrade your plan or visit our documentation for more details at https://site.financialmodelingprep.com/""
}; Yahoo fallback error: HTTP Error 429: Too Many Requests"
2026-04-10,,Medical Services,ALGN,fmp,sector_company,,,,,,Financial Modeling Prep stable historical-price-eod/full,provider_error,"HTTP 429: {
  ""Error Message"": ""Limit Reach . Please upgrade your plan or visit our documentation for more details at https://site.financialmodelingprep.com/""
}; Yahoo fallback error: HTTP Error 429: Too Many Requests"
2026-04-20,,Medical Services,ALGN,fmp,sector_company,,,,,,Financial Modeling Prep stable historical-price-eod/full,provider_error,"HTTP 429: {
  ""Error Message"": ""Limit Reach . Please upgrade your plan or visit our documentation for more details at https://site.financialmodelingprep.com/""
}; Yahoo fallback error: HTTP Error 429: Too Many Requests"
2026-04-30,,Medical Services,ALGN,fmp,sector_company,,,,,,Financial Modeling Prep stable historical-price-eod/full,provider_error,"HTTP 429: {
  ""Error Message"": ""Limit Reach . Please upgrade your plan or visit our documentation for more details at https://site.financialmodelingprep.com/""
}; Yahoo fallback error: HTTP Error 429: Too Many Requests"
2026-05-10,,Medical Services,ALGN,fmp,sector_company,,,,,,Financial Modeling Prep stable historical-price-eod/full,provider_error,"HTTP 429: {
  ""Error Message"": ""Limit Reach . Please upgrade your plan or visit our documentation for more details at https://site.financialmodelingprep.com/""
}; Yahoo fallback error: HTTP Error 429: Too Many Requests"
2026-05-20,,Medical Services,ALGN,fmp,sector_company,,,,,,Financial Modeling Prep stable historical-price-eod/full,provider_error,"HTTP 429: {
  ""Error Message"": ""Limit Reach . Please upgrade your plan or visit our documentation for more details at https://site.financialmodelingprep.com/""
}; Yahoo fallback error: HTTP Error 429: Too Many Requests"
2026-05-30,,Medical Services,ALGN,fmp,sector_company,,,,,,Financial Modeling Prep stable historical-price-eod/full,provider_error,"HTTP 429: {
  ""Error Message"": ""Limit Reach . Please upgrade your plan or visit our documentation for more details at https://site.financialmodelingprep.com/""
}; Yahoo fallback error: HTTP Error 429: Too Many Requests"
2026-02-28,,Medical Services,BSX,fmp,sector_company,,,,,,Financial Modeling Prep stable historical-price-eod/full,provider_error,"HTTP 429: {
  ""Error Message"": ""Limit Reach . Please upgrade your plan or visit our documentation for more details at https://site.financialmodelingprep.com/""
}; Yahoo fallback error: HTTP Error 429: Too Many Requests"
2026-03-10,,Medical Services,BSX,fmp,sector_company,,,,,,Financial Modeling Prep stable historical-price-eod/full,provider_error,"HTTP 429: {
  ""Error Message"": ""Limit Reach . Please upgrade your plan or visit our documentation for more details at https://site.financialmodelingprep.com/""
}; Yahoo fallback error: HTTP Error 429: Too Many Requests"
2026-03-20,,Medical Services,BSX,fmp,sector_company,,,,,,Financial Modeling Prep stable historical-price-eod/full,provider_error,"HTTP 429: {
  ""Error Message"": ""Limit Reach . Please upgrade your plan or visit our documentation for more details at https://site.financialmodelingprep.com/""
}; Yahoo fallback error: HTTP Error 429: Too Many Requests"
2026-03-30,,Medical Services,BSX,fmp,sector_company,,,,,,Financial Modeling Prep stable historical-price-eod/full,provider_error,"HTTP 429: {
  ""Error Message"": ""Limit Reach . Please upgrade your plan or visit our documentation for more details at https://site.financialmodelingprep.com/""
}; Yahoo fallback error: HTTP Error 429: Too Many Requests"
2026-04-10,,Medical Services,BSX,fmp,sector_company,,,,,,Financial Modeling Prep stable historical-price-eod/full,provider_error,"HTTP 429: {
  ""Error Message"": ""Limit Reach . Please upgrade your plan or visit our documentation for more details at https://site.financialmodelingprep.com/""
}; Yahoo fallback error: HTTP Error 429: Too Many Requests"
2026-04-20,,Medical Services,BSX,fmp,sector_company,,,,,,Financial Modeling Prep stable historical-price-eod/full,provider_error,"HTTP 429: {
  ""Error Message"": ""Limit Reach . Please upgrade your plan or visit our documentation for more details at https://site.financialmodelingprep.com/""
}; Yahoo fallback error: HTTP Error 429: Too Many Requests"
2026-04-30,,Medical Services,BSX,fmp,sector_company,,,,,,Financial Modeling Prep stable historical-price-eod/full,provider_error,"HTTP 429: {
  ""Error Message"": ""Limit Reach . Please upgrade your plan or visit our documentation for more details at https://site.financialmodelingprep.com/""
}; Yahoo fallback error: HTTP Error 429: Too Many Requests"
2026-05-10,,Medical Services,BSX,fmp,sector_company,,,,,,Financial Modeling Prep stable historical-price-eod/full,provider_error,"HTTP 429: {
  ""Error Message"": ""Limit Reach . Please upgrade your plan or visit our documentation for more details at https://site.financialmodelingprep.com/""
}; Yahoo fallback error: HTTP Error 429: Too Many Requests"
2026-05-20,,Medical Services,BSX,fmp,sector_company,,,,,,Financial Modeling Prep stable historical-price-eod/full,provider_error,"HTTP 429: {
  ""Error Message"": ""Limit Reach . Please upgrade your plan or visit our documentation for more details at https://site.financialmodelingprep.com/""
}; Yahoo fallback error: HTTP Error 429: Too Many Requests"
2026-05-30,,Medical Services,BSX,fmp,sector_company,,,,,,Financial Modeling Prep stable historical-price-eod/full,provider_error,"HTTP 429: {
  ""Error Message"": ""Limit Reach . Please upgrade your plan or visit our documentation for more details at https://site.financialmodelingprep.com/""
}; Yahoo fallback error: HTTP Error 429: Too Many Requests"
2026-02-28,,Medical Services,ISRG,fmp,sector_company,,,,,,Financial Modeling Prep stable historical-price-eod/full,provider_error,"HTTP 429: {
  ""Error Message"": ""Limit Reach . Please upgrade your plan or visit our documentation for more details at https://site.financialmodelingprep.com/""
}; Yahoo fallback error: HTTP Error 429: Too Many Requests"
2026-03-10,,Medical Services,ISRG,fmp,sector_company,,,,,,Financial Modeling Prep stable historical-price-eod/full,provider_error,"HTTP 429: {
  ""Error Message"": ""Limit Reach . Please upgrade your plan or visit our documentation for more details at https://site.financialmodelingprep.com/""
}; Yahoo fallback error: HTTP Error 429: Too Many Requests"
2026-03-20,,Medical Services,ISRG,fmp,sector_company,,,,,,Financial Modeling Prep stable historical-price-eod/full,provider_error,"HTTP 429: {
  ""Error Message"": ""Limit Reach . Please upgrade your plan or visit our documentation for more details at https://site.financialmodelingprep.com/""
}; Yahoo fallback error: HTTP Error 429: Too Many Requests"
2026-03-30,,Medical Services,ISRG,fmp,sector_company,,,,,,Financial Modeling Prep stable historical-price-eod/full,provider_error,"HTTP 429: {
  ""Error Message"": ""Limit Reach . Please upgrade your plan or visit our documentation for more details at https://site.financialmodelingprep.com/""
}; Yahoo fallback error: HTTP Error 429: Too Many Requests"
2026-04-10,,Medical Services,ISRG,fmp,sector_company,,,,,,Financial Modeling Prep stable historical-price-eod/full,provider_error,"HTTP 429: {
  ""Error Message"": ""Limit Reach . Please upgrade your plan or visit our documentation for more details at https://site.financialmodelingprep.com/""
}; Yahoo fallback error: HTTP Error 429: Too Many Requests"
2026-04-20,,Medical Services,ISRG,fmp,sector_company,,,,,,Financial Modeling Prep stable historical-price-eod/full,provider_error,"HTTP 429: {
  ""Error Message"": ""Limit Reach . Please upgrade your plan or visit our documentation for more details at https://site.financialmodelingprep.com/""
}; Yahoo fallback error: HTTP Error 429: Too Many Requests"
2026-04-30,,Medical Services,ISRG,fmp,sector_company,,,,,,Financial Modeling Prep stable historical-price-eod/full,provider_error,"HTTP 429: {
  ""Error Message"": ""Limit Reach . Please upgrade your plan or visit our documentation for more details at https://site.financialmodelingprep.com/""
}; Yahoo fallback error: HTTP Error 429: Too Many Requests"
2026-05-10,,Medical Services,ISRG,fmp,sector_company,,,,,,Financial Modeling Prep stable historical-price-eod/full,provider_error,"HTTP 429: {
  ""Error Message"": ""Limit Reach . Please upgrade your plan or visit our documentation for more details at https://site.financialmodelingprep.com/""
}; Yahoo fallback error: HTTP Error 429: Too Many Requests"
2026-05-20,,Medical Services,ISRG,fmp,sector_company,,,,,,Financial Modeling Prep stable historical-price-eod/full,provider_error,"HTTP 429: {
  ""Error Message"": ""Limit Reach . Please upgrade your plan or visit our documentation for more details at https://site.financialmodelingprep.com/""
}; Yahoo fallback error: HTTP Error 429: Too Many Requests"
2026-05-30,,Medical Services,ISRG,fmp,sector_company,,,,,,Financial Modeling Prep stable historical-price-eod/full,provider_error,"HTTP 429: {
  ""Error Message"": ""Limit Reach . Please upgrade your plan or visit our documentation for more details at https://site.financialmodelingprep.com/""
}; Yahoo fallback error: HTTP Error 429: Too Many Requests"
2026-02-28,,Medical Services,MDT,fmp,sector_company,,,,,,Financial Modeling Prep stable historical-price-eod/full,provider_error,"HTTP 429: {
  ""Error Message"": ""Limit Reach . Please upgrade your plan or visit our documentation for more details at https://site.financialmodelingprep.com/""
}; Yahoo fallback error: HTTP Error 429: Too Many Requests"
2026-03-10,,Medical Services,MDT,fmp,sector_company,,,,,,Financial Modeling Prep stable historical-price-eod/full,provider_error,"HTTP 429: {
  ""Error Message"": ""Limit Reach . Please upgrade your plan or visit our documentation for more details at https://site.financialmodelingprep.com/""
}; Yahoo fallback error: HTTP Error 429: Too Many Requests"
2026-03-20,,Medical Services,MDT,fmp,sector_company,,,,,,Financial Modeling Prep stable historical-price-eod/full,provider_error,"HTTP 429: {
  ""Error Message"": ""Limit Reach . Please upgrade your plan or visit our documentation for more details at https://site.financialmodelingprep.com/""
}; Yahoo fallback error: HTTP Error 429: Too Many Requests"
2026-03-30,,Medical Services,MDT,fmp,sector_company,,,,,,Financial Modeling Prep stable historical-price-eod/full,provider_error,"HTTP 429: {
  ""Error Message"": ""Limit Reach . Please upgrade your plan or visit our documentation for more details at https://site.financialmodelingprep.com/""
}; Yahoo fallback error: HTTP Error 429: Too Many Requests"
2026-04-10,,Medical Services,MDT,fmp,sector_company,,,,,,Financial Modeling Prep stable historical-price-eod/full,provider_error,"HTTP 429: {
  ""Error Message"": ""Limit Reach . Please upgrade your plan or visit our documentation for more details at https://site.financialmodelingprep.com/""
}; Yahoo fallback error: HTTP Error 429: Too Many Requests"
2026-04-20,,Medical Services,MDT,fmp,sector_company,,,,,,Financial Modeling Prep stable historical-price-eod/full,provider_error,"HTTP 429: {
  ""Error Message"": ""Limit Reach . Please upgrade your plan or visit our documentation for more details at https://site.financialmodelingprep.com/""
}; Yahoo fallback error: HTTP Error 429: Too Many Requests"
2026-04-30,,Medical Services,MDT,fmp,sector_company,,,,,,Financial Modeling Prep stable historical-price-eod/full,provider_error,"HTTP 429: {
  ""Error Message"": ""Limit Reach . Please upgrade your plan or visit our documentation for more details at https://site.financialmodelingprep.com/""
}; Yahoo fallback error: HTTP Error 429: Too Many Requests"
2026-05-10,,Medical Services,MDT,fmp,sector_company,,,,,,Financial Modeling Prep stable historical-price-eod/full,provider_error,"HTTP 429: {
  ""Error Message"": ""Limit Reach . Please upgrade your plan or visit our documentation for more details at https://site.financialmodelingprep.com/""
}; Yahoo fallback error: HTTP Error 429: Too Many Requests"
2026-05-20,,Medical Services,MDT,fmp,sector_company,,,,,,Financial Modeling Prep stable historical-price-eod/full,provider_error,"HTTP 429: {
  ""Error Message"": ""Limit Reach . Please upgrade your plan or visit our documentation for more details at https://site.financialmodelingprep.com/""
}; Yahoo fallback error: HTTP Error 429: Too Many Requests"
2026-05-30,,Medical Services,MDT,fmp,sector_company,,,,,,Financial Modeling Prep stable historical-price-eod/full,provider_error,"HTTP 429: {
  ""Error Message"": ""Limit Reach . Please upgrade your plan or visit our documentation for more details at https://site.financialmodelingprep.com/""
}; Yahoo fallback error: HTTP Error 429: Too Many Requests"
2026-02-28,,Medical Services,SYK,fmp,sector_company,,,,,,Financial Modeling Prep stable historical-price-eod/full,provider_error,"HTTP 429: {
  ""Error Message"": ""Limit Reach . Please upgrade your plan or visit our documentation for more details at https://site.financialmodelingprep.com/""
}; Yahoo fallback error: HTTP Error 429: Too Many Requests"
2026-03-10,,Medical Services,SYK,fmp,sector_company,,,,,,Financial Modeling Prep stable historical-price-eod/full,provider_error,"HTTP 429: {
  ""Error Message"": ""Limit Reach . Please upgrade your plan or visit our documentation for more details at https://site.financialmodelingprep.com/""
}; Yahoo fallback error: HTTP Error 429: Too Many Requests"
2026-03-20,,Medical Services,SYK,fmp,sector_company,,,,,,Financial Modeling Prep stable historical-price-eod/full,provider_error,"HTTP 429: {
  ""Error Message"": ""Limit Reach . Please upgrade your plan or visit our documentation for more details at https://site.financialmodelingprep.com/""
}; Yahoo fallback error: HTTP Error 429: Too Many Requests"
2026-03-30,,Medical Services,SYK,fmp,sector_company,,,,,,Financial Modeling Prep stable historical-price-eod/full,provider_error,"HTTP 429: {
  ""Error Message"": ""Limit Reach . Please upgrade your plan or visit our documentation for more details at https://site.financialmodelingprep.com/""
}; Yahoo fallback error: HTTP Error 429: Too Many Requests"
2026-04-10,,Medical Services,SYK,fmp,sector_company,,,,,,Financial Modeling Prep stable historical-price-eod/full,provider_error,"HTTP 429: {
  ""Error Message"": ""Limit Reach . Please upgrade your plan or visit our documentation for more details at https://site.financialmodelingprep.com/""
}; Yahoo fallback error: HTTP Error 429: Too Many Requests"
2026-04-20,,Medical Services,SYK,fmp,sector_company,,,,,,Financial Modeling Prep stable historical-price-eod/full,provider_error,"HTTP 429: {
  ""Error Message"": ""Limit Reach . Please upgrade your plan or visit our documentation for more details at https://site.financialmodelingprep.com/""
}; Yahoo fallback error: HTTP Error 429: Too Many Requests"
2026-04-30,,Medical Services,SYK,fmp,sector_company,,,,,,Financial Modeling Prep stable historical-price-eod/full,provider_error,"HTTP 429: {
  ""Error Message"": ""Limit Reach . Please upgrade your plan or visit our documentation for more details at https://site.financialmodelingprep.com/""
}; Yahoo fallback error: HTTP Error 429: Too Many Requests"
2026-05-10,,Medical Services,SYK,fmp,sector_company,,,,,,Financial Modeling Prep stable historical-price-eod/full,provider_error,"HTTP 429: {
  ""Error Message"": ""Limit Reach . Please upgrade your plan or visit our documentation for more details at https://site.financialmodelingprep.com/""
}; Yahoo fallback error: HTTP Error 429: Too Many Requests"
2026-05-20,,Medical Services,SYK,fmp,sector_company,,,,,,Financial Modeling Prep stable historical-price-eod/full,provider_error,"HTTP 429: {
  ""Error Message"": ""Limit Reach . Please upgrade your plan or visit our documentation for more details at https://site.financialmodelingprep.com/""
}; Yahoo fallback error: HTTP Error 429: Too Many Requests"
2026-05-30,,Medical Services,SYK,fmp,sector_company,,,,,,Financial Modeling Prep stable historical-price-eod/full,provider_error,"HTTP 429: {
  ""Error Message"": ""Limit Reach . Please upgrade your plan or visit our documentation for more details at https://site.financialmodelingprep.com/""
}; Yahoo fallback error: HTTP Error 429: Too Many Requests"
2026-02-28,,Medical Services,TMO,fmp,sector_company,,,,,,Financial Modeling Prep stable historical-price-eod/full,provider_error,"HTTP 429: {
  ""Error Message"": ""Limit Reach . Please upgrade your plan or visit our documentation for more details at https://site.financialmodelingprep.com/""
}; Yahoo fallback error: HTTP Error 429: Too Many Requests"
2026-03-10,,Medical Services,TMO,fmp,sector_company,,,,,,Financial Modeling Prep stable historical-price-eod/full,provider_error,"HTTP 429: {
  ""Error Message"": ""Limit Reach . Please upgrade your plan or visit our documentation for more details at https://site.financialmodelingprep.com/""
}; Yahoo fallback error: HTTP Error 429: Too Many Requests"
2026-03-20,,Medical Services,TMO,fmp,sector_company,,,,,,Financial Modeling Prep stable historical-price-eod/full,provider_error,"HTTP 429: {
  ""Error Message"": ""Limit Reach . Please upgrade your plan or visit our documentation for more details at https://site.financialmodelingprep.com/""
}; Yahoo fallback error: HTTP Error 429: Too Many Requests"
2026-03-30,,Medical Services,TMO,fmp,sector_company,,,,,,Financial Modeling Prep stable historical-price-eod/full,provider_error,"HTTP 429: {
  ""Error Message"": ""Limit Reach . Please upgrade your plan or visit our documentation for more details at https://site.financialmodelingprep.com/""
}; Yahoo fallback error: HTTP Error 429: Too Many Requests"
2026-04-10,,Medical Services,TMO,fmp,sector_company,,,,,,Financial Modeling Prep stable historical-price-eod/full,provider_error,"HTTP 429: {
  ""Error Message"": ""Limit Reach . Please upgrade your plan or visit our documentation for more details at https://site.financialmodelingprep.com/""
}; Yahoo fallback error: HTTP Error 429: Too Many Requests"
2026-04-20,,Medical Services,TMO,fmp,sector_company,,,,,,Financial Modeling Prep stable historical-price-eod/full,provider_error,"HTTP 429: {
  ""Error Message"": ""Limit Reach . Please upgrade your plan or visit our documentation for more details at https://site.financialmodelingprep.com/""
}; Yahoo fallback error: HTTP Error 429: Too Many Requests"
2026-04-30,,Medical Services,TMO,fmp,sector_company,,,,,,Financial Modeling Prep stable historical-price-eod/full,provider_error,"HTTP 429: {
  ""Error Message"": ""Limit Reach . Please upgrade your plan or visit our documentation for more details at https://site.financialmodelingprep.com/""
}; Yahoo fallback error: HTTP Error 429: Too Many Requests"
2026-05-10,,Medical Services,TMO,fmp,sector_company,,,,,,Financial Modeling Prep stable historical-price-eod/full,provider_error,"HTTP 429: {
  ""Error Message"": ""Limit Reach . Please upgrade your plan or visit our documentation for more details at https://site.financialmodelingprep.com/""
}; Yahoo fallback error: HTTP Error 429: Too Many Requests"
2026-05-20,,Medical Services,TMO,fmp,sector_company,,,,,,Financial Modeling Prep stable historical-price-eod/full,provider_error,"HTTP 429: {
  ""Error Message"": ""Limit Reach . Please upgrade your plan or visit our documentation for more details at https://site.financialmodelingprep.com/""
}; Yahoo fallback error: HTTP Error 429: Too Many Requests"
2026-05-30,,Medical Services,TMO,fmp,sector_company,,,,,,Financial Modeling Prep stable historical-price-eod/full,provider_error,"HTTP 429: {
  ""Error Message"": ""Limit Reach . Please upgrade your plan or visit our documentation for more details at https://site.financialmodelingprep.com/""
}; Yahoo fallback error: HTTP Error 429: Too Many Requests"
2026-02-28,2026-02-27,Mining,BHP,twelve_data,sector_company,82.20000,82.20000,81.080002,81.57000,3748800,Twelve Data time_series,ok,fallback after FMP error: HTTP 402: Premium Query Parameter: 'Special Endpoint : This value set for 'symbol' is not available under your current subscription please visit our subscription page to upgrade your plan at https://financialmodelingprep.com/; previous trading day for anchor 2026-02-28
2026-03-10,2026-03-10,Mining,BHP,twelve_data,sector_company,73.58000,74.84000,73.43000,73.89000,3735400,Twelve Data time_series,ok,fallback after FMP error: HTTP 402: Premium Query Parameter: 'Special Endpoint : This value set for 'symbol' is not available under your current subscription please visit our subscription page to upgrade your plan at https://financialmodelingprep.com/
2026-03-20,2026-03-20,Mining,BHP,twelve_data,sector_company,66.58000,67.15000,64.53000,65.29000,5113000,Twelve Data time_series,ok,fallback after FMP error: HTTP 402: Premium Query Parameter: 'Special Endpoint : This value set for 'symbol' is not available under your current subscription please visit our subscription page to upgrade your plan at https://financialmodelingprep.com/
2026-03-30,2026-03-30,Mining,BHP,twelve_data,sector_company,70.51000,70.91000,68.92000,69.019997,4045400,Twelve Data time_series,ok,fallback after FMP error: HTTP 402: Premium Query Parameter: 'Special Endpoint : This value set for 'symbol' is not available under your current subscription please visit our subscription page to upgrade your plan at https://financialmodelingprep.com/
2026-04-10,2026-04-10,Mining,BHP,twelve_data,sector_company,78.26000,78.45000,76.52000,76.81000,3382000,Twelve Data time_series,ok,fallback after FMP error: HTTP 402: Premium Query Parameter: 'Special Endpoint : This value set for 'symbol' is not available under your current subscription please visit our subscription page to upgrade your plan at https://financialmodelingprep.com/
2026-04-20,2026-04-20,Mining,BHP,twelve_data,sector_company,79.55000,79.84000,78.93000,79.59000,2081400,Twelve Data time_series,ok,fallback after FMP error: HTTP 402: Premium Query Parameter: 'Special Endpoint : This value set for 'symbol' is not available under your current subscription please visit our subscription page to upgrade your plan at https://financialmodelingprep.com/
2026-04-30,2026-04-30,Mining,BHP,twelve_data,sector_company,78.57000,79.58000,77.91000,79.30000,2302400,Twelve Data time_series,ok,fallback after FMP error: HTTP 402: Premium Query Parameter: 'Special Endpoint : This value set for 'symbol' is not available under your current subscription please visit our subscription page to upgrade your plan at https://financialmodelingprep.com/
2026-05-10,2026-05-08,Mining,BHP,twelve_data,sector_company,83.85000,84.81000,83.67000,84.72000,2000000,Twelve Data time_series,ok,fallback after FMP error: HTTP 402: Premium Query Parameter: 'Special Endpoint : This value set for 'symbol' is not available under your current subscription please visit our subscription page to upgrade your plan at https://financialmodelingprep.com/; previous trading day for anchor 2026-05-10
2026-05-20,2026-05-20,Mining,BHP,twelve_data,sector_company,82.49000,83.76000,81.72000,83.55000,2686100,Twelve Data time_series,ok,fallback after FMP error: HTTP 402: Premium Query Parameter: 'Special Endpoint : This value set for 'symbol' is not available under your current subscription please visit our subscription page to upgrade your plan at https://financialmodelingprep.com/
2026-05-30,2026-05-29,Mining,BHP,twelve_data,sector_company,89.11000,89.40000,87.87000,88.91000,3030700,Twelve Data time_series,ok,fallback after FMP error: HTTP 402: Premium Query Parameter: 'Special Endpoint : This value set for 'symbol' is not available under your current subscription please visit our subscription page to upgrade your plan at https://financialmodelingprep.com/; previous trading day for anchor 2026-05-30
2026-02-28,2026-02-27,Mining,FCX,twelve_data,sector_company,68.39000,68.93000,66.87000,68.080002,19425700,Twelve Data time_series,ok,fallback after FMP error: HTTP 402: Premium Query Parameter: 'Special Endpoint : This value set for 'symbol' is not available under your current subscription please visit our subscription page to upgrade your plan at https://financialmodelingprep.com/; previous trading day for anchor 2026-02-28
2026-03-10,2026-03-10,Mining,FCX,twelve_data,sector_company,60.98000,63.12000,60.73000,62.40000,16982400,Twelve Data time_series,ok,fallback after FMP error: HTTP 402: Premium Query Parameter: 'Special Endpoint : This value set for 'symbol' is not available under your current subscription please visit our subscription page to upgrade your plan at https://financialmodelingprep.com/
2026-03-20,2026-03-20,Mining,FCX,twelve_data,sector_company,53.070000,53.92000,51.51000,52.090000,25007300,Twelve Data time_series,ok,fallback after FMP error: HTTP 402: Premium Query Parameter: 'Special Endpoint : This value set for 'symbol' is not available under your current subscription please visit our subscription page to upgrade your plan at https://financialmodelingprep.com/
2026-03-30,2026-03-30,Mining,FCX,twelve_data,sector_company,57.58000,58.15000,54.17000,54.65000,14246700,Twelve Data time_series,ok,fallback after FMP error: HTTP 402: Premium Query Parameter: 'Special Endpoint : This value set for 'symbol' is not available under your current subscription please visit our subscription page to upgrade your plan at https://financialmodelingprep.com/
2026-04-10,2026-04-10,Mining,FCX,twelve_data,sector_company,67.24000,68.41000,67.099998,67.80000,15706800,Twelve Data time_series,ok,fallback after FMP error: HTTP 402: Premium Query Parameter: 'Special Endpoint : This value set for 'symbol' is not available under your current subscription please visit our subscription page to upgrade your plan at https://financialmodelingprep.com/
2026-04-20,2026-04-20,Mining,FCX,twelve_data,sector_company,69.54000,70.97000,69.23000,70.18000,12297800,Twelve Data time_series,ok,fallback after FMP error: HTTP 402: Premium Query Parameter: 'Special Endpoint : This value set for 'symbol' is not available under your current subscription please visit our subscription page to upgrade your plan at https://financialmodelingprep.com/
2026-04-30,2026-04-30,Mining,FCX,twelve_data,sector_company,57.93000,58.34000,57.020000,57.78000,16181400,Twelve Data time_series,ok,fallback after FMP error: HTTP 402: Premium Query Parameter: 'Special Endpoint : This value set for 'symbol' is not available under your current subscription please visit our subscription page to upgrade your plan at https://financialmodelingprep.com/
2026-05-10,2026-05-08,Mining,FCX,twelve_data,sector_company,61.78000,62.28000,60.70000,61.65000,12202700,Twelve Data time_series,ok,fallback after FMP error: HTTP 402: Premium Query Parameter: 'Special Endpoint : This value set for 'symbol' is not available under your current subscription please visit our subscription page to upgrade your plan at https://financialmodelingprep.com/; previous trading day for anchor 2026-05-10
2026-05-20,2026-05-20,Mining,FCX,twelve_data,sector_company,59.19000,61.060001,58.81000,60.87000,12015900,Twelve Data time_series,ok,fallback after FMP error: HTTP 402: Premium Query Parameter: 'Special Endpoint : This value set for 'symbol' is not available under your current subscription please visit our subscription page to upgrade your plan at https://financialmodelingprep.com/
2026-05-30,2026-05-29,Mining,FCX,twelve_data,sector_company,65.43000,66.80000,64.48000,65.71000,11376700,Twelve Data time_series,ok,fallback after FMP error: HTTP 402: Premium Query Parameter: 'Special Endpoint : This value set for 'symbol' is not available under your current subscription please visit our subscription page to upgrade your plan at https://financialmodelingprep.com/; previous trading day for anchor 2026-05-30
2026-02-28,2026-02-27,Mining,GOLD,twelve_data,sector_company,56.28000,57.63000,55.57000,57.47000,797800,Twelve Data time_series,ok,fallback after FMP error: HTTP 402: Premium Query Parameter: 'Special Endpoint : This value set for 'symbol' is not available under your current subscription please visit our subscription page to upgrade your plan at https://financialmodelingprep.com/; previous trading day for anchor 2026-02-28
2026-03-10,2026-03-10,Mining,GOLD,twelve_data,sector_company,50.49000,52.55000,50,50.65000,528300,Twelve Data time_series,ok,fallback after FMP error: HTTP 402: Premium Query Parameter: 'Special Endpoint : This value set for 'symbol' is not available under your current subscription please visit our subscription page to upgrade your plan at https://financialmodelingprep.com/
2026-03-20,2026-03-20,Mining,GOLD,twelve_data,sector_company,44.33000,44.48000,41.61000,42.26000,1072700,Twelve Data time_series,ok,fallback after FMP error: HTTP 402: Premium Query Parameter: 'Special Endpoint : This value set for 'symbol' is not available under your current subscription please visit our subscription page to upgrade your plan at https://financialmodelingprep.com/
2026-03-30,2026-03-30,Mining,GOLD,twelve_data,sector_company,39.62000,40.080002,37.77000,37.98000,765400,Twelve Data time_series,ok,fallback after FMP error: HTTP 402: Premium Query Parameter: 'Special Endpoint : This value set for 'symbol' is not available under your current subscription please visit our subscription page to upgrade your plan at https://financialmodelingprep.com/
2026-04-10,2026-04-10,Mining,GOLD,twelve_data,sector_company,44.61000,44.83000,43.80000,43.98000,305200,Twelve Data time_series,ok,fallback after FMP error: HTTP 402: Premium Query Parameter: 'Special Endpoint : This value set for 'symbol' is not available under your current subscription please visit our subscription page to upgrade your plan at https://financialmodelingprep.com/
2026-04-20,2026-04-20,Mining,GOLD,twelve_data,sector_company,48.30000,49.16000,47.55000,48.63000,741000,Twelve Data time_series,ok,fallback after FMP error: HTTP 402: Premium Query Parameter: 'Special Endpoint : This value set for 'symbol' is not available under your current subscription please visit our subscription page to upgrade your plan at https://financialmodelingprep.com/
2026-04-30,2026-04-30,Mining,GOLD,twelve_data,sector_company,45.88000,46.30000,44.48000,45.19000,391100,Twelve Data time_series,ok,fallback after FMP error: HTTP 402: Premium Query Parameter: 'Special Endpoint : This value set for 'symbol' is not available under your current subscription please visit our subscription page to upgrade your plan at https://financialmodelingprep.com/
2026-05-10,2026-05-08,Mining,GOLD,twelve_data,sector_company,44.29000,46.65000,44,45.39000,934500,Twelve Data time_series,ok,fallback after FMP error: HTTP 402: Premium Query Parameter: 'Special Endpoint : This value set for 'symbol' is not available under your current subscription please visit our subscription page to upgrade your plan at https://financialmodelingprep.com/; previous trading day for anchor 2026-05-10
2026-05-20,2026-05-20,Mining,GOLD,twelve_data,sector_company,39.62000,41.029999,39.49000,41.0099983,504900,Twelve Data time_series,ok,fallback after FMP error: HTTP 402: Premium Query Parameter: 'Special Endpoint : This value set for 'symbol' is not available under your current subscription please visit our subscription page to upgrade your plan at https://financialmodelingprep.com/
2026-05-30,2026-05-29,Mining,GOLD,twelve_data,sector_company,42.85000,43.49000,42.29800,42.31000,359800,Twelve Data time_series,ok,fallback after FMP error: HTTP 402: Premium Query Parameter: 'Special Endpoint : This value set for 'symbol' is not available under your current subscription please visit our subscription page to upgrade your plan at https://financialmodelingprep.com/; previous trading day for anchor 2026-05-30
2026-02-28,2026-02-27,Mining,NEM,twelve_data,sector_company,129.070007,131.21001,128.89999,130,15016600,Twelve Data time_series,ok,fallback after FMP error: HTTP 402: Premium Query Parameter: 'Special Endpoint : This value set for 'symbol' is not available under your current subscription please visit our subscription page to upgrade your plan at https://financialmodelingprep.com/; previous trading day for anchor 2026-02-28
2026-03-10,2026-03-10,Mining,NEM,twelve_data,sector_company,118.019997,120.34000,117,118.90000,8030000,Twelve Data time_series,ok,fallback after FMP error: HTTP 402: Premium Query Parameter: 'Special Endpoint : This value set for 'symbol' is not available under your current subscription please visit our subscription page to upgrade your plan at https://financialmodelingprep.com/
2026-03-20,2026-03-20,Mining,NEM,twelve_data,sector_company,99.69000,99.87000,94.34000,95.80000,30701700,Twelve Data time_series,ok,fallback after FMP error: HTTP 402: Premium Query Parameter: 'Special Endpoint : This value set for 'symbol' is not available under your current subscription please visit our subscription page to upgrade your plan at https://financialmodelingprep.com/
2026-03-30,2026-03-30,Mining,NEM,twelve_data,sector_company,104.79000,106.029999,101.93000,103.12000,10882100,Twelve Data time_series,ok,fallback after FMP error: HTTP 402: Premium Query Parameter: 'Special Endpoint : This value set for 'symbol' is not available under your current subscription please visit our subscription page to upgrade your plan at https://financialmodelingprep.com/
2026-04-10,2026-04-10,Mining,NEM,twelve_data,sector_company,119.52000,121.92000,119.52000,120.90000,6535400,Twelve Data time_series,ok,fallback after FMP error: HTTP 402: Premium Query Parameter: 'Special Endpoint : This value set for 'symbol' is not available under your current subscription please visit our subscription page to upgrade your plan at https://financialmodelingprep.com/
2026-04-20,2026-04-20,Mining,NEM,twelve_data,sector_company,114.69000,115.14000,113.23000,114.84000,6391400,Twelve Data time_series,ok,fallback after FMP error: HTTP 402: Premium Query Parameter: 'Special Endpoint : This value set for 'symbol' is not available under your current subscription please visit our subscription page to upgrade your plan at https://financialmodelingprep.com/
2026-04-30,2026-04-30,Mining,NEM,twelve_data,sector_company,109.5,111.63000,108.89000,111.089996,8294500,Twelve Data time_series,ok,fallback after FMP error: HTTP 402: Premium Query Parameter: 'Special Endpoint : This value set for 'symbol' is not available under your current subscription please visit our subscription page to upgrade your plan at https://financialmodelingprep.com/
2026-05-10,2026-05-08,Mining,NEM,twelve_data,sector_company,115.95000,117.29000,114.97000,116.51000,5292500,Twelve Data time_series,ok,fallback after FMP error: HTTP 402: Premium Query Parameter: 'Special Endpoint : This value set for 'symbol' is not available under your current subscription please visit our subscription page to upgrade your plan at https://financialmodelingprep.com/; previous trading day for anchor 2026-05-10
2026-05-20,2026-05-20,Mining,NEM,twelve_data,sector_company,105.17000,107.97000,104.55000,107.39000,7543900,Twelve Data time_series,ok,fallback after FMP error: HTTP 402: Premium Query Parameter: 'Special Endpoint : This value set for 'symbol' is not available under your current subscription please visit our subscription page to upgrade your plan at https://financialmodelingprep.com/
2026-05-30,2026-05-29,Mining,NEM,twelve_data,sector_company,108,111.93000,107.42000,109.81000,14672900,Twelve Data time_series,ok,fallback after FMP error: HTTP 402: Premium Query Parameter: 'Special Endpoint : This value set for 'symbol' is not available under your current subscription please visit our subscription page to upgrade your plan at https://financialmodelingprep.com/; previous trading day for anchor 2026-05-30
2026-02-28,2026-02-27,Mining,RIO,twelve_data,sector_company,99.16000,99.57000,98.36000,99.34000,2390700,Twelve Data time_series,ok,fallback after FMP error: HTTP 402: Premium Query Parameter: 'Special Endpoint : This value set for 'symbol' is not available under your current subscription please visit our subscription page to upgrade your plan at https://financialmodelingprep.com/; previous trading day for anchor 2026-02-28
2026-03-10,2026-03-10,Mining,RIO,twelve_data,sector_company,91.34000,92.54000,90.78000,91.68000,2636300,Twelve Data time_series,ok,fallback after FMP error: HTTP 402: Premium Query Parameter: 'Special Endpoint : This value set for 'symbol' is not available under your current subscription please visit our subscription page to upgrade your plan at https://financialmodelingprep.com/
2026-03-20,2026-03-20,Mining,RIO,twelve_data,sector_company,85.099998,85.60000,82.35000,83.15000,5081000,Twelve Data time_series,ok,fallback after FMP error: HTTP 402: Premium Query Parameter: 'Special Endpoint : This value set for 'symbol' is not available under your current subscription please visit our subscription page to upgrade your plan at https://financialmodelingprep.com/
2026-03-30,2026-03-30,Mining,RIO,twelve_data,sector_company,90,90.25,88.34000,88.82000,4499000,Twelve Data time_series,ok,fallback after FMP error: HTTP 402: Premium Query Parameter: 'Special Endpoint : This value set for 'symbol' is not available under your current subscription please visit our subscription page to upgrade your plan at https://financialmodelingprep.com/
2026-04-10,2026-04-10,Mining,RIO,twelve_data,sector_company,99.12000,99.34000,97.98000,98.26000,2387400,Twelve Data time_series,ok,fallback after FMP error: HTTP 402: Premium Query Parameter: 'Special Endpoint : This value set for 'symbol' is not available under your current subscription please visit our subscription page to upgrade your plan at https://financialmodelingprep.com/
2026-04-20,2026-04-20,Mining,RIO,twelve_data,sector_company,99.62000,100.25,98.86000,99.83000,2308100,Twelve Data time_series,ok,fallback after FMP error: HTTP 402: Premium Query Parameter: 'Special Endpoint : This value set for 'symbol' is not available under your current subscription please visit our subscription page to upgrade your plan at https://financialmodelingprep.com/
2026-04-30,2026-04-30,Mining,RIO,twelve_data,sector_company,99.14000,100.65000,98.33000,100.48000,3353100,Twelve Data time_series,ok,fallback after FMP error: HTTP 402: Premium Query Parameter: 'Special Endpoint : This value set for 'symbol' is not available under your current subscription please visit our subscription page to upgrade your plan at https://financialmodelingprep.com/
2026-05-10,2026-05-08,Mining,RIO,twelve_data,sector_company,104.85000,105.77000,104.57000,105.38000,2212900,Twelve Data time_series,ok,fallback after FMP error: HTTP 402: Premium Query Parameter: 'Special Endpoint : This value set for 'symbol' is not available under your current subscription please visit our subscription page to upgrade your plan at https://financialmodelingprep.com/; previous trading day for anchor 2026-05-10
2026-05-20,2026-05-20,Mining,RIO,twelve_data,sector_company,101.72000,103.31000,101.080002,103.31000,2154600,Twelve Data time_series,ok,fallback after FMP error: HTTP 402: Premium Query Parameter: 'Special Endpoint : This value set for 'symbol' is not available under your current subscription please visit our subscription page to upgrade your plan at https://financialmodelingprep.com/
2026-05-30,2026-05-29,Mining,RIO,twelve_data,sector_company,107.029999,108.34000,106.30000,106.39000,2293400,Twelve Data time_series,ok,fallback after FMP error: HTTP 402: Premium Query Parameter: 'Special Endpoint : This value set for 'symbol' is not available under your current subscription please visit our subscription page to upgrade your plan at https://financialmodelingprep.com/; previous trading day for anchor 2026-05-30
2026-02-28,2026-02-27,Mining,SCCO,twelve_data,sector_company,213.039597,221.67326,212.0099030,216.13861,2079287,Twelve Data time_series,ok,fallback after FMP error: HTTP 402: Premium Query Parameter: 'Special Endpoint : This value set for 'symbol' is not available under your current subscription please visit our subscription page to upgrade your plan at https://financialmodelingprep.com/; previous trading day for anchor 2026-02-28
2026-03-10,2026-03-10,Mining,SCCO,twelve_data,sector_company,191.96040,198.26733,190.68317,194.21782,1318151,Twelve Data time_series,ok,fallback after FMP error: HTTP 402: Premium Query Parameter: 'Special Endpoint : This value set for 'symbol' is not available under your current subscription please visit our subscription page to upgrade your plan at https://financialmodelingprep.com/
2026-03-20,2026-03-20,Mining,SCCO,twelve_data,sector_company,157.49506,158.84158,149.87129,151.19801,3105548,Twelve Data time_series,ok,fallback after FMP error: HTTP 402: Premium Query Parameter: 'Special Endpoint : This value set for 'symbol' is not available under your current subscription please visit our subscription page to upgrade your plan at https://financialmodelingprep.com/
2026-03-30,2026-03-30,Mining,SCCO,twelve_data,sector_company,164.95050,165.52475,155.62376,157.70297,1695790,Twelve Data time_series,ok,fallback after FMP error: HTTP 402: Premium Query Parameter: 'Special Endpoint : This value set for 'symbol' is not available under your current subscription please visit our subscription page to upgrade your plan at https://financialmodelingprep.com/
2026-04-10,2026-04-10,Mining,SCCO,twelve_data,sector_company,190.099014,194.43564,188.62376,190.65346,1563682,Twelve Data time_series,ok,fallback after FMP error: HTTP 402: Premium Query Parameter: 'Special Endpoint : This value set for 'symbol' is not available under your current subscription please visit our subscription page to upgrade your plan at https://financialmodelingprep.com/
2026-04-20,2026-04-20,Mining,SCCO,twelve_data,sector_company,188.18813,190.93069,186.65346,188.87129,1040300,Twelve Data time_series,ok,fallback after FMP error: HTTP 402: Premium Query Parameter: 'Special Endpoint : This value set for 'symbol' is not available under your current subscription please visit our subscription page to upgrade your plan at https://financialmodelingprep.com/
2026-04-30,2026-04-30,Mining,SCCO,twelve_data,sector_company,171.039597,172.15842,167.26733,169.99010,1379862,Twelve Data time_series,ok,fallback after FMP error: HTTP 402: Premium Query Parameter: 'Special Endpoint : This value set for 'symbol' is not available under your current subscription please visit our subscription page to upgrade your plan at https://financialmodelingprep.com/
2026-05-10,2026-05-08,Mining,SCCO,twelve_data,sector_company,181.76237,186.56436,181.76237,183.45544,1093426,Twelve Data time_series,ok,fallback after FMP error: HTTP 402: Premium Query Parameter: 'Special Endpoint : This value set for 'symbol' is not available under your current subscription please visit our subscription page to upgrade your plan at https://financialmodelingprep.com/; previous trading day for anchor 2026-05-10
2026-05-20,2026-05-20,Mining,SCCO,twelve_data,sector_company,170.97000,175.19000,169.21001,174.089996,930000,Twelve Data time_series,ok,fallback after FMP error: HTTP 402: Premium Query Parameter: 'Special Endpoint : This value set for 'symbol' is not available under your current subscription please visit our subscription page to upgrade your plan at https://financialmodelingprep.com/
2026-05-30,2026-05-29,Mining,SCCO,twelve_data,sector_company,193.25,194.45000,188.80000,191.30000,1577200,Twelve Data time_series,ok,fallback after FMP error: HTTP 402: Premium Query Parameter: 'Special Endpoint : This value set for 'symbol' is not available under your current subscription please visit our subscription page to upgrade your plan at https://financialmodelingprep.com/; previous trading day for anchor 2026-05-30
2026-02-28,2026-02-27,Mining,VALE,twelve_data,sector_company,17.33000,17.42000,17.15000,17.18000,16804400,Twelve Data time_series,ok,fallback after FMP error: HTTP 402: Premium Query Parameter: 'Special Endpoint : This value set for 'symbol' is not available under your current subscription please visit our subscription page to upgrade your plan at https://financialmodelingprep.com/; previous trading day for anchor 2026-02-28
2026-03-10,2026-03-10,Mining,VALE,twelve_data,sector_company,15.49000,15.73000,15.34000,15.63000,31753300,Twelve Data time_series,ok,fallback after FMP error: HTTP 402: Premium Query Parameter: 'Special Endpoint : This value set for 'symbol' is not available under your current subscription please visit our subscription page to upgrade your plan at https://financialmodelingprep.com/
2026-03-20,2026-03-20,Mining,VALE,twelve_data,sector_company,14.44000,14.54000,14,14.050000,49923300,Twelve Data time_series,ok,fallback after FMP error: HTTP 402: Premium Query Parameter: 'Special Endpoint : This value set for 'symbol' is not available under your current subscription please visit our subscription page to upgrade your plan at https://financialmodelingprep.com/
2026-03-30,2026-03-30,Mining,VALE,twelve_data,sector_company,15.37000,15.47000,15.040000,15.10000,23089200,Twelve Data time_series,ok,fallback after FMP error: HTTP 402: Premium Query Parameter: 'Special Endpoint : This value set for 'symbol' is not available under your current subscription please visit our subscription page to upgrade your plan at https://financialmodelingprep.com/
2026-04-10,2026-04-10,Mining,VALE,twelve_data,sector_company,16.91000,17.19000,16.80000,16.96000,41157100,Twelve Data time_series,ok,fallback after FMP error: HTTP 402: Premium Query Parameter: 'Special Endpoint : This value set for 'symbol' is not available under your current subscription please visit our subscription page to upgrade your plan at https://financialmodelingprep.com/
2026-04-20,2026-04-20,Mining,VALE,twelve_data,sector_company,17.78000,17.91000,17.61000,17.82000,20048400,Twelve Data time_series,ok,fallback after FMP error: HTTP 402: Premium Query Parameter: 'Special Endpoint : This value set for 'symbol' is not available under your current subscription please visit our subscription page to upgrade your plan at https://financialmodelingprep.com/
2026-04-30,2026-04-30,Mining,VALE,twelve_data,sector_company,16.16000,16.44000,16,16.36000,16363800,Twelve Data time_series,ok,fallback after FMP error: HTTP 402: Premium Query Parameter: 'Special Endpoint : This value set for 'symbol' is not available under your current subscription please visit our subscription page to upgrade your plan at https://financialmodelingprep.com/
2026-05-10,2026-05-08,Mining,VALE,twelve_data,sector_company,16.46000,16.66000,16.43000,16.63000,15937400,Twelve Data time_series,ok,fallback after FMP error: HTTP 402: Premium Query Parameter: 'Special Endpoint : This value set for 'symbol' is not available under your current subscription please visit our subscription page to upgrade your plan at https://financialmodelingprep.com/; previous trading day for anchor 2026-05-10
2026-05-20,2026-05-20,Mining,VALE,twelve_data,sector_company,16.16000,16.41000,15.99000,16.35000,17680500,Twelve Data time_series,ok,fallback after FMP error: HTTP 402: Premium Query Parameter: 'Special Endpoint : This value set for 'symbol' is not available under your current subscription please visit our subscription page to upgrade your plan at https://financialmodelingprep.com/
2026-05-30,2026-05-29,Mining,VALE,twelve_data,sector_company,16.53000,16.61000,16.22000,16.25,22948500,Twelve Data time_series,ok,fallback after FMP error: HTTP 402: Premium Query Parameter: 'Special Endpoint : This value set for 'symbol' is not available under your current subscription please visit our subscription page to upgrade your plan at https://financialmodelingprep.com/; previous trading day for anchor 2026-05-30
2026-02-28,,REIT,AMT,fmp,sector_company,,,,,,Financial Modeling Prep stable historical-price-eod/full,provider_error,"HTTP 429: {
  ""Error Message"": ""Limit Reach . Please upgrade your plan or visit our documentation for more details at https://site.financialmodelingprep.com/""
}; Yahoo fallback error: HTTP Error 429: Too Many Requests"
2026-03-10,,REIT,AMT,fmp,sector_company,,,,,,Financial Modeling Prep stable historical-price-eod/full,provider_error,"HTTP 429: {
  ""Error Message"": ""Limit Reach . Please upgrade your plan or visit our documentation for more details at https://site.financialmodelingprep.com/""
}; Yahoo fallback error: HTTP Error 429: Too Many Requests"
2026-03-20,,REIT,AMT,fmp,sector_company,,,,,,Financial Modeling Prep stable historical-price-eod/full,provider_error,"HTTP 429: {
  ""Error Message"": ""Limit Reach . Please upgrade your plan or visit our documentation for more details at https://site.financialmodelingprep.com/""
}; Yahoo fallback error: HTTP Error 429: Too Many Requests"
2026-03-30,,REIT,AMT,fmp,sector_company,,,,,,Financial Modeling Prep stable historical-price-eod/full,provider_error,"HTTP 429: {
  ""Error Message"": ""Limit Reach . Please upgrade your plan or visit our documentation for more details at https://site.financialmodelingprep.com/""
}; Yahoo fallback error: HTTP Error 429: Too Many Requests"
2026-04-10,,REIT,AMT,fmp,sector_company,,,,,,Financial Modeling Prep stable historical-price-eod/full,provider_error,"HTTP 429: {
  ""Error Message"": ""Limit Reach . Please upgrade your plan or visit our documentation for more details at https://site.financialmodelingprep.com/""
}; Yahoo fallback error: HTTP Error 429: Too Many Requests"
2026-04-20,,REIT,AMT,fmp,sector_company,,,,,,Financial Modeling Prep stable historical-price-eod/full,provider_error,"HTTP 429: {
  ""Error Message"": ""Limit Reach . Please upgrade your plan or visit our documentation for more details at https://site.financialmodelingprep.com/""
}; Yahoo fallback error: HTTP Error 429: Too Many Requests"
2026-04-30,,REIT,AMT,fmp,sector_company,,,,,,Financial Modeling Prep stable historical-price-eod/full,provider_error,"HTTP 429: {
  ""Error Message"": ""Limit Reach . Please upgrade your plan or visit our documentation for more details at https://site.financialmodelingprep.com/""
}; Yahoo fallback error: HTTP Error 429: Too Many Requests"
2026-05-10,,REIT,AMT,fmp,sector_company,,,,,,Financial Modeling Prep stable historical-price-eod/full,provider_error,"HTTP 429: {
  ""Error Message"": ""Limit Reach . Please upgrade your plan or visit our documentation for more details at https://site.financialmodelingprep.com/""
}; Yahoo fallback error: HTTP Error 429: Too Many Requests"
2026-05-20,,REIT,AMT,fmp,sector_company,,,,,,Financial Modeling Prep stable historical-price-eod/full,provider_error,"HTTP 429: {
  ""Error Message"": ""Limit Reach . Please upgrade your plan or visit our documentation for more details at https://site.financialmodelingprep.com/""
}; Yahoo fallback error: HTTP Error 429: Too Many Requests"
2026-05-30,,REIT,AMT,fmp,sector_company,,,,,,Financial Modeling Prep stable historical-price-eod/full,provider_error,"HTTP 429: {
  ""Error Message"": ""Limit Reach . Please upgrade your plan or visit our documentation for more details at https://site.financialmodelingprep.com/""
}; Yahoo fallback error: HTTP Error 429: Too Many Requests"
2026-02-28,,REIT,DLR,fmp,sector_company,,,,,,Financial Modeling Prep stable historical-price-eod/full,provider_error,"HTTP 429: {
  ""Error Message"": ""Limit Reach . Please upgrade your plan or visit our documentation for more details at https://site.financialmodelingprep.com/""
}; Yahoo fallback error: HTTP Error 429: Too Many Requests"
2026-03-10,,REIT,DLR,fmp,sector_company,,,,,,Financial Modeling Prep stable historical-price-eod/full,provider_error,"HTTP 429: {
  ""Error Message"": ""Limit Reach . Please upgrade your plan or visit our documentation for more details at https://site.financialmodelingprep.com/""
}; Yahoo fallback error: HTTP Error 429: Too Many Requests"
2026-03-20,,REIT,DLR,fmp,sector_company,,,,,,Financial Modeling Prep stable historical-price-eod/full,provider_error,"HTTP 429: {
  ""Error Message"": ""Limit Reach . Please upgrade your plan or visit our documentation for more details at https://site.financialmodelingprep.com/""
}; Yahoo fallback error: HTTP Error 429: Too Many Requests"
2026-03-30,,REIT,DLR,fmp,sector_company,,,,,,Financial Modeling Prep stable historical-price-eod/full,provider_error,"HTTP 429: {
  ""Error Message"": ""Limit Reach . Please upgrade your plan or visit our documentation for more details at https://site.financialmodelingprep.com/""
}; Yahoo fallback error: HTTP Error 429: Too Many Requests"
2026-04-10,,REIT,DLR,fmp,sector_company,,,,,,Financial Modeling Prep stable historical-price-eod/full,provider_error,"HTTP 429: {
  ""Error Message"": ""Limit Reach . Please upgrade your plan or visit our documentation for more details at https://site.financialmodelingprep.com/""
}; Yahoo fallback error: HTTP Error 429: Too Many Requests"
2026-04-20,,REIT,DLR,fmp,sector_company,,,,,,Financial Modeling Prep stable historical-price-eod/full,provider_error,"HTTP 429: {
  ""Error Message"": ""Limit Reach . Please upgrade your plan or visit our documentation for more details at https://site.financialmodelingprep.com/""
}; Yahoo fallback error: HTTP Error 429: Too Many Requests"
2026-04-30,,REIT,DLR,fmp,sector_company,,,,,,Financial Modeling Prep stable historical-price-eod/full,provider_error,"HTTP 429: {
  ""Error Message"": ""Limit Reach . Please upgrade your plan or visit our documentation for more details at https://site.financialmodelingprep.com/""
}; Yahoo fallback error: HTTP Error 429: Too Many Requests"
2026-05-10,,REIT,DLR,fmp,sector_company,,,,,,Financial Modeling Prep stable historical-price-eod/full,provider_error,"HTTP 429: {
  ""Error Message"": ""Limit Reach . Please upgrade your plan or visit our documentation for more details at https://site.financialmodelingprep.com/""
}; Yahoo fallback error: HTTP Error 429: Too Many Requests"
2026-05-20,,REIT,DLR,fmp,sector_company,,,,,,Financial Modeling Prep stable historical-price-eod/full,provider_error,"HTTP 429: {
  ""Error Message"": ""Limit Reach . Please upgrade your plan or visit our documentation for more details at https://site.financialmodelingprep.com/""
}; Yahoo fallback error: HTTP Error 429: Too Many Requests"
2026-05-30,,REIT,DLR,fmp,sector_company,,,,,,Financial Modeling Prep stable historical-price-eod/full,provider_error,"HTTP 429: {
  ""Error Message"": ""Limit Reach . Please upgrade your plan or visit our documentation for more details at https://site.financialmodelingprep.com/""
}; Yahoo fallback error: HTTP Error 429: Too Many Requests"
2026-02-28,,REIT,EQIX,fmp,sector_company,,,,,,Financial Modeling Prep stable historical-price-eod/full,provider_error,"HTTP 429: {
  ""Error Message"": ""Limit Reach . Please upgrade your plan or visit our documentation for more details at https://site.financialmodelingprep.com/""
}; Yahoo fallback error: HTTP Error 429: Too Many Requests"
2026-03-10,,REIT,EQIX,fmp,sector_company,,,,,,Financial Modeling Prep stable historical-price-eod/full,provider_error,"HTTP 429: {
  ""Error Message"": ""Limit Reach . Please upgrade your plan or visit our documentation for more details at https://site.financialmodelingprep.com/""
}; Yahoo fallback error: HTTP Error 429: Too Many Requests"
2026-03-20,,REIT,EQIX,fmp,sector_company,,,,,,Financial Modeling Prep stable historical-price-eod/full,provider_error,"HTTP 429: {
  ""Error Message"": ""Limit Reach . Please upgrade your plan or visit our documentation for more details at https://site.financialmodelingprep.com/""
}; Yahoo fallback error: HTTP Error 429: Too Many Requests"
2026-03-30,,REIT,EQIX,fmp,sector_company,,,,,,Financial Modeling Prep stable historical-price-eod/full,provider_error,"HTTP 429: {
  ""Error Message"": ""Limit Reach . Please upgrade your plan or visit our documentation for more details at https://site.financialmodelingprep.com/""
}; Yahoo fallback error: HTTP Error 429: Too Many Requests"
2026-04-10,,REIT,EQIX,fmp,sector_company,,,,,,Financial Modeling Prep stable historical-price-eod/full,provider_error,"HTTP 429: {
  ""Error Message"": ""Limit Reach . Please upgrade your plan or visit our documentation for more details at https://site.financialmodelingprep.com/""
}; Yahoo fallback error: HTTP Error 429: Too Many Requests"
2026-04-20,,REIT,EQIX,fmp,sector_company,,,,,,Financial Modeling Prep stable historical-price-eod/full,provider_error,"HTTP 429: {
  ""Error Message"": ""Limit Reach . Please upgrade your plan or visit our documentation for more details at https://site.financialmodelingprep.com/""
}; Yahoo fallback error: HTTP Error 429: Too Many Requests"
2026-04-30,,REIT,EQIX,fmp,sector_company,,,,,,Financial Modeling Prep stable historical-price-eod/full,provider_error,"HTTP 429: {
  ""Error Message"": ""Limit Reach . Please upgrade your plan or visit our documentation for more details at https://site.financialmodelingprep.com/""
}; Yahoo fallback error: HTTP Error 429: Too Many Requests"
2026-05-10,,REIT,EQIX,fmp,sector_company,,,,,,Financial Modeling Prep stable historical-price-eod/full,provider_error,"HTTP 429: {
  ""Error Message"": ""Limit Reach . Please upgrade your plan or visit our documentation for more details at https://site.financialmodelingprep.com/""
}; Yahoo fallback error: HTTP Error 429: Too Many Requests"
2026-05-20,,REIT,EQIX,fmp,sector_company,,,,,,Financial Modeling Prep stable historical-price-eod/full,provider_error,"HTTP 429: {
  ""Error Message"": ""Limit Reach . Please upgrade your plan or visit our documentation for more details at https://site.financialmodelingprep.com/""
}; Yahoo fallback error: HTTP Error 429: Too Many Requests"
2026-05-30,,REIT,EQIX,fmp,sector_company,,,,,,Financial Modeling Prep stable historical-price-eod/full,provider_error,"HTTP 429: {
  ""Error Message"": ""Limit Reach . Please upgrade your plan or visit our documentation for more details at https://site.financialmodelingprep.com/""
}; Yahoo fallback error: HTTP Error 429: Too Many Requests"
2026-02-28,,REIT,O,fmp,sector_company,,,,,,Financial Modeling Prep stable historical-price-eod/full,provider_error,"HTTP 429: {
  ""Error Message"": ""Limit Reach . Please upgrade your plan or visit our documentation for more details at https://site.financialmodelingprep.com/""
}; Yahoo fallback error: HTTP Error 429: Too Many Requests"
2026-03-10,,REIT,O,fmp,sector_company,,,,,,Financial Modeling Prep stable historical-price-eod/full,provider_error,"HTTP 429: {
  ""Error Message"": ""Limit Reach . Please upgrade your plan or visit our documentation for more details at https://site.financialmodelingprep.com/""
}; Yahoo fallback error: HTTP Error 429: Too Many Requests"
2026-03-20,,REIT,O,fmp,sector_company,,,,,,Financial Modeling Prep stable historical-price-eod/full,provider_error,"HTTP 429: {
  ""Error Message"": ""Limit Reach . Please upgrade your plan or visit our documentation for more details at https://site.financialmodelingprep.com/""
}; Yahoo fallback error: HTTP Error 429: Too Many Requests"
2026-03-30,,REIT,O,fmp,sector_company,,,,,,Financial Modeling Prep stable historical-price-eod/full,provider_error,"HTTP 429: {
  ""Error Message"": ""Limit Reach . Please upgrade your plan or visit our documentation for more details at https://site.financialmodelingprep.com/""
}; Yahoo fallback error: HTTP Error 429: Too Many Requests"
2026-04-10,,REIT,O,fmp,sector_company,,,,,,Financial Modeling Prep stable historical-price-eod/full,provider_error,"HTTP 429: {
  ""Error Message"": ""Limit Reach . Please upgrade your plan or visit our documentation for more details at https://site.financialmodelingprep.com/""
}; Yahoo fallback error: HTTP Error 429: Too Many Requests"
2026-04-20,,REIT,O,fmp,sector_company,,,,,,Financial Modeling Prep stable historical-price-eod/full,provider_error,"HTTP 429: {
  ""Error Message"": ""Limit Reach . Please upgrade your plan or visit our documentation for more details at https://site.financialmodelingprep.com/""
}; Yahoo fallback error: HTTP Error 429: Too Many Requests"
2026-04-30,,REIT,O,fmp,sector_company,,,,,,Financial Modeling Prep stable historical-price-eod/full,provider_error,"HTTP 429: {
  ""Error Message"": ""Limit Reach . Please upgrade your plan or visit our documentation for more details at https://site.financialmodelingprep.com/""
}; Yahoo fallback error: HTTP Error 429: Too Many Requests"
2026-05-10,,REIT,O,fmp,sector_company,,,,,,Financial Modeling Prep stable historical-price-eod/full,provider_error,"HTTP 429: {
  ""Error Message"": ""Limit Reach . Please upgrade your plan or visit our documentation for more details at https://site.financialmodelingprep.com/""
}; Yahoo fallback error: HTTP Error 429: Too Many Requests"
2026-05-20,,REIT,O,fmp,sector_company,,,,,,Financial Modeling Prep stable historical-price-eod/full,provider_error,"HTTP 429: {
  ""Error Message"": ""Limit Reach . Please upgrade your plan or visit our documentation for more details at https://site.financialmodelingprep.com/""
}; Yahoo fallback error: HTTP Error 429: Too Many Requests"
2026-05-30,,REIT,O,fmp,sector_company,,,,,,Financial Modeling Prep stable historical-price-eod/full,provider_error,"HTTP 429: {
  ""Error Message"": ""Limit Reach . Please upgrade your plan or visit our documentation for more details at https://site.financialmodelingprep.com/""
}; Yahoo fallback error: HTTP Error 429: Too Many Requests"
2026-02-28,,REIT,PLD,fmp,sector_company,,,,,,Financial Modeling Prep stable historical-price-eod/full,provider_error,"HTTP 429: {
  ""Error Message"": ""Limit Reach . Please upgrade your plan or visit our documentation for more details at https://site.financialmodelingprep.com/""
}; Yahoo fallback error: HTTP Error 429: Too Many Requests"
2026-03-10,,REIT,PLD,fmp,sector_company,,,,,,Financial Modeling Prep stable historical-price-eod/full,provider_error,"HTTP 429: {
  ""Error Message"": ""Limit Reach . Please upgrade your plan or visit our documentation for more details at https://site.financialmodelingprep.com/""
}; Yahoo fallback error: HTTP Error 429: Too Many Requests"
2026-03-20,,REIT,PLD,fmp,sector_company,,,,,,Financial Modeling Prep stable historical-price-eod/full,provider_error,"HTTP 429: {
  ""Error Message"": ""Limit Reach . Please upgrade your plan or visit our documentation for more details at https://site.financialmodelingprep.com/""
}; Yahoo fallback error: HTTP Error 429: Too Many Requests"
2026-03-30,,REIT,PLD,fmp,sector_company,,,,,,Financial Modeling Prep stable historical-price-eod/full,provider_error,"HTTP 429: {
  ""Error Message"": ""Limit Reach . Please upgrade your plan or visit our documentation for more details at https://site.financialmodelingprep.com/""
}; Yahoo fallback error: HTTP Error 429: Too Many Requests"
2026-04-10,,REIT,PLD,fmp,sector_company,,,,,,Financial Modeling Prep stable historical-price-eod/full,provider_error,"HTTP 429: {
  ""Error Message"": ""Limit Reach . Please upgrade your plan or visit our documentation for more details at https://site.financialmodelingprep.com/""
}; Yahoo fallback error: HTTP Error 429: Too Many Requests"
2026-04-20,,REIT,PLD,fmp,sector_company,,,,,,Financial Modeling Prep stable historical-price-eod/full,provider_error,"HTTP 429: {
  ""Error Message"": ""Limit Reach . Please upgrade your plan or visit our documentation for more details at https://site.financialmodelingprep.com/""
}; Yahoo fallback error: HTTP Error 429: Too Many Requests"
2026-04-30,,REIT,PLD,fmp,sector_company,,,,,,Financial Modeling Prep stable historical-price-eod/full,provider_error,"HTTP 429: {
  ""Error Message"": ""Limit Reach . Please upgrade your plan or visit our documentation for more details at https://site.financialmodelingprep.com/""
}; Yahoo fallback error: HTTP Error 429: Too Many Requests"
2026-05-10,,REIT,PLD,fmp,sector_company,,,,,,Financial Modeling Prep stable historical-price-eod/full,provider_error,"HTTP 429: {
  ""Error Message"": ""Limit Reach . Please upgrade your plan or visit our documentation for more details at https://site.financialmodelingprep.com/""
}; Yahoo fallback error: HTTP Error 429: Too Many Requests"
2026-05-20,,REIT,PLD,fmp,sector_company,,,,,,Financial Modeling Prep stable historical-price-eod/full,provider_error,"HTTP 429: {
  ""Error Message"": ""Limit Reach . Please upgrade your plan or visit our documentation for more details at https://site.financialmodelingprep.com/""
}; Yahoo fallback error: HTTP Error 429: Too Many Requests"
2026-05-30,,REIT,PLD,fmp,sector_company,,,,,,Financial Modeling Prep stable historical-price-eod/full,provider_error,"HTTP 429: {
  ""Error Message"": ""Limit Reach . Please upgrade your plan or visit our documentation for more details at https://site.financialmodelingprep.com/""
}; Yahoo fallback error: HTTP Error 429: Too Many Requests"
2026-02-28,,REIT,VICI,fmp,sector_company,,,,,,Financial Modeling Prep stable historical-price-eod/full,provider_error,"HTTP 429: {
  ""Error Message"": ""Limit Reach . Please upgrade your plan or visit our documentation for more details at https://site.financialmodelingprep.com/""
}; Yahoo fallback error: HTTP Error 429: Too Many Requests"
2026-03-10,,REIT,VICI,fmp,sector_company,,,,,,Financial Modeling Prep stable historical-price-eod/full,provider_error,"HTTP 429: {
  ""Error Message"": ""Limit Reach . Please upgrade your plan or visit our documentation for more details at https://site.financialmodelingprep.com/""
}; Yahoo fallback error: HTTP Error 429: Too Many Requests"
2026-03-20,,REIT,VICI,fmp,sector_company,,,,,,Financial Modeling Prep stable historical-price-eod/full,provider_error,"HTTP 429: {
  ""Error Message"": ""Limit Reach . Please upgrade your plan or visit our documentation for more details at https://site.financialmodelingprep.com/""
}; Yahoo fallback error: HTTP Error 429: Too Many Requests"
2026-03-30,,REIT,VICI,fmp,sector_company,,,,,,Financial Modeling Prep stable historical-price-eod/full,provider_error,"HTTP 429: {
  ""Error Message"": ""Limit Reach . Please upgrade your plan or visit our documentation for more details at https://site.financialmodelingprep.com/""
}; Yahoo fallback error: HTTP Error 429: Too Many Requests"
2026-04-10,,REIT,VICI,fmp,sector_company,,,,,,Financial Modeling Prep stable historical-price-eod/full,provider_error,"HTTP 429: {
  ""Error Message"": ""Limit Reach . Please upgrade your plan or visit our documentation for more details at https://site.financialmodelingprep.com/""
}; Yahoo fallback error: HTTP Error 429: Too Many Requests"
2026-04-20,,REIT,VICI,fmp,sector_company,,,,,,Financial Modeling Prep stable historical-price-eod/full,provider_error,"HTTP 429: {
  ""Error Message"": ""Limit Reach . Please upgrade your plan or visit our documentation for more details at https://site.financialmodelingprep.com/""
}; Yahoo fallback error: HTTP Error 429: Too Many Requests"
2026-04-30,,REIT,VICI,fmp,sector_company,,,,,,Financial Modeling Prep stable historical-price-eod/full,provider_error,"HTTP 429: {
  ""Error Message"": ""Limit Reach . Please upgrade your plan or visit our documentation for more details at https://site.financialmodelingprep.com/""
}; Yahoo fallback error: HTTP Error 429: Too Many Requests"
2026-05-10,,REIT,VICI,fmp,sector_company,,,,,,Financial Modeling Prep stable historical-price-eod/full,provider_error,"HTTP 429: {
  ""Error Message"": ""Limit Reach . Please upgrade your plan or visit our documentation for more details at https://site.financialmodelingprep.com/""
}; Yahoo fallback error: HTTP Error 429: Too Many Requests"
2026-05-20,,REIT,VICI,fmp,sector_company,,,,,,Financial Modeling Prep stable historical-price-eod/full,provider_error,"HTTP 429: {
  ""Error Message"": ""Limit Reach . Please upgrade your plan or visit our documentation for more details at https://site.financialmodelingprep.com/""
}; Yahoo fallback error: HTTP Error 429: Too Many Requests"
2026-05-30,,REIT,VICI,fmp,sector_company,,,,,,Financial Modeling Prep stable historical-price-eod/full,provider_error,"HTTP 429: {
  ""Error Message"": ""Limit Reach . Please upgrade your plan or visit our documentation for more details at https://site.financialmodelingprep.com/""
}; Yahoo fallback error: HTTP Error 429: Too Many Requests"
2026-02-28,,REIT,WELL,fmp,sector_company,,,,,,Financial Modeling Prep stable historical-price-eod/full,provider_error,"HTTP 429: {
  ""Error Message"": ""Limit Reach . Please upgrade your plan or visit our documentation for more details at https://site.financialmodelingprep.com/""
}; Yahoo fallback error: HTTP Error 429: Too Many Requests"
2026-03-10,,REIT,WELL,fmp,sector_company,,,,,,Financial Modeling Prep stable historical-price-eod/full,provider_error,"HTTP 429: {
  ""Error Message"": ""Limit Reach . Please upgrade your plan or visit our documentation for more details at https://site.financialmodelingprep.com/""
}; Yahoo fallback error: HTTP Error 429: Too Many Requests"
2026-03-20,,REIT,WELL,fmp,sector_company,,,,,,Financial Modeling Prep stable historical-price-eod/full,provider_error,"HTTP 429: {
  ""Error Message"": ""Limit Reach . Please upgrade your plan or visit our documentation for more details at https://site.financialmodelingprep.com/""
}; Yahoo fallback error: HTTP Error 429: Too Many Requests"
2026-03-30,,REIT,WELL,fmp,sector_company,,,,,,Financial Modeling Prep stable historical-price-eod/full,provider_error,"HTTP 429: {
  ""Error Message"": ""Limit Reach . Please upgrade your plan or visit our documentation for more details at https://site.financialmodelingprep.com/""
}; Yahoo fallback error: HTTP Error 429: Too Many Requests"
2026-04-10,,REIT,WELL,fmp,sector_company,,,,,,Financial Modeling Prep stable historical-price-eod/full,provider_error,"HTTP 429: {
  ""Error Message"": ""Limit Reach . Please upgrade your plan or visit our documentation for more details at https://site.financialmodelingprep.com/""
}; Yahoo fallback error: HTTP Error 429: Too Many Requests"
2026-04-20,,REIT,WELL,fmp,sector_company,,,,,,Financial Modeling Prep stable historical-price-eod/full,provider_error,"HTTP 429: {
  ""Error Message"": ""Limit Reach . Please upgrade your plan or visit our documentation for more details at https://site.financialmodelingprep.com/""
}; Yahoo fallback error: HTTP Error 429: Too Many Requests"
2026-04-30,,REIT,WELL,fmp,sector_company,,,,,,Financial Modeling Prep stable historical-price-eod/full,provider_error,"HTTP 429: {
  ""Error Message"": ""Limit Reach . Please upgrade your plan or visit our documentation for more details at https://site.financialmodelingprep.com/""
}; Yahoo fallback error: HTTP Error 429: Too Many Requests"
2026-05-10,,REIT,WELL,fmp,sector_company,,,,,,Financial Modeling Prep stable historical-price-eod/full,provider_error,"HTTP 429: {
  ""Error Message"": ""Limit Reach . Please upgrade your plan or visit our documentation for more details at https://site.financialmodelingprep.com/""
}; Yahoo fallback error: HTTP Error 429: Too Many Requests"
2026-05-20,,REIT,WELL,fmp,sector_company,,,,,,Financial Modeling Prep stable historical-price-eod/full,provider_error,"HTTP 429: {
  ""Error Message"": ""Limit Reach . Please upgrade your plan or visit our documentation for more details at https://site.financialmodelingprep.com/""
}; Yahoo fallback error: HTTP Error 429: Too Many Requests"
2026-05-30,,REIT,WELL,fmp,sector_company,,,,,,Financial Modeling Prep stable historical-price-eod/full,provider_error,"HTTP 429: {
  ""Error Message"": ""Limit Reach . Please upgrade your plan or visit our documentation for more details at https://site.financialmodelingprep.com/""
}; Yahoo fallback error: HTTP Error 429: Too Many Requests"
2026-02-28,2026-02-27,Semiconductors,AMD,fmp,sector_company,200.11,201.89,197.74,200.21,31312400,Financial Modeling Prep stable historical-price-eod/full,ok,previous trading day for anchor 2026-02-28
2026-03-10,2026-03-10,Semiconductors,AMD,fmp,sector_company,202.51,206.59,202.2,203.23,29139200,Financial Modeling Prep stable historical-price-eod/full,ok,
2026-03-20,2026-03-20,Semiconductors,AMD,fmp,sector_company,204.89,206.3,198.26,201.33,37265103,Financial Modeling Prep stable historical-price-eod/full,ok,
2026-03-30,2026-03-30,Semiconductors,AMD,fmp,sector_company,204.95,208.43,192.87,196.04,41053300,Financial Modeling Prep stable historical-price-eod/full,ok,
2026-04-10,2026-04-10,Semiconductors,AMD,fmp,sector_company,239,249.58,238.96,245.04,36477243,Financial Modeling Prep stable historical-price-eod/full,ok,
2026-04-20,2026-04-20,Semiconductors,AMD,fmp,sector_company,280.6,287.61,272,274.95,34833900,Financial Modeling Prep stable historical-price-eod/full,ok,
2026-04-30,2026-04-30,Semiconductors,AMD,fmp,sector_company,341.36,354.96,332.6,354.49,42115325,Financial Modeling Prep stable historical-price-eod/full,ok,
2026-05-10,2026-05-08,Semiconductors,AMD,fmp,sector_company,418.59,456.29,418.29,455.19,58134900,Financial Modeling Prep stable historical-price-eod/full,ok,previous trading day for anchor 2026-05-10
2026-05-20,2026-05-20,Semiconductors,AMD,fmp,sector_company,428.04,449.39,426.05,447.58,36137500,Financial Modeling Prep stable historical-price-eod/full,ok,
2026-05-30,2026-05-29,Semiconductors,AMD,fmp,sector_company,520.8,522,503.43,516.1,30803236,Financial Modeling Prep stable historical-price-eod/full,ok,previous trading day for anchor 2026-05-30
2026-02-28,2026-02-27,Semiconductors,ASML,twelve_data,sector_company,1430.33997,1461.71997,1424.5,1450.56006,1358300,Twelve Data time_series,ok,fallback after FMP error: HTTP 402: Premium Query Parameter: 'Special Endpoint : This value set for 'symbol' is not available under your current subscription please visit our subscription page to upgrade your plan at https://financialmodelingprep.com/; previous trading day for anchor 2026-02-28
2026-03-10,2026-03-10,Semiconductors,ASML,twelve_data,sector_company,1374.58997,1407.54004,1369.91003,1383.40002,1650900,Twelve Data time_series,ok,fallback after FMP error: HTTP 402: Premium Query Parameter: 'Special Endpoint : This value set for 'symbol' is not available under your current subscription please visit our subscription page to upgrade your plan at https://financialmodelingprep.com/
2026-03-20,2026-03-20,Semiconductors,ASML,twelve_data,sector_company,1357.26001,1370,1291.099976,1317.25,2645100,Twelve Data time_series,ok,fallback after FMP error: HTTP 402: Premium Query Parameter: 'Special Endpoint : This value set for 'symbol' is not available under your current subscription please visit our subscription page to upgrade your plan at https://financialmodelingprep.com/
2026-03-30,2026-03-30,Semiconductors,ASML,twelve_data,sector_company,1318.77002,1322.92004,1248.10999,1253.95996,2144500,Twelve Data time_series,ok,fallback after FMP error: HTTP 402: Premium Query Parameter: 'Special Endpoint : This value set for 'symbol' is not available under your current subscription please visit our subscription page to upgrade your plan at https://financialmodelingprep.com/
2026-04-10,2026-04-10,Semiconductors,ASML,twelve_data,sector_company,1482.34998,1502.5,1473.71997,1478.28003,1519600,Twelve Data time_series,ok,fallback after FMP error: HTTP 402: Premium Query Parameter: 'Special Endpoint : This value set for 'symbol' is not available under your current subscription please visit our subscription page to upgrade your plan at https://financialmodelingprep.com/
2026-04-20,2026-04-20,Semiconductors,ASML,twelve_data,sector_company,1461.48999,1479.30005,1452,1476.5,1091900,Twelve Data time_series,ok,fallback after FMP error: HTTP 402: Premium Query Parameter: 'Special Endpoint : This value set for 'symbol' is not available under your current subscription please visit our subscription page to upgrade your plan at https://financialmodelingprep.com/
2026-04-30,2026-04-30,Semiconductors,ASML,twelve_data,sector_company,1414.33997,1446.65002,1395,1438.98999,1414400,Twelve Data time_series,ok,fallback after FMP error: HTTP 402: Premium Query Parameter: 'Special Endpoint : This value set for 'symbol' is not available under your current subscription please visit our subscription page to upgrade your plan at https://financialmodelingprep.com/
2026-05-10,2026-05-08,Semiconductors,ASML,twelve_data,sector_company,1538.53003,1595.31006,1531.16003,1592.020020,2288300,Twelve Data time_series,ok,fallback after FMP error: HTTP 402: Premium Query Parameter: 'Special Endpoint : This value set for 'symbol' is not available under your current subscription please visit our subscription page to upgrade your plan at https://financialmodelingprep.com/; previous trading day for anchor 2026-05-10
2026-05-20,2026-05-20,Semiconductors,ASML,twelve_data,sector_company,1502.38000,1555.80005,1492.31995,1550.13000,1744500,Twelve Data time_series,ok,fallback after FMP error: HTTP 402: Premium Query Parameter: 'Special Endpoint : This value set for 'symbol' is not available under your current subscription please visit our subscription page to upgrade your plan at https://financialmodelingprep.com/
2026-05-30,2026-05-29,Semiconductors,ASML,twelve_data,sector_company,1633.46997,1654.19995,1604.85999,1612.76001,1069400,Twelve Data time_series,ok,fallback after FMP error: HTTP 402: Premium Query Parameter: 'Special Endpoint : This value set for 'symbol' is not available under your current subscription please visit our subscription page to upgrade your plan at https://financialmodelingprep.com/; previous trading day for anchor 2026-05-30
2026-02-28,2026-02-27,Semiconductors,AVGO,twelve_data,sector_company,310.70001,320,310,319.54999,28004200,Twelve Data time_series,ok,fallback after FMP error: HTTP 402: Premium Query Parameter: 'Special Endpoint : This value set for 'symbol' is not available under your current subscription please visit our subscription page to upgrade your plan at https://financialmodelingprep.com/; previous trading day for anchor 2026-02-28
2026-03-10,2026-03-10,Semiconductors,AVGO,twelve_data,sector_company,348.73001,353.14001,340.79999,342.57999,29531700,Twelve Data time_series,ok,fallback after FMP error: HTTP 402: Premium Query Parameter: 'Special Endpoint : This value set for 'symbol' is not available under your current subscription please visit our subscription page to upgrade your plan at https://financialmodelingprep.com/
2026-03-20,2026-03-20,Semiconductors,AVGO,twelve_data,sector_company,320.12000,321.51001,309.92001,310.51001,43325900,Twelve Data time_series,ok,fallback after FMP error: HTTP 402: Premium Query Parameter: 'Special Endpoint : This value set for 'symbol' is not available under your current subscription please visit our subscription page to upgrade your plan at https://financialmodelingprep.com/
2026-03-30,2026-03-30,Semiconductors,AVGO,twelve_data,sector_company,300.87000,304.76999,289.95999,293.41000,28054500,Twelve Data time_series,ok,fallback after FMP error: HTTP 402: Premium Query Parameter: 'Special Endpoint : This value set for 'symbol' is not available under your current subscription please visit our subscription page to upgrade your plan at https://financialmodelingprep.com/
2026-04-10,2026-04-10,Semiconductors,AVGO,twelve_data,sector_company,360.94000,376.54999,360.82001,371.54999,29958100,Twelve Data time_series,ok,fallback after FMP error: HTTP 402: Premium Query Parameter: 'Special Endpoint : This value set for 'symbol' is not available under your current subscription please visit our subscription page to upgrade your plan at https://financialmodelingprep.com/
2026-04-20,2026-04-20,Semiconductors,AVGO,twelve_data,sector_company,405.70001,406.42001,395.89999,399.63000,16922000,Twelve Data time_series,ok,fallback after FMP error: HTTP 402: Premium Query Parameter: 'Special Endpoint : This value set for 'symbol' is not available under your current subscription please visit our subscription page to upgrade your plan at https://financialmodelingprep.com/
2026-04-30,2026-04-30,Semiconductors,AVGO,twelve_data,sector_company,415.51999,418.38000,404.23001,417.42999,21821600,Twelve Data time_series,ok,fallback after FMP error: HTTP 402: Premium Query Parameter: 'Special Endpoint : This value set for 'symbol' is not available under your current subscription please visit our subscription page to upgrade your plan at https://financialmodelingprep.com/
2026-05-10,2026-05-08,Semiconductors,AVGO,twelve_data,sector_company,419.79999,435,414,430,22561400,Twelve Data time_series,ok,fallback after FMP error: HTTP 402: Premium Query Parameter: 'Special Endpoint : This value set for 'symbol' is not available under your current subscription please visit our subscription page to upgrade your plan at https://financialmodelingprep.com/; previous trading day for anchor 2026-05-10
2026-05-20,2026-05-20,Semiconductors,AVGO,twelve_data,sector_company,412.81000,424.17001,411.42001,417.76001,16312600,Twelve Data time_series,ok,fallback after FMP error: HTTP 402: Premium Query Parameter: 'Special Endpoint : This value set for 'symbol' is not available under your current subscription please visit our subscription page to upgrade your plan at https://financialmodelingprep.com/
2026-05-30,2026-05-29,Semiconductors,AVGO,twelve_data,sector_company,432.95001,448.89999,431.47000,446.76999,41798400,Twelve Data time_series,ok,fallback after FMP error: HTTP 402: Premium Query Parameter: 'Special Endpoint : This value set for 'symbol' is not available under your current subscription please visit our subscription page to upgrade your plan at https://financialmodelingprep.com/; previous trading day for anchor 2026-05-30
2026-02-28,2026-02-27,Semiconductors,MU,twelve_data,sector_company,401.81000,417.95999,401.17999,412.37000,28653900,Twelve Data time_series,ok,fallback after FMP error: HTTP 402: Premium Query Parameter: 'Special Endpoint : This value set for 'symbol' is not available under your current subscription please visit our subscription page to upgrade your plan at https://financialmodelingprep.com/; previous trading day for anchor 2026-02-28
2026-03-10,2026-03-10,Semiconductors,MU,twelve_data,sector_company,394.010010,415.31000,393.64001,403.10999,33745400,Twelve Data time_series,ok,fallback after FMP error: HTTP 402: Premium Query Parameter: 'Special Endpoint : This value set for 'symbol' is not available under your current subscription please visit our subscription page to upgrade your plan at https://financialmodelingprep.com/
2026-03-20,2026-03-20,Semiconductors,MU,twelve_data,sector_company,443.92001,449.10001,415.35999,422.89999,64224900,Twelve Data time_series,ok,fallback after FMP error: HTTP 402: Premium Query Parameter: 'Special Endpoint : This value set for 'symbol' is not available under your current subscription please visit our subscription page to upgrade your plan at https://financialmodelingprep.com/
2026-03-30,2026-03-30,Semiconductors,MU,twelve_data,sector_company,362.66000,362.81000,318.39999,321.79999,73833200,Twelve Data time_series,ok,fallback after FMP error: HTTP 402: Premium Query Parameter: 'Special Endpoint : This value set for 'symbol' is not available under your current subscription please visit our subscription page to upgrade your plan at https://financialmodelingprep.com/
2026-04-10,2026-04-10,Semiconductors,MU,twelve_data,sector_company,420.29001,423.85999,410.049988,420.59000,36377600,Twelve Data time_series,ok,fallback after FMP error: HTTP 402: Premium Query Parameter: 'Special Endpoint : This value set for 'symbol' is not available under your current subscription please visit our subscription page to upgrade your plan at https://financialmodelingprep.com/
2026-04-20,2026-04-20,Semiconductors,MU,twelve_data,sector_company,458.25,464.56000,435.89999,448.42001,32013600,Twelve Data time_series,ok,fallback after FMP error: HTTP 402: Premium Query Parameter: 'Special Endpoint : This value set for 'symbol' is not available under your current subscription please visit our subscription page to upgrade your plan at https://financialmodelingprep.com/
2026-04-30,2026-04-30,Semiconductors,MU,twelve_data,sector_company,529.73999,535.5,502.57999,517.15997,36554400,Twelve Data time_series,ok,fallback after FMP error: HTTP 402: Premium Query Parameter: 'Special Endpoint : This value set for 'symbol' is not available under your current subscription please visit our subscription page to upgrade your plan at https://financialmodelingprep.com/
2026-05-10,2026-05-08,Semiconductors,MU,twelve_data,sector_company,676.45001,747.21002,676.21002,746.81000,65130900,Twelve Data time_series,ok,fallback after FMP error: HTTP 402: Premium Query Parameter: 'Special Endpoint : This value set for 'symbol' is not available under your current subscription please visit our subscription page to upgrade your plan at https://financialmodelingprep.com/; previous trading day for anchor 2026-05-10
2026-05-20,2026-05-20,Semiconductors,MU,twelve_data,sector_company,734.96002,735.67999,700.65997,731.98999,48827400,Twelve Data time_series,ok,fallback after FMP error: HTTP 402: Premium Query Parameter: 'Special Endpoint : This value set for 'symbol' is not available under your current subscription please visit our subscription page to upgrade your plan at https://financialmodelingprep.com/
2026-05-30,2026-05-29,Semiconductors,MU,twelve_data,sector_company,957,981,940.51001,971,60498600,Twelve Data time_series,ok,fallback after FMP error: HTTP 402: Premium Query Parameter: 'Special Endpoint : This value set for 'symbol' is not available under your current subscription please visit our subscription page to upgrade your plan at https://financialmodelingprep.com/; previous trading day for anchor 2026-05-30
2026-02-28,2026-02-27,Semiconductors,NVDA,fmp,sector_company,181.25,182.59,176.38,177.19,311636500,Financial Modeling Prep stable historical-price-eod/full,ok,previous trading day for anchor 2026-02-28
2026-03-10,2026-03-10,Semiconductors,NVDA,fmp,sector_company,182.4,186.44,182.01,184.77,179118528,Financial Modeling Prep stable historical-price-eod/full,ok,
2026-03-20,2026-03-20,Semiconductors,NVDA,fmp,sector_company,178,178.26,171.72,172.7,241323529,Financial Modeling Prep stable historical-price-eod/full,ok,
2026-03-30,2026-03-30,Semiconductors,NVDA,fmp,sector_company,168.78,169.45,164.27,165.17,185627000,Financial Modeling Prep stable historical-price-eod/full,ok,
2026-04-10,2026-04-10,Semiconductors,NVDA,fmp,sector_company,184.31,190,184.3,188.63,160459525,Financial Modeling Prep stable historical-price-eod/full,ok,
2026-04-20,2026-04-20,Semiconductors,NVDA,fmp,sector_company,199.98,202.17,197.84,202.06,119381400,Financial Modeling Prep stable historical-price-eod/full,ok,
2026-04-30,2026-04-30,Semiconductors,NVDA,fmp,sector_company,209.93,210.3,198.7,199.57,225239200,Financial Modeling Prep stable historical-price-eod/full,ok,
2026-05-10,2026-05-08,Semiconductors,NVDA,fmp,sector_company,213.03,217.8,212.89,215.2,136421400,Financial Modeling Prep stable historical-price-eod/full,ok,previous trading day for anchor 2026-05-10
2026-05-20,2026-05-20,Semiconductors,NVDA,fmp,sector_company,223.18,226.13,220.5,223.47,184201600,Financial Modeling Prep stable historical-price-eod/full,ok,
2026-05-30,2026-05-29,Semiconductors,NVDA,fmp,sector_company,214.58,217.86,211.13,211.14,289410624,Financial Modeling Prep stable historical-price-eod/full,ok,previous trading day for anchor 2026-05-30
2026-02-28,2026-02-27,Semiconductors,QCOM,twelve_data,sector_company,142.86000,143.91000,141.35001,142.36000,12439900,Twelve Data time_series,ok,fallback after FMP error: HTTP 402: Premium Query Parameter: 'Special Endpoint : This value set for 'symbol' is not available under your current subscription please visit our subscription page to upgrade your plan at https://financialmodelingprep.com/; previous trading day for anchor 2026-02-28
2026-03-10,2026-03-10,Semiconductors,QCOM,twelve_data,sector_company,134.70000,136.75,132.16000,135.20000,10447300,Twelve Data time_series,ok,fallback after FMP error: HTTP 402: Premium Query Parameter: 'Special Endpoint : This value set for 'symbol' is not available under your current subscription please visit our subscription page to upgrade your plan at https://financialmodelingprep.com/
2026-03-20,2026-03-20,Semiconductors,QCOM,twelve_data,sector_company,131.31000,132.75,129.78000,129.89999,78568000,Twelve Data time_series,ok,fallback after FMP error: HTTP 402: Premium Query Parameter: 'Special Endpoint : This value set for 'symbol' is not available under your current subscription please visit our subscription page to upgrade your plan at https://financialmodelingprep.com/
2026-03-30,2026-03-30,Semiconductors,QCOM,twelve_data,sector_company,127.45000,128.60001,126.34000,127.070000,11555900,Twelve Data time_series,ok,fallback after FMP error: HTTP 402: Premium Query Parameter: 'Special Endpoint : This value set for 'symbol' is not available under your current subscription please visit our subscription page to upgrade your plan at https://financialmodelingprep.com/
2026-04-10,2026-04-10,Semiconductors,QCOM,twelve_data,sector_company,128.80000,130.61000,127.85000,128.059998,8427400,Twelve Data time_series,ok,fallback after FMP error: HTTP 402: Premium Query Parameter: 'Special Endpoint : This value set for 'symbol' is not available under your current subscription please visit our subscription page to upgrade your plan at https://financialmodelingprep.com/
2026-04-20,2026-04-20,Semiconductors,QCOM,twelve_data,sector_company,136.41000,138.5,136.080002,137.52000,7953800,Twelve Data time_series,ok,fallback after FMP error: HTTP 402: Premium Query Parameter: 'Special Endpoint : This value set for 'symbol' is not available under your current subscription please visit our subscription page to upgrade your plan at https://financialmodelingprep.com/
2026-04-30,2026-04-30,Semiconductors,QCOM,twelve_data,sector_company,172.050003,186.89000,163.56000,179.58000,61132700,Twelve Data time_series,ok,fallback after FMP error: HTTP 402: Premium Query Parameter: 'Special Endpoint : This value set for 'symbol' is not available under your current subscription please visit our subscription page to upgrade your plan at https://financialmodelingprep.com/
2026-05-10,2026-05-08,Semiconductors,QCOM,twelve_data,sector_company,213,228.050003,208.63000,219.089996,37850000,Twelve Data time_series,ok,fallback after FMP error: HTTP 402: Premium Query Parameter: 'Special Endpoint : This value set for 'symbol' is not available under your current subscription please visit our subscription page to upgrade your plan at https://financialmodelingprep.com/; previous trading day for anchor 2026-05-10
2026-05-20,2026-05-20,Semiconductors,QCOM,twelve_data,sector_company,197,203.59000,194,202.50999,19037500,Twelve Data time_series,ok,fallback after FMP error: HTTP 402: Premium Query Parameter: 'Special Endpoint : This value set for 'symbol' is not available under your current subscription please visit our subscription page to upgrade your plan at https://financialmodelingprep.com/
2026-05-30,2026-05-29,Semiconductors,QCOM,twelve_data,sector_company,250.19000,259.92001,247.50999,251.020004,28781800,Twelve Data time_series,ok,fallback after FMP error: HTTP 402: Premium Query Parameter: 'Special Endpoint : This value set for 'symbol' is not available under your current subscription please visit our subscription page to upgrade your plan at https://financialmodelingprep.com/; previous trading day for anchor 2026-05-30
2026-02-28,2026-02-27,Semiconductors,TSM,fmp,sector_company,370.14,376.68,368.62,374.58,9186600,Financial Modeling Prep stable historical-price-eod/full,ok,previous trading day for anchor 2026-02-28
2026-03-10,2026-03-10,Semiconductors,TSM,fmp,sector_company,348.47,353.5,344.31,347.09,12985620,Financial Modeling Prep stable historical-price-eod/full,ok,
2026-03-20,2026-03-20,Semiconductors,TSM,fmp,sector_company,336.68,337.6,325.9,329.24,17424200,Financial Modeling Prep stable historical-price-eod/full,ok,
2026-03-30,2026-03-30,Semiconductors,TSM,fmp,sector_company,327.2,329.6,313.8,316.5,15740000,Financial Modeling Prep stable historical-price-eod/full,ok,
2026-04-10,2026-04-10,Semiconductors,TSM,fmp,sector_company,375.59,378,369.75,370.6,13168200,Financial Modeling Prep stable historical-price-eod/full,ok,
2026-04-20,2026-04-20,Semiconductors,TSM,fmp,sector_company,369.22,370.07,364.25,366.24,11638318,Financial Modeling Prep stable historical-price-eod/full,ok,
2026-04-30,2026-04-30,Semiconductors,TSM,fmp,sector_company,397.81,398.79,385.71,396.06,12788141,Financial Modeling Prep stable historical-price-eod/full,ok,
2026-05-10,2026-05-08,Semiconductors,TSM,fmp,sector_company,416.95,417,400.88,411.68,18531200,Financial Modeling Prep stable historical-price-eod/full,ok,previous trading day for anchor 2026-05-10
2026-05-20,2026-05-20,Semiconductors,TSM,fmp,sector_company,397,403.88,395.95,401.62,10254314,Financial Modeling Prep stable historical-price-eod/full,ok,
2026-05-30,2026-05-29,Semiconductors,TSM,fmp,sector_company,427.07,430.44,417.25,418.45,11232300,Financial Modeling Prep stable historical-price-eod/full,ok,previous trading day for anchor 2026-05-30
2026-02-28,2026-02-27,Semiconductors,TXN,twelve_data,sector_company,211.23000,212.63000,208.25,212.11000,8275100,Twelve Data time_series,ok,fallback after FMP error: HTTP 402: Premium Query Parameter: 'Special Endpoint : This value set for 'symbol' is not available under your current subscription please visit our subscription page to upgrade your plan at https://financialmodelingprep.com/; previous trading day for anchor 2026-02-28
2026-03-10,2026-03-10,Semiconductors,TXN,twelve_data,sector_company,195.64000,200.17999,195.45000,197.46001,5929200,Twelve Data time_series,ok,fallback after FMP error: HTTP 402: Premium Query Parameter: 'Special Endpoint : This value set for 'symbol' is not available under your current subscription please visit our subscription page to upgrade your plan at https://financialmodelingprep.com/
2026-03-20,2026-03-20,Semiconductors,TXN,twelve_data,sector_company,188.52000,190.33000,185.84000,187.19000,15025200,Twelve Data time_series,ok,fallback after FMP error: HTTP 402: Premium Query Parameter: 'Special Endpoint : This value set for 'symbol' is not available under your current subscription please visit our subscription page to upgrade your plan at https://financialmodelingprep.com/
2026-03-30,2026-03-30,Semiconductors,TXN,twelve_data,sector_company,191.61000,192.71001,184.95000,186.42000,6024700,Twelve Data time_series,ok,fallback after FMP error: HTTP 402: Premium Query Parameter: 'Special Endpoint : This value set for 'symbol' is not available under your current subscription please visit our subscription page to upgrade your plan at https://financialmodelingprep.com/
2026-04-10,2026-04-10,Semiconductors,TXN,twelve_data,sector_company,216.38000,217.32001,213.92000,214.73000,4268000,Twelve Data time_series,ok,fallback after FMP error: HTTP 402: Premium Query Parameter: 'Special Endpoint : This value set for 'symbol' is not available under your current subscription please visit our subscription page to upgrade your plan at https://financialmodelingprep.com/
2026-04-20,2026-04-20,Semiconductors,TXN,twelve_data,sector_company,232.57001,233.97000,230.020004,233.70000,6123300,Twelve Data time_series,ok,fallback after FMP error: HTTP 402: Premium Query Parameter: 'Special Endpoint : This value set for 'symbol' is not available under your current subscription please visit our subscription page to upgrade your plan at https://financialmodelingprep.com/
2026-04-30,2026-04-30,Semiconductors,TXN,twelve_data,sector_company,270.23001,281.92001,266.34000,281.079987,11066700,Twelve Data time_series,ok,fallback after FMP error: HTTP 402: Premium Query Parameter: 'Special Endpoint : This value set for 'symbol' is not available under your current subscription please visit our subscription page to upgrade your plan at https://financialmodelingprep.com/
2026-05-10,2026-05-08,Semiconductors,TXN,twelve_data,sector_company,292.48999,292.5,286.38000,287.79999,8881500,Twelve Data time_series,ok,fallback after FMP error: HTTP 402: Premium Query Parameter: 'Special Endpoint : This value set for 'symbol' is not available under your current subscription please visit our subscription page to upgrade your plan at https://financialmodelingprep.com/; previous trading day for anchor 2026-05-10
2026-05-20,2026-05-20,Semiconductors,TXN,twelve_data,sector_company,305.22000,305.73999,298.95001,304.88000,7660700,Twelve Data time_series,ok,fallback after FMP error: HTTP 402: Premium Query Parameter: 'Special Endpoint : This value set for 'symbol' is not available under your current subscription please visit our subscription page to upgrade your plan at https://financialmodelingprep.com/
2026-05-30,2026-05-29,Semiconductors,TXN,twelve_data,sector_company,316.48001,319,303.76999,305.67999,16785100,Twelve Data time_series,ok,fallback after FMP error: HTTP 402: Premium Query Parameter: 'Special Endpoint : This value set for 'symbol' is not available under your current subscription please visit our subscription page to upgrade your plan at https://financialmodelingprep.com/; previous trading day for anchor 2026-05-30
2026-02-28,,Solar,CSIQ,fmp,sector_company,,,,,,Financial Modeling Prep stable historical-price-eod/full,provider_error,"HTTP 429: {
  ""Error Message"": ""Limit Reach . Please upgrade your plan or visit our documentation for more details at https://site.financialmodelingprep.com/""
}; Yahoo fallback error: HTTP Error 429: Too Many Requests"
2026-03-10,,Solar,CSIQ,fmp,sector_company,,,,,,Financial Modeling Prep stable historical-price-eod/full,provider_error,"HTTP 429: {
  ""Error Message"": ""Limit Reach . Please upgrade your plan or visit our documentation for more details at https://site.financialmodelingprep.com/""
}; Yahoo fallback error: HTTP Error 429: Too Many Requests"
2026-03-20,,Solar,CSIQ,fmp,sector_company,,,,,,Financial Modeling Prep stable historical-price-eod/full,provider_error,"HTTP 429: {
  ""Error Message"": ""Limit Reach . Please upgrade your plan or visit our documentation for more details at https://site.financialmodelingprep.com/""
}; Yahoo fallback error: HTTP Error 429: Too Many Requests"
2026-03-30,,Solar,CSIQ,fmp,sector_company,,,,,,Financial Modeling Prep stable historical-price-eod/full,provider_error,"HTTP 429: {
  ""Error Message"": ""Limit Reach . Please upgrade your plan or visit our documentation for more details at https://site.financialmodelingprep.com/""
}; Yahoo fallback error: HTTP Error 429: Too Many Requests"
2026-04-10,,Solar,CSIQ,fmp,sector_company,,,,,,Financial Modeling Prep stable historical-price-eod/full,provider_error,"HTTP 429: {
  ""Error Message"": ""Limit Reach . Please upgrade your plan or visit our documentation for more details at https://site.financialmodelingprep.com/""
}; Yahoo fallback error: HTTP Error 429: Too Many Requests"
2026-04-20,,Solar,CSIQ,fmp,sector_company,,,,,,Financial Modeling Prep stable historical-price-eod/full,provider_error,"HTTP 429: {
  ""Error Message"": ""Limit Reach . Please upgrade your plan or visit our documentation for more details at https://site.financialmodelingprep.com/""
}; Yahoo fallback error: HTTP Error 429: Too Many Requests"
2026-04-30,,Solar,CSIQ,fmp,sector_company,,,,,,Financial Modeling Prep stable historical-price-eod/full,provider_error,"HTTP 429: {
  ""Error Message"": ""Limit Reach . Please upgrade your plan or visit our documentation for more details at https://site.financialmodelingprep.com/""
}; Yahoo fallback error: HTTP Error 429: Too Many Requests"
2026-05-10,,Solar,CSIQ,fmp,sector_company,,,,,,Financial Modeling Prep stable historical-price-eod/full,provider_error,"HTTP 429: {
  ""Error Message"": ""Limit Reach . Please upgrade your plan or visit our documentation for more details at https://site.financialmodelingprep.com/""
}; Yahoo fallback error: HTTP Error 429: Too Many Requests"
2026-05-20,,Solar,CSIQ,fmp,sector_company,,,,,,Financial Modeling Prep stable historical-price-eod/full,provider_error,"HTTP 429: {
  ""Error Message"": ""Limit Reach . Please upgrade your plan or visit our documentation for more details at https://site.financialmodelingprep.com/""
}; Yahoo fallback error: HTTP Error 429: Too Many Requests"
2026-05-30,,Solar,CSIQ,fmp,sector_company,,,,,,Financial Modeling Prep stable historical-price-eod/full,provider_error,"HTTP 429: {
  ""Error Message"": ""Limit Reach . Please upgrade your plan or visit our documentation for more details at https://site.financialmodelingprep.com/""
}; Yahoo fallback error: HTTP Error 429: Too Many Requests"
2026-02-28,,Solar,ENPH,fmp,sector_company,,,,,,Financial Modeling Prep stable historical-price-eod/full,provider_error,"HTTP 429: {
  ""Error Message"": ""Limit Reach . Please upgrade your plan or visit our documentation for more details at https://site.financialmodelingprep.com/""
}; Yahoo fallback error: HTTP Error 429: Too Many Requests"
2026-03-10,,Solar,ENPH,fmp,sector_company,,,,,,Financial Modeling Prep stable historical-price-eod/full,provider_error,"HTTP 429: {
  ""Error Message"": ""Limit Reach . Please upgrade your plan or visit our documentation for more details at https://site.financialmodelingprep.com/""
}; Yahoo fallback error: HTTP Error 429: Too Many Requests"
2026-03-20,,Solar,ENPH,fmp,sector_company,,,,,,Financial Modeling Prep stable historical-price-eod/full,provider_error,"HTTP 429: {
  ""Error Message"": ""Limit Reach . Please upgrade your plan or visit our documentation for more details at https://site.financialmodelingprep.com/""
}; Yahoo fallback error: HTTP Error 429: Too Many Requests"
2026-03-30,,Solar,ENPH,fmp,sector_company,,,,,,Financial Modeling Prep stable historical-price-eod/full,provider_error,"HTTP 429: {
  ""Error Message"": ""Limit Reach . Please upgrade your plan or visit our documentation for more details at https://site.financialmodelingprep.com/""
}; Yahoo fallback error: HTTP Error 429: Too Many Requests"
2026-04-10,,Solar,ENPH,fmp,sector_company,,,,,,Financial Modeling Prep stable historical-price-eod/full,provider_error,"HTTP 429: {
  ""Error Message"": ""Limit Reach . Please upgrade your plan or visit our documentation for more details at https://site.financialmodelingprep.com/""
}; Yahoo fallback error: HTTP Error 429: Too Many Requests"
2026-04-20,,Solar,ENPH,fmp,sector_company,,,,,,Financial Modeling Prep stable historical-price-eod/full,provider_error,"HTTP 429: {
  ""Error Message"": ""Limit Reach . Please upgrade your plan or visit our documentation for more details at https://site.financialmodelingprep.com/""
}; Yahoo fallback error: HTTP Error 429: Too Many Requests"
2026-04-30,,Solar,ENPH,fmp,sector_company,,,,,,Financial Modeling Prep stable historical-price-eod/full,provider_error,"HTTP 429: {
  ""Error Message"": ""Limit Reach . Please upgrade your plan or visit our documentation for more details at https://site.financialmodelingprep.com/""
}; Yahoo fallback error: HTTP Error 429: Too Many Requests"
2026-05-10,,Solar,ENPH,fmp,sector_company,,,,,,Financial Modeling Prep stable historical-price-eod/full,provider_error,"HTTP 429: {
  ""Error Message"": ""Limit Reach . Please upgrade your plan or visit our documentation for more details at https://site.financialmodelingprep.com/""
}; Yahoo fallback error: HTTP Error 429: Too Many Requests"
2026-05-20,,Solar,ENPH,fmp,sector_company,,,,,,Financial Modeling Prep stable historical-price-eod/full,provider_error,"HTTP 429: {
  ""Error Message"": ""Limit Reach . Please upgrade your plan or visit our documentation for more details at https://site.financialmodelingprep.com/""
}; Yahoo fallback error: HTTP Error 429: Too Many Requests"
2026-05-30,,Solar,ENPH,fmp,sector_company,,,,,,Financial Modeling Prep stable historical-price-eod/full,provider_error,"HTTP 429: {
  ""Error Message"": ""Limit Reach . Please upgrade your plan or visit our documentation for more details at https://site.financialmodelingprep.com/""
}; Yahoo fallback error: HTTP Error 429: Too Many Requests"
2026-02-28,,Solar,FSLR,fmp,sector_company,,,,,,Financial Modeling Prep stable historical-price-eod/full,provider_error,"HTTP 429: {
  ""Error Message"": ""Limit Reach . Please upgrade your plan or visit our documentation for more details at https://site.financialmodelingprep.com/""
}; Yahoo fallback error: HTTP Error 429: Too Many Requests"
2026-03-10,,Solar,FSLR,fmp,sector_company,,,,,,Financial Modeling Prep stable historical-price-eod/full,provider_error,"HTTP 429: {
  ""Error Message"": ""Limit Reach . Please upgrade your plan or visit our documentation for more details at https://site.financialmodelingprep.com/""
}; Yahoo fallback error: HTTP Error 429: Too Many Requests"
2026-03-20,,Solar,FSLR,fmp,sector_company,,,,,,Financial Modeling Prep stable historical-price-eod/full,provider_error,"HTTP 429: {
  ""Error Message"": ""Limit Reach . Please upgrade your plan or visit our documentation for more details at https://site.financialmodelingprep.com/""
}; Yahoo fallback error: HTTP Error 429: Too Many Requests"
2026-03-30,,Solar,FSLR,fmp,sector_company,,,,,,Financial Modeling Prep stable historical-price-eod/full,provider_error,"HTTP 429: {
  ""Error Message"": ""Limit Reach . Please upgrade your plan or visit our documentation for more details at https://site.financialmodelingprep.com/""
}; Yahoo fallback error: HTTP Error 429: Too Many Requests"
2026-04-10,,Solar,FSLR,fmp,sector_company,,,,,,Financial Modeling Prep stable historical-price-eod/full,provider_error,"HTTP 429: {
  ""Error Message"": ""Limit Reach . Please upgrade your plan or visit our documentation for more details at https://site.financialmodelingprep.com/""
}; Yahoo fallback error: HTTP Error 429: Too Many Requests"
2026-04-20,,Solar,FSLR,fmp,sector_company,,,,,,Financial Modeling Prep stable historical-price-eod/full,provider_error,"HTTP 429: {
  ""Error Message"": ""Limit Reach . Please upgrade your plan or visit our documentation for more details at https://site.financialmodelingprep.com/""
}; Yahoo fallback error: HTTP Error 429: Too Many Requests"
2026-04-30,,Solar,FSLR,fmp,sector_company,,,,,,Financial Modeling Prep stable historical-price-eod/full,provider_error,"HTTP 429: {
  ""Error Message"": ""Limit Reach . Please upgrade your plan or visit our documentation for more details at https://site.financialmodelingprep.com/""
}; Yahoo fallback error: HTTP Error 429: Too Many Requests"
2026-05-10,,Solar,FSLR,fmp,sector_company,,,,,,Financial Modeling Prep stable historical-price-eod/full,provider_error,"HTTP 429: {
  ""Error Message"": ""Limit Reach . Please upgrade your plan or visit our documentation for more details at https://site.financialmodelingprep.com/""
}; Yahoo fallback error: HTTP Error 429: Too Many Requests"
2026-05-20,,Solar,FSLR,fmp,sector_company,,,,,,Financial Modeling Prep stable historical-price-eod/full,provider_error,"HTTP 429: {
  ""Error Message"": ""Limit Reach . Please upgrade your plan or visit our documentation for more details at https://site.financialmodelingprep.com/""
}; Yahoo fallback error: HTTP Error 429: Too Many Requests"
2026-05-30,,Solar,FSLR,fmp,sector_company,,,,,,Financial Modeling Prep stable historical-price-eod/full,provider_error,"HTTP 429: {
  ""Error Message"": ""Limit Reach . Please upgrade your plan or visit our documentation for more details at https://site.financialmodelingprep.com/""
}; Yahoo fallback error: HTTP Error 429: Too Many Requests"
2026-02-28,,Solar,NXT,fmp,sector_company,,,,,,Financial Modeling Prep stable historical-price-eod/full,provider_error,"HTTP 429: {
  ""Error Message"": ""Limit Reach . Please upgrade your plan or visit our documentation for more details at https://site.financialmodelingprep.com/""
}; Yahoo fallback error: HTTP Error 429: Too Many Requests"
2026-03-10,,Solar,NXT,fmp,sector_company,,,,,,Financial Modeling Prep stable historical-price-eod/full,provider_error,"HTTP 429: {
  ""Error Message"": ""Limit Reach . Please upgrade your plan or visit our documentation for more details at https://site.financialmodelingprep.com/""
}; Yahoo fallback error: HTTP Error 429: Too Many Requests"
2026-03-20,,Solar,NXT,fmp,sector_company,,,,,,Financial Modeling Prep stable historical-price-eod/full,provider_error,"HTTP 429: {
  ""Error Message"": ""Limit Reach . Please upgrade your plan or visit our documentation for more details at https://site.financialmodelingprep.com/""
}; Yahoo fallback error: HTTP Error 429: Too Many Requests"
2026-03-30,,Solar,NXT,fmp,sector_company,,,,,,Financial Modeling Prep stable historical-price-eod/full,provider_error,"HTTP 429: {
  ""Error Message"": ""Limit Reach . Please upgrade your plan or visit our documentation for more details at https://site.financialmodelingprep.com/""
}; Yahoo fallback error: HTTP Error 429: Too Many Requests"
2026-04-10,,Solar,NXT,fmp,sector_company,,,,,,Financial Modeling Prep stable historical-price-eod/full,provider_error,"HTTP 429: {
  ""Error Message"": ""Limit Reach . Please upgrade your plan or visit our documentation for more details at https://site.financialmodelingprep.com/""
}; Yahoo fallback error: HTTP Error 429: Too Many Requests"
2026-04-20,,Solar,NXT,fmp,sector_company,,,,,,Financial Modeling Prep stable historical-price-eod/full,provider_error,"HTTP 429: {
  ""Error Message"": ""Limit Reach . Please upgrade your plan or visit our documentation for more details at https://site.financialmodelingprep.com/""
}; Yahoo fallback error: HTTP Error 429: Too Many Requests"
2026-04-30,,Solar,NXT,fmp,sector_company,,,,,,Financial Modeling Prep stable historical-price-eod/full,provider_error,"HTTP 429: {
  ""Error Message"": ""Limit Reach . Please upgrade your plan or visit our documentation for more details at https://site.financialmodelingprep.com/""
}; Yahoo fallback error: HTTP Error 429: Too Many Requests"
2026-05-10,,Solar,NXT,fmp,sector_company,,,,,,Financial Modeling Prep stable historical-price-eod/full,provider_error,"HTTP 429: {
  ""Error Message"": ""Limit Reach . Please upgrade your plan or visit our documentation for more details at https://site.financialmodelingprep.com/""
}; Yahoo fallback error: HTTP Error 429: Too Many Requests"
2026-05-20,,Solar,NXT,fmp,sector_company,,,,,,Financial Modeling Prep stable historical-price-eod/full,provider_error,"HTTP 429: {
  ""Error Message"": ""Limit Reach . Please upgrade your plan or visit our documentation for more details at https://site.financialmodelingprep.com/""
}; Yahoo fallback error: HTTP Error 429: Too Many Requests"
2026-05-30,,Solar,NXT,fmp,sector_company,,,,,,Financial Modeling Prep stable historical-price-eod/full,provider_error,"HTTP 429: {
  ""Error Message"": ""Limit Reach . Please upgrade your plan or visit our documentation for more details at https://site.financialmodelingprep.com/""
}; Yahoo fallback error: HTTP Error 429: Too Many Requests"
2026-02-28,,Solar,RUN,fmp,sector_company,,,,,,Financial Modeling Prep stable historical-price-eod/full,provider_error,"HTTP 429: {
  ""Error Message"": ""Limit Reach . Please upgrade your plan or visit our documentation for more details at https://site.financialmodelingprep.com/""
}; Yahoo fallback error: HTTP Error 429: Too Many Requests"
2026-03-10,,Solar,RUN,fmp,sector_company,,,,,,Financial Modeling Prep stable historical-price-eod/full,provider_error,"HTTP 429: {
  ""Error Message"": ""Limit Reach . Please upgrade your plan or visit our documentation for more details at https://site.financialmodelingprep.com/""
}; Yahoo fallback error: HTTP Error 429: Too Many Requests"
2026-03-20,,Solar,RUN,fmp,sector_company,,,,,,Financial Modeling Prep stable historical-price-eod/full,provider_error,"HTTP 429: {
  ""Error Message"": ""Limit Reach . Please upgrade your plan or visit our documentation for more details at https://site.financialmodelingprep.com/""
}; Yahoo fallback error: HTTP Error 429: Too Many Requests"
2026-03-30,,Solar,RUN,fmp,sector_company,,,,,,Financial Modeling Prep stable historical-price-eod/full,provider_error,"HTTP 429: {
  ""Error Message"": ""Limit Reach . Please upgrade your plan or visit our documentation for more details at https://site.financialmodelingprep.com/""
}; Yahoo fallback error: HTTP Error 429: Too Many Requests"
2026-04-10,,Solar,RUN,fmp,sector_company,,,,,,Financial Modeling Prep stable historical-price-eod/full,provider_error,"HTTP 429: {
  ""Error Message"": ""Limit Reach . Please upgrade your plan or visit our documentation for more details at https://site.financialmodelingprep.com/""
}; Yahoo fallback error: HTTP Error 429: Too Many Requests"
2026-04-20,,Solar,RUN,fmp,sector_company,,,,,,Financial Modeling Prep stable historical-price-eod/full,provider_error,"HTTP 429: {
  ""Error Message"": ""Limit Reach . Please upgrade your plan or visit our documentation for more details at https://site.financialmodelingprep.com/""
}; Yahoo fallback error: HTTP Error 429: Too Many Requests"
2026-04-30,,Solar,RUN,fmp,sector_company,,,,,,Financial Modeling Prep stable historical-price-eod/full,provider_error,"HTTP 429: {
  ""Error Message"": ""Limit Reach . Please upgrade your plan or visit our documentation for more details at https://site.financialmodelingprep.com/""
}; Yahoo fallback error: HTTP Error 429: Too Many Requests"
2026-05-10,,Solar,RUN,fmp,sector_company,,,,,,Financial Modeling Prep stable historical-price-eod/full,provider_error,"HTTP 429: {
  ""Error Message"": ""Limit Reach . Please upgrade your plan or visit our documentation for more details at https://site.financialmodelingprep.com/""
}; Yahoo fallback error: HTTP Error 429: Too Many Requests"
2026-05-20,,Solar,RUN,fmp,sector_company,,,,,,Financial Modeling Prep stable historical-price-eod/full,provider_error,"HTTP 429: {
  ""Error Message"": ""Limit Reach . Please upgrade your plan or visit our documentation for more details at https://site.financialmodelingprep.com/""
}; Yahoo fallback error: HTTP Error 429: Too Many Requests"
2026-05-30,,Solar,RUN,fmp,sector_company,,,,,,Financial Modeling Prep stable historical-price-eod/full,provider_error,"HTTP 429: {
  ""Error Message"": ""Limit Reach . Please upgrade your plan or visit our documentation for more details at https://site.financialmodelingprep.com/""
}; Yahoo fallback error: HTTP Error 429: Too Many Requests"
2026-02-28,,Solar,SEDG,fmp,sector_company,,,,,,Financial Modeling Prep stable historical-price-eod/full,provider_error,"HTTP 429: {
  ""Error Message"": ""Limit Reach . Please upgrade your plan or visit our documentation for more details at https://site.financialmodelingprep.com/""
}; Yahoo fallback error: HTTP Error 429: Too Many Requests"
2026-03-10,,Solar,SEDG,fmp,sector_company,,,,,,Financial Modeling Prep stable historical-price-eod/full,provider_error,"HTTP 429: {
  ""Error Message"": ""Limit Reach . Please upgrade your plan or visit our documentation for more details at https://site.financialmodelingprep.com/""
}; Yahoo fallback error: HTTP Error 429: Too Many Requests"
2026-03-20,,Solar,SEDG,fmp,sector_company,,,,,,Financial Modeling Prep stable historical-price-eod/full,provider_error,"HTTP 429: {
  ""Error Message"": ""Limit Reach . Please upgrade your plan or visit our documentation for more details at https://site.financialmodelingprep.com/""
}; Yahoo fallback error: HTTP Error 429: Too Many Requests"
2026-03-30,,Solar,SEDG,fmp,sector_company,,,,,,Financial Modeling Prep stable historical-price-eod/full,provider_error,"HTTP 429: {
  ""Error Message"": ""Limit Reach . Please upgrade your plan or visit our documentation for more details at https://site.financialmodelingprep.com/""
}; Yahoo fallback error: HTTP Error 429: Too Many Requests"
2026-04-10,,Solar,SEDG,fmp,sector_company,,,,,,Financial Modeling Prep stable historical-price-eod/full,provider_error,"HTTP 429: {
  ""Error Message"": ""Limit Reach . Please upgrade your plan or visit our documentation for more details at https://site.financialmodelingprep.com/""
}; Yahoo fallback error: HTTP Error 429: Too Many Requests"
2026-04-20,,Solar,SEDG,fmp,sector_company,,,,,,Financial Modeling Prep stable historical-price-eod/full,provider_error,"HTTP 429: {
  ""Error Message"": ""Limit Reach . Please upgrade your plan or visit our documentation for more details at https://site.financialmodelingprep.com/""
}; Yahoo fallback error: HTTP Error 429: Too Many Requests"
2026-04-30,,Solar,SEDG,fmp,sector_company,,,,,,Financial Modeling Prep stable historical-price-eod/full,provider_error,"HTTP 429: {
  ""Error Message"": ""Limit Reach . Please upgrade your plan or visit our documentation for more details at https://site.financialmodelingprep.com/""
}; Yahoo fallback error: HTTP Error 429: Too Many Requests"
2026-05-10,,Solar,SEDG,fmp,sector_company,,,,,,Financial Modeling Prep stable historical-price-eod/full,provider_error,"HTTP 429: {
  ""Error Message"": ""Limit Reach . Please upgrade your plan or visit our documentation for more details at https://site.financialmodelingprep.com/""
}; Yahoo fallback error: HTTP Error 429: Too Many Requests"
2026-05-20,,Solar,SEDG,fmp,sector_company,,,,,,Financial Modeling Prep stable historical-price-eod/full,provider_error,"HTTP 429: {
  ""Error Message"": ""Limit Reach . Please upgrade your plan or visit our documentation for more details at https://site.financialmodelingprep.com/""
}; Yahoo fallback error: HTTP Error 429: Too Many Requests"
2026-05-30,,Solar,SEDG,fmp,sector_company,,,,,,Financial Modeling Prep stable historical-price-eod/full,provider_error,"HTTP 429: {
  ""Error Message"": ""Limit Reach . Please upgrade your plan or visit our documentation for more details at https://site.financialmodelingprep.com/""
}; Yahoo fallback error: HTTP Error 429: Too Many Requests"
2026-02-28,,Solar,SHLS,fmp,sector_company,,,,,,Financial Modeling Prep stable historical-price-eod/full,provider_error,"HTTP 429: {
  ""Error Message"": ""Limit Reach . Please upgrade your plan or visit our documentation for more details at https://site.financialmodelingprep.com/""
}; Yahoo fallback error: HTTP Error 429: Too Many Requests"
2026-03-10,,Solar,SHLS,fmp,sector_company,,,,,,Financial Modeling Prep stable historical-price-eod/full,provider_error,"HTTP 429: {
  ""Error Message"": ""Limit Reach . Please upgrade your plan or visit our documentation for more details at https://site.financialmodelingprep.com/""
}; Yahoo fallback error: HTTP Error 429: Too Many Requests"
2026-03-20,,Solar,SHLS,fmp,sector_company,,,,,,Financial Modeling Prep stable historical-price-eod/full,provider_error,"HTTP 429: {
  ""Error Message"": ""Limit Reach . Please upgrade your plan or visit our documentation for more details at https://site.financialmodelingprep.com/""
}; Yahoo fallback error: HTTP Error 429: Too Many Requests"
2026-03-30,,Solar,SHLS,fmp,sector_company,,,,,,Financial Modeling Prep stable historical-price-eod/full,provider_error,"HTTP 429: {
  ""Error Message"": ""Limit Reach . Please upgrade your plan or visit our documentation for more details at https://site.financialmodelingprep.com/""
}; Yahoo fallback error: HTTP Error 429: Too Many Requests"
2026-04-10,,Solar,SHLS,fmp,sector_company,,,,,,Financial Modeling Prep stable historical-price-eod/full,provider_error,"HTTP 429: {
  ""Error Message"": ""Limit Reach . Please upgrade your plan or visit our documentation for more details at https://site.financialmodelingprep.com/""
}; Yahoo fallback error: HTTP Error 429: Too Many Requests"
2026-04-20,,Solar,SHLS,fmp,sector_company,,,,,,Financial Modeling Prep stable historical-price-eod/full,provider_error,"HTTP 429: {
  ""Error Message"": ""Limit Reach . Please upgrade your plan or visit our documentation for more details at https://site.financialmodelingprep.com/""
}; Yahoo fallback error: HTTP Error 429: Too Many Requests"
2026-04-30,,Solar,SHLS,fmp,sector_company,,,,,,Financial Modeling Prep stable historical-price-eod/full,provider_error,"HTTP 429: {
  ""Error Message"": ""Limit Reach . Please upgrade your plan or visit our documentation for more details at https://site.financialmodelingprep.com/""
}; Yahoo fallback error: HTTP Error 429: Too Many Requests"
2026-05-10,,Solar,SHLS,fmp,sector_company,,,,,,Financial Modeling Prep stable historical-price-eod/full,provider_error,"HTTP 429: {
  ""Error Message"": ""Limit Reach . Please upgrade your plan or visit our documentation for more details at https://site.financialmodelingprep.com/""
}; Yahoo fallback error: HTTP Error 429: Too Many Requests"
2026-05-20,,Solar,SHLS,fmp,sector_company,,,,,,Financial Modeling Prep stable historical-price-eod/full,provider_error,"HTTP 429: {
  ""Error Message"": ""Limit Reach . Please upgrade your plan or visit our documentation for more details at https://site.financialmodelingprep.com/""
}; Yahoo fallback error: HTTP Error 429: Too Many Requests"
2026-05-30,,Solar,SHLS,fmp,sector_company,,,,,,Financial Modeling Prep stable historical-price-eod/full,provider_error,"HTTP 429: {
  ""Error Message"": ""Limit Reach . Please upgrade your plan or visit our documentation for more details at https://site.financialmodelingprep.com/""
}; Yahoo fallback error: HTTP Error 429: Too Many Requests"
2026-02-28,2026-02-27,Technology,AAPL,fmp,sector_company,272.81,272.81,262.89,264.18,72366505,Financial Modeling Prep stable historical-price-eod/full,ok,previous trading day for anchor 2026-02-28
2026-03-10,2026-03-10,Technology,AAPL,fmp,sector_company,257.65,262.48,256.95,260.83,30590800,Financial Modeling Prep stable historical-price-eod/full,ok,
2026-03-20,2026-03-20,Technology,AAPL,fmp,sector_company,247.98,249.2,246,247.99,88331100,Financial Modeling Prep stable historical-price-eod/full,ok,
2026-03-30,2026-03-30,Technology,AAPL,fmp,sector_company,250.07,250.87,245.51,246.63,39446213,Financial Modeling Prep stable historical-price-eod/full,ok,
2026-04-10,2026-04-10,Technology,AAPL,fmp,sector_company,259.98,262.19,259.02,260.48,31291500,Financial Modeling Prep stable historical-price-eod/full,ok,
2026-04-20,2026-04-20,Technology,AAPL,fmp,sector_company,270.33,274.27,270.29,273.05,36590200,Financial Modeling Prep stable historical-price-eod/full,ok,
2026-04-30,2026-04-30,Technology,AAPL,fmp,sector_company,270.5,276,268.14,271.35,91848230,Financial Modeling Prep stable historical-price-eod/full,ok,
2026-05-10,2026-05-08,Technology,AAPL,fmp,sector_company,290.01,294.76,290,293.32,52692800,Financial Modeling Prep stable historical-price-eod/full,ok,previous trading day for anchor 2026-05-10
2026-05-20,2026-05-20,Technology,AAPL,fmp,sector_company,298.18,302.8,298.08,302.25,38229843,Financial Modeling Prep stable historical-price-eod/full,ok,
2026-05-30,2026-05-29,Technology,AAPL,fmp,sector_company,311.77,315,309.53,312.06,70026800,Financial Modeling Prep stable historical-price-eod/full,ok,previous trading day for anchor 2026-05-30
2026-02-28,2026-02-27,Technology,ACN,twelve_data,sector_company,204.17000,208.86000,199.25999,208.72000,7929300,Twelve Data time_series,ok,fallback after FMP error: HTTP 402: Premium Query Parameter: 'Special Endpoint : This value set for 'symbol' is not available under your current subscription please visit our subscription page to upgrade your plan at https://financialmodelingprep.com/; previous trading day for anchor 2026-02-28
2026-03-10,2026-03-10,Technology,ACN,twelve_data,sector_company,208.61000,208.61000,199.74001,201.63000,5163000,Twelve Data time_series,ok,fallback after FMP error: HTTP 402: Premium Query Parameter: 'Special Endpoint : This value set for 'symbol' is not available under your current subscription please visit our subscription page to upgrade your plan at https://financialmodelingprep.com/
2026-03-20,2026-03-20,Technology,ACN,twelve_data,sector_company,203.5,207.42000,198.49001,199.99001,44335900,Twelve Data time_series,ok,fallback after FMP error: HTTP 402: Premium Query Parameter: 'Special Endpoint : This value set for 'symbol' is not available under your current subscription please visit our subscription page to upgrade your plan at https://financialmodelingprep.com/
2026-03-30,2026-03-30,Technology,ACN,twelve_data,sector_company,195,198.57001,194.21001,197.55000,4636500,Twelve Data time_series,ok,fallback after FMP error: HTTP 402: Premium Query Parameter: 'Special Endpoint : This value set for 'symbol' is not available under your current subscription please visit our subscription page to upgrade your plan at https://financialmodelingprep.com/
2026-04-10,2026-04-10,Technology,ACN,twelve_data,sector_company,185.83000,185.98000,177.5,179.53000,7261000,Twelve Data time_series,ok,fallback after FMP error: HTTP 402: Premium Query Parameter: 'Special Endpoint : This value set for 'symbol' is not available under your current subscription please visit our subscription page to upgrade your plan at https://financialmodelingprep.com/
2026-04-20,2026-04-20,Technology,ACN,twelve_data,sector_company,197.23000,199.58000,193.98000,195.059998,4626800,Twelve Data time_series,ok,fallback after FMP error: HTTP 402: Premium Query Parameter: 'Special Endpoint : This value set for 'symbol' is not available under your current subscription please visit our subscription page to upgrade your plan at https://financialmodelingprep.com/
2026-04-30,2026-04-30,Technology,ACN,twelve_data,sector_company,178.32001,178.99001,173.64999,178.71001,6033700,Twelve Data time_series,ok,fallback after FMP error: HTTP 402: Premium Query Parameter: 'Special Endpoint : This value set for 'symbol' is not available under your current subscription please visit our subscription page to upgrade your plan at https://financialmodelingprep.com/
2026-05-10,2026-05-08,Technology,ACN,twelve_data,sector_company,178.029999,181.14000,172.52000,180.42000,5696000,Twelve Data time_series,ok,fallback after FMP error: HTTP 402: Premium Query Parameter: 'Special Endpoint : This value set for 'symbol' is not available under your current subscription please visit our subscription page to upgrade your plan at https://financialmodelingprep.com/; previous trading day for anchor 2026-05-10
2026-05-20,2026-05-20,Technology,ACN,twelve_data,sector_company,175,180.50999,170.28000,179.22000,4239100,Twelve Data time_series,ok,fallback after FMP error: HTTP 402: Premium Query Parameter: 'Special Endpoint : This value set for 'symbol' is not available under your current subscription please visit our subscription page to upgrade your plan at https://financialmodelingprep.com/
2026-05-30,2026-05-29,Technology,ACN,twelve_data,sector_company,178.63000,188.24001,175.44000,187.070007,10778700,Twelve Data time_series,ok,fallback after FMP error: HTTP 402: Premium Query Parameter: 'Special Endpoint : This value set for 'symbol' is not available under your current subscription please visit our subscription page to upgrade your plan at https://financialmodelingprep.com/; previous trading day for anchor 2026-05-30
2026-02-28,2026-02-27,Technology,ADBE,fmp,sector_company,254.02,262.75,253.06,262.41,5098206,Financial Modeling Prep stable historical-price-eod/full,ok,previous trading day for anchor 2026-02-28
2026-03-10,2026-03-10,Technology,ADBE,fmp,sector_company,281.82,282.4,268.37,275.13,4591633,Financial Modeling Prep stable historical-price-eod/full,ok,
2026-03-20,2026-03-20,Technology,ADBE,fmp,sector_company,242.8,249.09,241,248.15,10467300,Financial Modeling Prep stable historical-price-eod/full,ok,
2026-03-30,2026-03-30,Technology,ADBE,fmp,sector_company,236.78,243.28,236.73,241.13,4410200,Financial Modeling Prep stable historical-price-eod/full,ok,
2026-04-10,2026-04-10,Technology,ADBE,fmp,sector_company,229.9,231.04,224.13,225.35,5889240,Financial Modeling Prep stable historical-price-eod/full,ok,
2026-04-20,2026-04-20,Technology,ADBE,fmp,sector_company,249.49,251.63,245.34,248.63,5250000,Financial Modeling Prep stable historical-price-eod/full,ok,
2026-04-30,2026-04-30,Technology,ADBE,fmp,sector_company,240.1,246.68,236.28,246.1,5129117,Financial Modeling Prep stable historical-price-eod/full,ok,
2026-05-10,2026-05-08,Technology,ADBE,fmp,sector_company,252.9,253.37,246.1,253.04,3667500,Financial Modeling Prep stable historical-price-eod/full,ok,previous trading day for anchor 2026-05-10
2026-05-20,2026-05-20,Technology,ADBE,fmp,sector_company,250.28,253.69,246.21,253.37,4789627,Financial Modeling Prep stable historical-price-eod/full,ok,
2026-05-30,2026-05-29,Technology,ADBE,fmp,sector_company,245.23,260.63,244.66,259.21,10808921,Financial Modeling Prep stable historical-price-eod/full,ok,previous trading day for anchor 2026-05-30
2026-02-28,2026-02-27,Technology,CRM,twelve_data,sector_company,191.91000,195.92000,189.92000,194.78999,16346500,Twelve Data time_series,ok,fallback after FMP error: HTTP 402: Premium Query Parameter: 'Special Endpoint : This value set for 'symbol' is not available under your current subscription please visit our subscription page to upgrade your plan at https://financialmodelingprep.com/; previous trading day for anchor 2026-02-28
2026-03-10,2026-03-10,Technology,CRM,twelve_data,sector_company,197.25999,199.57001,190.60001,194.91000,14467400,Twelve Data time_series,ok,fallback after FMP error: HTTP 402: Premium Query Parameter: 'Special Endpoint : This value set for 'symbol' is not available under your current subscription please visit our subscription page to upgrade your plan at https://financialmodelingprep.com/
2026-03-20,2026-03-20,Technology,CRM,twelve_data,sector_company,193.21001,195.67000,190,195.38000,20201100,Twelve Data time_series,ok,fallback after FMP error: HTTP 402: Premium Query Parameter: 'Special Endpoint : This value set for 'symbol' is not available under your current subscription please visit our subscription page to upgrade your plan at https://financialmodelingprep.com/
2026-03-30,2026-03-30,Technology,CRM,twelve_data,sector_company,180.10001,186.39000,179.58000,185.029999,11617700,Twelve Data time_series,ok,fallback after FMP error: HTTP 402: Premium Query Parameter: 'Special Endpoint : This value set for 'symbol' is not available under your current subscription please visit our subscription page to upgrade your plan at https://financialmodelingprep.com/
2026-04-10,2026-04-10,Technology,CRM,twelve_data,sector_company,171.25999,171.25999,163.52000,164.96001,18109300,Twelve Data time_series,ok,fallback after FMP error: HTTP 402: Premium Query Parameter: 'Special Endpoint : This value set for 'symbol' is not available under your current subscription please visit our subscription page to upgrade your plan at https://financialmodelingprep.com/
2026-04-20,2026-04-20,Technology,CRM,twelve_data,sector_company,182.5,189,182.12000,186.27000,14382300,Twelve Data time_series,ok,fallback after FMP error: HTTP 402: Premium Query Parameter: 'Special Endpoint : This value set for 'symbol' is not available under your current subscription please visit our subscription page to upgrade your plan at https://financialmodelingprep.com/
2026-04-30,2026-04-30,Technology,CRM,twelve_data,sector_company,178.30000,178.69000,173,176.53000,14408300,Twelve Data time_series,ok,fallback after FMP error: HTTP 402: Premium Query Parameter: 'Special Endpoint : This value set for 'symbol' is not available under your current subscription please visit our subscription page to upgrade your plan at https://financialmodelingprep.com/
2026-05-10,2026-05-08,Technology,CRM,twelve_data,sector_company,179.67999,181.87000,176.88000,181.82001,15123900,Twelve Data time_series,ok,fallback after FMP error: HTTP 402: Premium Query Parameter: 'Special Endpoint : This value set for 'symbol' is not available under your current subscription please visit our subscription page to upgrade your plan at https://financialmodelingprep.com/; previous trading day for anchor 2026-05-10
2026-05-20,2026-05-20,Technology,CRM,twelve_data,sector_company,176.039993,180.31000,173.34000,180.10001,13025300,Twelve Data time_series,ok,fallback after FMP error: HTTP 402: Premium Query Parameter: 'Special Endpoint : This value set for 'symbol' is not available under your current subscription please visit our subscription page to upgrade your plan at https://financialmodelingprep.com/
2026-05-30,2026-05-29,Technology,CRM,twelve_data,sector_company,180.24001,194.14000,180.020004,191.10001,33998900,Twelve Data time_series,ok,fallback after FMP error: HTTP 402: Premium Query Parameter: 'Special Endpoint : This value set for 'symbol' is not available under your current subscription please visit our subscription page to upgrade your plan at https://financialmodelingprep.com/; previous trading day for anchor 2026-05-30
2026-02-28,2026-02-27,Technology,GOOG,twelve_data,sector_company,303.94000,312.079987,303.59100,311.42999,33389200,Twelve Data time_series,ok,fallback after FMP error: HTTP 402: Premium Query Parameter: 'Special Endpoint : This value set for 'symbol' is not available under your current subscription please visit our subscription page to upgrade your plan at https://financialmodelingprep.com/; previous trading day for anchor 2026-02-28
2026-03-10,2026-03-10,Technology,GOOG,twelve_data,sector_company,305.875,309.14999,305.31000,306.92999,14386400,Twelve Data time_series,ok,fallback after FMP error: HTTP 402: Premium Query Parameter: 'Special Endpoint : This value set for 'symbol' is not available under your current subscription please visit our subscription page to upgrade your plan at https://financialmodelingprep.com/
2026-03-20,2026-03-20,Technology,GOOG,twelve_data,sector_company,304.070007,304.37000,296.75,298.79001,34763500,Twelve Data time_series,ok,fallback after FMP error: HTTP 402: Premium Query Parameter: 'Special Endpoint : This value set for 'symbol' is not available under your current subscription please visit our subscription page to upgrade your plan at https://financialmodelingprep.com/
2026-03-30,2026-03-30,Technology,GOOG,twelve_data,sector_company,275.44000,276.26001,271.53500,273.14001,22752300,Twelve Data time_series,ok,fallback after FMP error: HTTP 402: Premium Query Parameter: 'Special Endpoint : This value set for 'symbol' is not available under your current subscription please visit our subscription page to upgrade your plan at https://financialmodelingprep.com/
2026-04-10,2026-04-10,Technology,GOOG,twelve_data,sector_company,318.22501,319.5,314.54001,315.72000,11997600,Twelve Data time_series,ok,fallback after FMP error: HTTP 402: Premium Query Parameter: 'Special Endpoint : This value set for 'symbol' is not available under your current subscription please visit our subscription page to upgrade your plan at https://financialmodelingprep.com/
2026-04-20,2026-04-20,Technology,GOOG,twelve_data,sector_company,338.56000,339.16000,334.63000,335.39999,12897300,Twelve Data time_series,ok,fallback after FMP error: HTTP 402: Premium Query Parameter: 'Special Endpoint : This value set for 'symbol' is not available under your current subscription please visit our subscription page to upgrade your plan at https://financialmodelingprep.com/
2026-04-30,2026-04-30,Technology,GOOG,twelve_data,sector_company,371.25500,382.63000,363.089996,381.94000,44570500,Twelve Data time_series,ok,fallback after FMP error: HTTP 402: Premium Query Parameter: 'Special Endpoint : This value set for 'symbol' is not available under your current subscription please visit our subscription page to upgrade your plan at https://financialmodelingprep.com/
2026-05-10,2026-05-08,Technology,GOOG,twelve_data,sector_company,394.26999,398.37000,393.67001,397.049988,13762500,Twelve Data time_series,ok,fallback after FMP error: HTTP 402: Premium Query Parameter: 'Special Endpoint : This value set for 'symbol' is not available under your current subscription please visit our subscription page to upgrade your plan at https://financialmodelingprep.com/; previous trading day for anchor 2026-05-10
2026-05-20,2026-05-20,Technology,GOOG,twelve_data,sector_company,385.040009,390.70001,380,384.89999,16488100,Twelve Data time_series,ok,fallback after FMP error: HTTP 402: Premium Query Parameter: 'Special Endpoint : This value set for 'symbol' is not available under your current subscription please visit our subscription page to upgrade your plan at https://financialmodelingprep.com/
2026-05-30,2026-05-29,Technology,GOOG,twelve_data,sector_company,381.22501,381.64999,374.29999,376.42999,48018600,Twelve Data time_series,ok,fallback after FMP error: HTTP 402: Premium Query Parameter: 'Special Endpoint : This value set for 'symbol' is not available under your current subscription please visit our subscription page to upgrade your plan at https://financialmodelingprep.com/; previous trading day for anchor 2026-05-30
2026-02-28,2026-02-27,Technology,IBM,twelve_data,sector_company,238.070007,240.21001,234.57001,240.21001,6642200,Twelve Data time_series,ok,fallback after FMP error: HTTP 402: Premium Query Parameter: 'Special Endpoint : This value set for 'symbol' is not available under your current subscription please visit our subscription page to upgrade your plan at https://financialmodelingprep.com/; previous trading day for anchor 2026-02-28
2026-03-10,2026-03-10,Technology,IBM,twelve_data,sector_company,253.25999,253.44000,246.55000,250.20000,4938000,Twelve Data time_series,ok,fallback after FMP error: HTTP 402: Premium Query Parameter: 'Special Endpoint : This value set for 'symbol' is not available under your current subscription please visit our subscription page to upgrade your plan at https://financialmodelingprep.com/
2026-03-20,2026-03-20,Technology,IBM,twelve_data,sector_company,249,250.28000,241.77000,241.77000,11314100,Twelve Data time_series,ok,fallback after FMP error: HTTP 402: Premium Query Parameter: 'Special Endpoint : This value set for 'symbol' is not available under your current subscription please visit our subscription page to upgrade your plan at https://financialmodelingprep.com/
2026-03-30,2026-03-30,Technology,IBM,twelve_data,sector_company,237.80000,240.21001,236.13000,237.25,3882600,Twelve Data time_series,ok,fallback after FMP error: HTTP 402: Premium Query Parameter: 'Special Endpoint : This value set for 'symbol' is not available under your current subscription please visit our subscription page to upgrade your plan at https://financialmodelingprep.com/
2026-04-10,2026-04-10,Technology,IBM,twelve_data,sector_company,239.19000,239.27000,230.50999,230.75999,5869400,Twelve Data time_series,ok,fallback after FMP error: HTTP 402: Premium Query Parameter: 'Special Endpoint : This value set for 'symbol' is not available under your current subscription please visit our subscription page to upgrade your plan at https://financialmodelingprep.com/
2026-04-20,2026-04-20,Technology,IBM,twelve_data,sector_company,255,258.5,252.56000,253.71001,5157700,Twelve Data time_series,ok,fallback after FMP error: HTTP 402: Premium Query Parameter: 'Special Endpoint : This value set for 'symbol' is not available under your current subscription please visit our subscription page to upgrade your plan at https://financialmodelingprep.com/
2026-04-30,2026-04-30,Technology,IBM,twelve_data,sector_company,226.53000,231.60001,224.89999,230.98000,6283300,Twelve Data time_series,ok,fallback after FMP error: HTTP 402: Premium Query Parameter: 'Special Endpoint : This value set for 'symbol' is not available under your current subscription please visit our subscription page to upgrade your plan at https://financialmodelingprep.com/
2026-05-10,2026-05-08,Technology,IBM,twelve_data,sector_company,229.73000,230.71001,224.83000,229.75999,5332800,Twelve Data time_series,ok,fallback after FMP error: HTTP 402: Premium Query Parameter: 'Special Endpoint : This value set for 'symbol' is not available under your current subscription please visit our subscription page to upgrade your plan at https://financialmodelingprep.com/; previous trading day for anchor 2026-05-10
2026-05-20,2026-05-20,Technology,IBM,twelve_data,sector_company,221.050003,225,216.78000,225,4873400,Twelve Data time_series,ok,fallback after FMP error: HTTP 402: Premium Query Parameter: 'Special Endpoint : This value set for 'symbol' is not available under your current subscription please visit our subscription page to upgrade your plan at https://financialmodelingprep.com/
2026-05-30,2026-05-29,Technology,IBM,twelve_data,sector_company,277.29999,301,273.32999,297.79999,28481000,Twelve Data time_series,ok,fallback after FMP error: HTTP 402: Premium Query Parameter: 'Special Endpoint : This value set for 'symbol' is not available under your current subscription please visit our subscription page to upgrade your plan at https://financialmodelingprep.com/; previous trading day for anchor 2026-05-30
2026-02-28,2026-02-27,Technology,META,fmp,sector_company,643.45,649.44,638.12,648.18,15703041,Financial Modeling Prep stable historical-price-eod/full,ok,previous trading day for anchor 2026-02-28
2026-03-10,2026-03-10,Technology,META,fmp,sector_company,653.56,660.3,649,654.07,9859300,Financial Modeling Prep stable historical-price-eod/full,ok,
2026-03-20,2026-03-20,Technology,META,fmp,sector_company,603.53,603.96,587.25,593.66,21214900,Financial Modeling Prep stable historical-price-eod/full,ok,
2026-03-30,2026-03-30,Technology,META,fmp,sector_company,536.38,539.55,528.54,536.38,22795203,Financial Modeling Prep stable historical-price-eod/full,ok,
2026-04-10,2026-04-10,Technology,META,fmp,sector_company,634.47,638.58,624.33,629.86,13294844,Financial Modeling Prep stable historical-price-eod/full,ok,
2026-04-20,2026-04-20,Technology,META,fmp,sector_company,681.36,683.38,668,670.91,12534000,Financial Modeling Prep stable historical-price-eod/full,ok,
2026-04-30,2026-04-30,Technology,META,fmp,sector_company,619.32,620.85,600,611.91,52765000,Financial Modeling Prep stable historical-price-eod/full,ok,
2026-05-10,2026-05-08,Technology,META,fmp,sector_company,615.2,616.77,606.06,609.63,13557000,Financial Modeling Prep stable historical-price-eod/full,ok,previous trading day for anchor 2026-05-10
2026-05-20,2026-05-20,Technology,META,fmp,sector_company,600.76,608,597.81,605.06,11329709,Financial Modeling Prep stable historical-price-eod/full,ok,
2026-05-30,2026-05-29,Technology,META,fmp,sector_company,633.5,634.5,623.35,632.51,19806536,Financial Modeling Prep stable historical-price-eod/full,ok,previous trading day for anchor 2026-05-30
2026-02-28,2026-02-27,Technology,MSFT,fmp,sector_company,390.88,396.82,389.88,392.74,51367200,Financial Modeling Prep stable historical-price-eod/full,ok,previous trading day for anchor 2026-02-28
2026-03-10,2026-03-10,Technology,MSFT,fmp,sector_company,410.03,410.2,402.93,405.76,31706400,Financial Modeling Prep stable historical-price-eod/full,ok,
2026-03-20,2026-03-20,Technology,MSFT,fmp,sector_company,386.79,387,380.12,381.87,50853200,Financial Modeling Prep stable historical-price-eod/full,ok,
2026-03-30,2026-03-30,Technology,MSFT,fmp,sector_company,361.9,365.36,356.28,358.96,44797002,Financial Modeling Prep stable historical-price-eod/full,ok,
2026-04-10,2026-04-10,Technology,MSFT,fmp,sector_company,372.98,375.64,370.03,370.87,28111128,Financial Modeling Prep stable historical-price-eod/full,ok,
2026-04-20,2026-04-20,Technology,MSFT,fmp,sector_company,421.15,423.33,416.3,418.07,27582237,Financial Modeling Prep stable historical-price-eod/full,ok,
2026-04-30,2026-04-30,Technology,MSFT,fmp,sector_company,410.81,414.42,398.01,407.78,70909408,Financial Modeling Prep stable historical-price-eod/full,ok,
2026-05-10,2026-05-08,Technology,MSFT,fmp,sector_company,417.39,418.63,414,415.12,33383800,Financial Modeling Prep stable historical-price-eod/full,ok,previous trading day for anchor 2026-05-10
2026-05-20,2026-05-20,Technology,MSFT,fmp,sector_company,414.17,422.1,411.3,421.06,27864016,Financial Modeling Prep stable historical-price-eod/full,ok,
2026-05-30,2026-05-29,Technology,MSFT,fmp,sector_company,432.55,450.33,432.36,450.24,79654400,Financial Modeling Prep stable historical-price-eod/full,ok,previous trading day for anchor 2026-05-30
2026-02-28,2026-02-27,Technology,NOW,twelve_data,sector_company,105,108.70000,104,108.010002,19085200,Twelve Data time_series,ok,fallback after FMP error: HTTP 402: Premium Query Parameter: 'Special Endpoint : This value set for 'symbol' is not available under your current subscription please visit our subscription page to upgrade your plan at https://financialmodelingprep.com/; previous trading day for anchor 2026-02-28
2026-03-10,2026-03-10,Technology,NOW,twelve_data,sector_company,120.99000,121.43000,114.66000,116.61000,21872600,Twelve Data time_series,ok,fallback after FMP error: HTTP 402: Premium Query Parameter: 'Special Endpoint : This value set for 'symbol' is not available under your current subscription please visit our subscription page to upgrade your plan at https://financialmodelingprep.com/
2026-03-20,2026-03-20,Technology,NOW,twelve_data,sector_company,111.30000,112.15000,109.12000,110.38000,18863000,Twelve Data time_series,ok,fallback after FMP error: HTTP 402: Premium Query Parameter: 'Special Endpoint : This value set for 'symbol' is not available under your current subscription please visit our subscription page to upgrade your plan at https://financialmodelingprep.com/
2026-03-30,2026-03-30,Technology,NOW,twelve_data,sector_company,100.059998,105.99000,99.5,104.97000,18685600,Twelve Data time_series,ok,fallback after FMP error: HTTP 402: Premium Query Parameter: 'Special Endpoint : This value set for 'symbol' is not available under your current subscription please visit our subscription page to upgrade your plan at https://financialmodelingprep.com/
2026-04-10,2026-04-10,Technology,NOW,twelve_data,sector_company,88.91000,88.91000,81.24000,83,58715600,Twelve Data time_series,ok,fallback after FMP error: HTTP 402: Premium Query Parameter: 'Special Endpoint : This value set for 'symbol' is not available under your current subscription please visit our subscription page to upgrade your plan at https://financialmodelingprep.com/
2026-04-20,2026-04-20,Technology,NOW,twelve_data,sector_company,97.44000,100.67000,96.81000,99.72000,20306600,Twelve Data time_series,ok,fallback after FMP error: HTTP 402: Premium Query Parameter: 'Special Endpoint : This value set for 'symbol' is not available under your current subscription please visit our subscription page to upgrade your plan at https://financialmodelingprep.com/
2026-04-30,2026-04-30,Technology,NOW,twelve_data,sector_company,87.95000,88.71000,85.88000,88.31000,22152200,Twelve Data time_series,ok,fallback after FMP error: HTTP 402: Premium Query Parameter: 'Special Endpoint : This value set for 'symbol' is not available under your current subscription please visit our subscription page to upgrade your plan at https://financialmodelingprep.com/
2026-05-10,2026-05-08,Technology,NOW,twelve_data,sector_company,91.13000,91.85000,88.99000,91.18000,24699000,Twelve Data time_series,ok,fallback after FMP error: HTTP 402: Premium Query Parameter: 'Special Endpoint : This value set for 'symbol' is not available under your current subscription please visit our subscription page to upgrade your plan at https://financialmodelingprep.com/; previous trading day for anchor 2026-05-10
2026-05-20,2026-05-20,Technology,NOW,twelve_data,sector_company,100.75,103.35000,97.5,103.30000,30037700,Twelve Data time_series,ok,fallback after FMP error: HTTP 402: Premium Query Parameter: 'Special Endpoint : This value set for 'symbol' is not available under your current subscription please visit our subscription page to upgrade your plan at https://financialmodelingprep.com/
2026-05-30,2026-05-29,Technology,NOW,twelve_data,sector_company,118.48000,124.74000,116.29000,124.37000,68243400,Twelve Data time_series,ok,fallback after FMP error: HTTP 402: Premium Query Parameter: 'Special Endpoint : This value set for 'symbol' is not available under your current subscription please visit our subscription page to upgrade your plan at https://financialmodelingprep.com/; previous trading day for anchor 2026-05-30
2026-02-28,,Telecom & Streaming,CHTR,fmp,sector_company,,,,,,Financial Modeling Prep stable historical-price-eod/full,provider_error,"HTTP 429: {
  ""Error Message"": ""Limit Reach . Please upgrade your plan or visit our documentation for more details at https://site.financialmodelingprep.com/""
}; Yahoo fallback error: HTTP Error 429: Too Many Requests"
2026-03-10,,Telecom & Streaming,CHTR,fmp,sector_company,,,,,,Financial Modeling Prep stable historical-price-eod/full,provider_error,"HTTP 429: {
  ""Error Message"": ""Limit Reach . Please upgrade your plan or visit our documentation for more details at https://site.financialmodelingprep.com/""
}; Yahoo fallback error: HTTP Error 429: Too Many Requests"
2026-03-20,,Telecom & Streaming,CHTR,fmp,sector_company,,,,,,Financial Modeling Prep stable historical-price-eod/full,provider_error,"HTTP 429: {
  ""Error Message"": ""Limit Reach . Please upgrade your plan or visit our documentation for more details at https://site.financialmodelingprep.com/""
}; Yahoo fallback error: HTTP Error 429: Too Many Requests"
2026-03-30,,Telecom & Streaming,CHTR,fmp,sector_company,,,,,,Financial Modeling Prep stable historical-price-eod/full,provider_error,"HTTP 429: {
  ""Error Message"": ""Limit Reach . Please upgrade your plan or visit our documentation for more details at https://site.financialmodelingprep.com/""
}; Yahoo fallback error: HTTP Error 429: Too Many Requests"
2026-04-10,,Telecom & Streaming,CHTR,fmp,sector_company,,,,,,Financial Modeling Prep stable historical-price-eod/full,provider_error,"HTTP 429: {
  ""Error Message"": ""Limit Reach . Please upgrade your plan or visit our documentation for more details at https://site.financialmodelingprep.com/""
}; Yahoo fallback error: HTTP Error 429: Too Many Requests"
2026-04-20,,Telecom & Streaming,CHTR,fmp,sector_company,,,,,,Financial Modeling Prep stable historical-price-eod/full,provider_error,"HTTP 429: {
  ""Error Message"": ""Limit Reach . Please upgrade your plan or visit our documentation for more details at https://site.financialmodelingprep.com/""
}; Yahoo fallback error: HTTP Error 429: Too Many Requests"
2026-04-30,,Telecom & Streaming,CHTR,fmp,sector_company,,,,,,Financial Modeling Prep stable historical-price-eod/full,provider_error,"HTTP 429: {
  ""Error Message"": ""Limit Reach . Please upgrade your plan or visit our documentation for more details at https://site.financialmodelingprep.com/""
}; Yahoo fallback error: HTTP Error 429: Too Many Requests"
2026-05-10,,Telecom & Streaming,CHTR,fmp,sector_company,,,,,,Financial Modeling Prep stable historical-price-eod/full,provider_error,"HTTP 429: {
  ""Error Message"": ""Limit Reach . Please upgrade your plan or visit our documentation for more details at https://site.financialmodelingprep.com/""
}; Yahoo fallback error: HTTP Error 429: Too Many Requests"
2026-05-20,,Telecom & Streaming,CHTR,fmp,sector_company,,,,,,Financial Modeling Prep stable historical-price-eod/full,provider_error,"HTTP 429: {
  ""Error Message"": ""Limit Reach . Please upgrade your plan or visit our documentation for more details at https://site.financialmodelingprep.com/""
}; Yahoo fallback error: HTTP Error 429: Too Many Requests"
2026-05-30,,Telecom & Streaming,CHTR,fmp,sector_company,,,,,,Financial Modeling Prep stable historical-price-eod/full,provider_error,"HTTP 429: {
  ""Error Message"": ""Limit Reach . Please upgrade your plan or visit our documentation for more details at https://site.financialmodelingprep.com/""
}; Yahoo fallback error: HTTP Error 429: Too Many Requests"
2026-02-28,,Telecom & Streaming,CMCSA,fmp,sector_company,,,,,,Financial Modeling Prep stable historical-price-eod/full,provider_error,"HTTP 429: {
  ""Error Message"": ""Limit Reach . Please upgrade your plan or visit our documentation for more details at https://site.financialmodelingprep.com/""
}; Yahoo fallback error: HTTP Error 429: Too Many Requests"
2026-03-10,,Telecom & Streaming,CMCSA,fmp,sector_company,,,,,,Financial Modeling Prep stable historical-price-eod/full,provider_error,"HTTP 429: {
  ""Error Message"": ""Limit Reach . Please upgrade your plan or visit our documentation for more details at https://site.financialmodelingprep.com/""
}; Yahoo fallback error: HTTP Error 429: Too Many Requests"
2026-03-20,,Telecom & Streaming,CMCSA,fmp,sector_company,,,,,,Financial Modeling Prep stable historical-price-eod/full,provider_error,"HTTP 429: {
  ""Error Message"": ""Limit Reach . Please upgrade your plan or visit our documentation for more details at https://site.financialmodelingprep.com/""
}; Yahoo fallback error: HTTP Error 429: Too Many Requests"
2026-03-30,,Telecom & Streaming,CMCSA,fmp,sector_company,,,,,,Financial Modeling Prep stable historical-price-eod/full,provider_error,"HTTP 429: {
  ""Error Message"": ""Limit Reach . Please upgrade your plan or visit our documentation for more details at https://site.financialmodelingprep.com/""
}; Yahoo fallback error: HTTP Error 429: Too Many Requests"
2026-04-10,,Telecom & Streaming,CMCSA,fmp,sector_company,,,,,,Financial Modeling Prep stable historical-price-eod/full,provider_error,"HTTP 429: {
  ""Error Message"": ""Limit Reach . Please upgrade your plan or visit our documentation for more details at https://site.financialmodelingprep.com/""
}; Yahoo fallback error: HTTP Error 429: Too Many Requests"
2026-04-20,,Telecom & Streaming,CMCSA,fmp,sector_company,,,,,,Financial Modeling Prep stable historical-price-eod/full,provider_error,"HTTP 429: {
  ""Error Message"": ""Limit Reach . Please upgrade your plan or visit our documentation for more details at https://site.financialmodelingprep.com/""
}; Yahoo fallback error: HTTP Error 429: Too Many Requests"
2026-04-30,,Telecom & Streaming,CMCSA,fmp,sector_company,,,,,,Financial Modeling Prep stable historical-price-eod/full,provider_error,"HTTP 429: {
  ""Error Message"": ""Limit Reach . Please upgrade your plan or visit our documentation for more details at https://site.financialmodelingprep.com/""
}; Yahoo fallback error: HTTP Error 429: Too Many Requests"
2026-05-10,,Telecom & Streaming,CMCSA,fmp,sector_company,,,,,,Financial Modeling Prep stable historical-price-eod/full,provider_error,"HTTP 429: {
  ""Error Message"": ""Limit Reach . Please upgrade your plan or visit our documentation for more details at https://site.financialmodelingprep.com/""
}; Yahoo fallback error: HTTP Error 429: Too Many Requests"
2026-05-20,,Telecom & Streaming,CMCSA,fmp,sector_company,,,,,,Financial Modeling Prep stable historical-price-eod/full,provider_error,"HTTP 429: {
  ""Error Message"": ""Limit Reach . Please upgrade your plan or visit our documentation for more details at https://site.financialmodelingprep.com/""
}; Yahoo fallback error: HTTP Error 429: Too Many Requests"
2026-05-30,,Telecom & Streaming,CMCSA,fmp,sector_company,,,,,,Financial Modeling Prep stable historical-price-eod/full,provider_error,"HTTP 429: {
  ""Error Message"": ""Limit Reach . Please upgrade your plan or visit our documentation for more details at https://site.financialmodelingprep.com/""
}; Yahoo fallback error: HTTP Error 429: Too Many Requests"
2026-02-28,,Telecom & Streaming,DIS,fmp,sector_company,,,,,,Financial Modeling Prep stable historical-price-eod/full,provider_error,"HTTP 429: {
  ""Error Message"": ""Limit Reach . Please upgrade your plan or visit our documentation for more details at https://site.financialmodelingprep.com/""
}; Yahoo fallback error: HTTP Error 429: Too Many Requests"
2026-03-10,,Telecom & Streaming,DIS,fmp,sector_company,,,,,,Financial Modeling Prep stable historical-price-eod/full,provider_error,"HTTP 429: {
  ""Error Message"": ""Limit Reach . Please upgrade your plan or visit our documentation for more details at https://site.financialmodelingprep.com/""
}; Yahoo fallback error: HTTP Error 429: Too Many Requests"
2026-03-20,,Telecom & Streaming,DIS,fmp,sector_company,,,,,,Financial Modeling Prep stable historical-price-eod/full,provider_error,"HTTP 429: {
  ""Error Message"": ""Limit Reach . Please upgrade your plan or visit our documentation for more details at https://site.financialmodelingprep.com/""
}; Yahoo fallback error: HTTP Error 429: Too Many Requests"
2026-03-30,,Telecom & Streaming,DIS,fmp,sector_company,,,,,,Financial Modeling Prep stable historical-price-eod/full,provider_error,"HTTP 429: {
  ""Error Message"": ""Limit Reach . Please upgrade your plan or visit our documentation for more details at https://site.financialmodelingprep.com/""
}; Yahoo fallback error: HTTP Error 429: Too Many Requests"
2026-04-10,,Telecom & Streaming,DIS,fmp,sector_company,,,,,,Financial Modeling Prep stable historical-price-eod/full,provider_error,"HTTP 429: {
  ""Error Message"": ""Limit Reach . Please upgrade your plan or visit our documentation for more details at https://site.financialmodelingprep.com/""
}; Yahoo fallback error: HTTP Error 429: Too Many Requests"
2026-04-20,,Telecom & Streaming,DIS,fmp,sector_company,,,,,,Financial Modeling Prep stable historical-price-eod/full,provider_error,"HTTP 429: {
  ""Error Message"": ""Limit Reach . Please upgrade your plan or visit our documentation for more details at https://site.financialmodelingprep.com/""
}; Yahoo fallback error: HTTP Error 429: Too Many Requests"
2026-04-30,,Telecom & Streaming,DIS,fmp,sector_company,,,,,,Financial Modeling Prep stable historical-price-eod/full,provider_error,"HTTP 429: {
  ""Error Message"": ""Limit Reach . Please upgrade your plan or visit our documentation for more details at https://site.financialmodelingprep.com/""
}; Yahoo fallback error: HTTP Error 429: Too Many Requests"
2026-05-10,,Telecom & Streaming,DIS,fmp,sector_company,,,,,,Financial Modeling Prep stable historical-price-eod/full,provider_error,"HTTP 429: {
  ""Error Message"": ""Limit Reach . Please upgrade your plan or visit our documentation for more details at https://site.financialmodelingprep.com/""
}; Yahoo fallback error: HTTP Error 429: Too Many Requests"
2026-05-20,,Telecom & Streaming,DIS,fmp,sector_company,,,,,,Financial Modeling Prep stable historical-price-eod/full,provider_error,"HTTP 429: {
  ""Error Message"": ""Limit Reach . Please upgrade your plan or visit our documentation for more details at https://site.financialmodelingprep.com/""
}; Yahoo fallback error: HTTP Error 429: Too Many Requests"
2026-05-30,,Telecom & Streaming,DIS,fmp,sector_company,,,,,,Financial Modeling Prep stable historical-price-eod/full,provider_error,"HTTP 429: {
  ""Error Message"": ""Limit Reach . Please upgrade your plan or visit our documentation for more details at https://site.financialmodelingprep.com/""
}; Yahoo fallback error: HTTP Error 429: Too Many Requests"
2026-02-28,,Telecom & Streaming,META,fmp,sector_company,,,,,,Financial Modeling Prep stable historical-price-eod/full,provider_error,"HTTP 429: {
  ""Error Message"": ""Limit Reach . Please upgrade your plan or visit our documentation for more details at https://site.financialmodelingprep.com/""
}; Yahoo fallback error: HTTP Error 429: Too Many Requests"
2026-03-10,,Telecom & Streaming,META,fmp,sector_company,,,,,,Financial Modeling Prep stable historical-price-eod/full,provider_error,"HTTP 429: {
  ""Error Message"": ""Limit Reach . Please upgrade your plan or visit our documentation for more details at https://site.financialmodelingprep.com/""
}; Yahoo fallback error: HTTP Error 429: Too Many Requests"
2026-03-20,,Telecom & Streaming,META,fmp,sector_company,,,,,,Financial Modeling Prep stable historical-price-eod/full,provider_error,"HTTP 429: {
  ""Error Message"": ""Limit Reach . Please upgrade your plan or visit our documentation for more details at https://site.financialmodelingprep.com/""
}; Yahoo fallback error: HTTP Error 429: Too Many Requests"
2026-03-30,,Telecom & Streaming,META,fmp,sector_company,,,,,,Financial Modeling Prep stable historical-price-eod/full,provider_error,"HTTP 429: {
  ""Error Message"": ""Limit Reach . Please upgrade your plan or visit our documentation for more details at https://site.financialmodelingprep.com/""
}; Yahoo fallback error: HTTP Error 429: Too Many Requests"
2026-04-10,,Telecom & Streaming,META,fmp,sector_company,,,,,,Financial Modeling Prep stable historical-price-eod/full,provider_error,"HTTP 429: {
  ""Error Message"": ""Limit Reach . Please upgrade your plan or visit our documentation for more details at https://site.financialmodelingprep.com/""
}; Yahoo fallback error: HTTP Error 429: Too Many Requests"
2026-04-20,,Telecom & Streaming,META,fmp,sector_company,,,,,,Financial Modeling Prep stable historical-price-eod/full,provider_error,"HTTP 429: {
  ""Error Message"": ""Limit Reach . Please upgrade your plan or visit our documentation for more details at https://site.financialmodelingprep.com/""
}; Yahoo fallback error: HTTP Error 429: Too Many Requests"
2026-04-30,,Telecom & Streaming,META,fmp,sector_company,,,,,,Financial Modeling Prep stable historical-price-eod/full,provider_error,"HTTP 429: {
  ""Error Message"": ""Limit Reach . Please upgrade your plan or visit our documentation for more details at https://site.financialmodelingprep.com/""
}; Yahoo fallback error: HTTP Error 429: Too Many Requests"
2026-05-10,,Telecom & Streaming,META,fmp,sector_company,,,,,,Financial Modeling Prep stable historical-price-eod/full,provider_error,"HTTP 429: {
  ""Error Message"": ""Limit Reach . Please upgrade your plan or visit our documentation for more details at https://site.financialmodelingprep.com/""
}; Yahoo fallback error: HTTP Error 429: Too Many Requests"
2026-05-20,,Telecom & Streaming,META,fmp,sector_company,,,,,,Financial Modeling Prep stable historical-price-eod/full,provider_error,"HTTP 429: {
  ""Error Message"": ""Limit Reach . Please upgrade your plan or visit our documentation for more details at https://site.financialmodelingprep.com/""
}; Yahoo fallback error: HTTP Error 429: Too Many Requests"
2026-05-30,,Telecom & Streaming,META,fmp,sector_company,,,,,,Financial Modeling Prep stable historical-price-eod/full,provider_error,"HTTP 429: {
  ""Error Message"": ""Limit Reach . Please upgrade your plan or visit our documentation for more details at https://site.financialmodelingprep.com/""
}; Yahoo fallback error: HTTP Error 429: Too Many Requests"
2026-02-28,,Telecom & Streaming,NFLX,fmp,sector_company,,,,,,Financial Modeling Prep stable historical-price-eod/full,provider_error,"HTTP 429: {
  ""Error Message"": ""Limit Reach . Please upgrade your plan or visit our documentation for more details at https://site.financialmodelingprep.com/""
}; Yahoo fallback error: HTTP Error 429: Too Many Requests"
2026-03-10,,Telecom & Streaming,NFLX,fmp,sector_company,,,,,,Financial Modeling Prep stable historical-price-eod/full,provider_error,"HTTP 429: {
  ""Error Message"": ""Limit Reach . Please upgrade your plan or visit our documentation for more details at https://site.financialmodelingprep.com/""
}; Yahoo fallback error: HTTP Error 429: Too Many Requests"
2026-03-20,,Telecom & Streaming,NFLX,fmp,sector_company,,,,,,Financial Modeling Prep stable historical-price-eod/full,provider_error,"HTTP 429: {
  ""Error Message"": ""Limit Reach . Please upgrade your plan or visit our documentation for more details at https://site.financialmodelingprep.com/""
}; Yahoo fallback error: HTTP Error 429: Too Many Requests"
2026-03-30,,Telecom & Streaming,NFLX,fmp,sector_company,,,,,,Financial Modeling Prep stable historical-price-eod/full,provider_error,"HTTP 429: {
  ""Error Message"": ""Limit Reach . Please upgrade your plan or visit our documentation for more details at https://site.financialmodelingprep.com/""
}; Yahoo fallback error: HTTP Error 429: Too Many Requests"
2026-04-10,,Telecom & Streaming,NFLX,fmp,sector_company,,,,,,Financial Modeling Prep stable historical-price-eod/full,provider_error,"HTTP 429: {
  ""Error Message"": ""Limit Reach . Please upgrade your plan or visit our documentation for more details at https://site.financialmodelingprep.com/""
}; Yahoo fallback error: HTTP Error 429: Too Many Requests"
2026-04-20,,Telecom & Streaming,NFLX,fmp,sector_company,,,,,,Financial Modeling Prep stable historical-price-eod/full,provider_error,"HTTP 429: {
  ""Error Message"": ""Limit Reach . Please upgrade your plan or visit our documentation for more details at https://site.financialmodelingprep.com/""
}; Yahoo fallback error: HTTP Error 429: Too Many Requests"
2026-04-30,,Telecom & Streaming,NFLX,fmp,sector_company,,,,,,Financial Modeling Prep stable historical-price-eod/full,provider_error,"HTTP 429: {
  ""Error Message"": ""Limit Reach . Please upgrade your plan or visit our documentation for more details at https://site.financialmodelingprep.com/""
}; Yahoo fallback error: HTTP Error 429: Too Many Requests"
2026-05-10,,Telecom & Streaming,NFLX,fmp,sector_company,,,,,,Financial Modeling Prep stable historical-price-eod/full,provider_error,"HTTP 429: {
  ""Error Message"": ""Limit Reach . Please upgrade your plan or visit our documentation for more details at https://site.financialmodelingprep.com/""
}; Yahoo fallback error: HTTP Error 429: Too Many Requests"
2026-05-20,,Telecom & Streaming,NFLX,fmp,sector_company,,,,,,Financial Modeling Prep stable historical-price-eod/full,provider_error,"HTTP 429: {
  ""Error Message"": ""Limit Reach . Please upgrade your plan or visit our documentation for more details at https://site.financialmodelingprep.com/""
}; Yahoo fallback error: HTTP Error 429: Too Many Requests"
2026-05-30,,Telecom & Streaming,NFLX,fmp,sector_company,,,,,,Financial Modeling Prep stable historical-price-eod/full,provider_error,"HTTP 429: {
  ""Error Message"": ""Limit Reach . Please upgrade your plan or visit our documentation for more details at https://site.financialmodelingprep.com/""
}; Yahoo fallback error: HTTP Error 429: Too Many Requests"
2026-02-28,,Telecom & Streaming,SPOT,fmp,sector_company,,,,,,Financial Modeling Prep stable historical-price-eod/full,provider_error,"HTTP 429: {
  ""Error Message"": ""Limit Reach . Please upgrade your plan or visit our documentation for more details at https://site.financialmodelingprep.com/""
}; Yahoo fallback error: HTTP Error 429: Too Many Requests"
2026-03-10,,Telecom & Streaming,SPOT,fmp,sector_company,,,,,,Financial Modeling Prep stable historical-price-eod/full,provider_error,"HTTP 429: {
  ""Error Message"": ""Limit Reach . Please upgrade your plan or visit our documentation for more details at https://site.financialmodelingprep.com/""
}; Yahoo fallback error: HTTP Error 429: Too Many Requests"
2026-03-20,,Telecom & Streaming,SPOT,fmp,sector_company,,,,,,Financial Modeling Prep stable historical-price-eod/full,provider_error,"HTTP 429: {
  ""Error Message"": ""Limit Reach . Please upgrade your plan or visit our documentation for more details at https://site.financialmodelingprep.com/""
}; Yahoo fallback error: HTTP Error 429: Too Many Requests"
2026-03-30,,Telecom & Streaming,SPOT,fmp,sector_company,,,,,,Financial Modeling Prep stable historical-price-eod/full,provider_error,"HTTP 429: {
  ""Error Message"": ""Limit Reach . Please upgrade your plan or visit our documentation for more details at https://site.financialmodelingprep.com/""
}; Yahoo fallback error: HTTP Error 429: Too Many Requests"
2026-04-10,,Telecom & Streaming,SPOT,fmp,sector_company,,,,,,Financial Modeling Prep stable historical-price-eod/full,provider_error,"HTTP 429: {
  ""Error Message"": ""Limit Reach . Please upgrade your plan or visit our documentation for more details at https://site.financialmodelingprep.com/""
}; Yahoo fallback error: HTTP Error 429: Too Many Requests"
2026-04-20,,Telecom & Streaming,SPOT,fmp,sector_company,,,,,,Financial Modeling Prep stable historical-price-eod/full,provider_error,"HTTP 429: {
  ""Error Message"": ""Limit Reach . Please upgrade your plan or visit our documentation for more details at https://site.financialmodelingprep.com/""
}; Yahoo fallback error: HTTP Error 429: Too Many Requests"
2026-04-30,,Telecom & Streaming,SPOT,fmp,sector_company,,,,,,Financial Modeling Prep stable historical-price-eod/full,provider_error,"HTTP 429: {
  ""Error Message"": ""Limit Reach . Please upgrade your plan or visit our documentation for more details at https://site.financialmodelingprep.com/""
}; Yahoo fallback error: HTTP Error 429: Too Many Requests"
2026-05-10,,Telecom & Streaming,SPOT,fmp,sector_company,,,,,,Financial Modeling Prep stable historical-price-eod/full,provider_error,"HTTP 429: {
  ""Error Message"": ""Limit Reach . Please upgrade your plan or visit our documentation for more details at https://site.financialmodelingprep.com/""
}; Yahoo fallback error: HTTP Error 429: Too Many Requests"
2026-05-20,,Telecom & Streaming,SPOT,fmp,sector_company,,,,,,Financial Modeling Prep stable historical-price-eod/full,provider_error,"HTTP 429: {
  ""Error Message"": ""Limit Reach . Please upgrade your plan or visit our documentation for more details at https://site.financialmodelingprep.com/""
}; Yahoo fallback error: HTTP Error 429: Too Many Requests"
2026-05-30,,Telecom & Streaming,SPOT,fmp,sector_company,,,,,,Financial Modeling Prep stable historical-price-eod/full,provider_error,"HTTP 429: {
  ""Error Message"": ""Limit Reach . Please upgrade your plan or visit our documentation for more details at https://site.financialmodelingprep.com/""
}; Yahoo fallback error: HTTP Error 429: Too Many Requests"
2026-02-28,,Telecom & Streaming,T,fmp,sector_company,,,,,,Financial Modeling Prep stable historical-price-eod/full,provider_error,"HTTP 429: {
  ""Error Message"": ""Limit Reach . Please upgrade your plan or visit our documentation for more details at https://site.financialmodelingprep.com/""
}; Yahoo fallback error: HTTP Error 429: Too Many Requests"
2026-03-10,,Telecom & Streaming,T,fmp,sector_company,,,,,,Financial Modeling Prep stable historical-price-eod/full,provider_error,"HTTP 429: {
  ""Error Message"": ""Limit Reach . Please upgrade your plan or visit our documentation for more details at https://site.financialmodelingprep.com/""
}; Yahoo fallback error: HTTP Error 429: Too Many Requests"
2026-03-20,,Telecom & Streaming,T,fmp,sector_company,,,,,,Financial Modeling Prep stable historical-price-eod/full,provider_error,"HTTP 429: {
  ""Error Message"": ""Limit Reach . Please upgrade your plan or visit our documentation for more details at https://site.financialmodelingprep.com/""
}; Yahoo fallback error: HTTP Error 429: Too Many Requests"
2026-03-30,,Telecom & Streaming,T,fmp,sector_company,,,,,,Financial Modeling Prep stable historical-price-eod/full,provider_error,"HTTP 429: {
  ""Error Message"": ""Limit Reach . Please upgrade your plan or visit our documentation for more details at https://site.financialmodelingprep.com/""
}; Yahoo fallback error: HTTP Error 429: Too Many Requests"
2026-04-10,,Telecom & Streaming,T,fmp,sector_company,,,,,,Financial Modeling Prep stable historical-price-eod/full,provider_error,"HTTP 429: {
  ""Error Message"": ""Limit Reach . Please upgrade your plan or visit our documentation for more details at https://site.financialmodelingprep.com/""
}; Yahoo fallback error: HTTP Error 429: Too Many Requests"
2026-04-20,,Telecom & Streaming,T,fmp,sector_company,,,,,,Financial Modeling Prep stable historical-price-eod/full,provider_error,"HTTP 429: {
  ""Error Message"": ""Limit Reach . Please upgrade your plan or visit our documentation for more details at https://site.financialmodelingprep.com/""
}; Yahoo fallback error: HTTP Error 429: Too Many Requests"
2026-04-30,,Telecom & Streaming,T,fmp,sector_company,,,,,,Financial Modeling Prep stable historical-price-eod/full,provider_error,"HTTP 429: {
  ""Error Message"": ""Limit Reach . Please upgrade your plan or visit our documentation for more details at https://site.financialmodelingprep.com/""
}; Yahoo fallback error: HTTP Error 429: Too Many Requests"
2026-05-10,,Telecom & Streaming,T,fmp,sector_company,,,,,,Financial Modeling Prep stable historical-price-eod/full,provider_error,"HTTP 429: {
  ""Error Message"": ""Limit Reach . Please upgrade your plan or visit our documentation for more details at https://site.financialmodelingprep.com/""
}; Yahoo fallback error: HTTP Error 429: Too Many Requests"
2026-05-20,,Telecom & Streaming,T,fmp,sector_company,,,,,,Financial Modeling Prep stable historical-price-eod/full,provider_error,"HTTP 429: {
  ""Error Message"": ""Limit Reach . Please upgrade your plan or visit our documentation for more details at https://site.financialmodelingprep.com/""
}; Yahoo fallback error: HTTP Error 429: Too Many Requests"
2026-05-30,,Telecom & Streaming,T,fmp,sector_company,,,,,,Financial Modeling Prep stable historical-price-eod/full,provider_error,"HTTP 429: {
  ""Error Message"": ""Limit Reach . Please upgrade your plan or visit our documentation for more details at https://site.financialmodelingprep.com/""
}; Yahoo fallback error: HTTP Error 429: Too Many Requests"
2026-02-28,,Telecom & Streaming,TMUS,fmp,sector_company,,,,,,Financial Modeling Prep stable historical-price-eod/full,provider_error,"HTTP 429: {
  ""Error Message"": ""Limit Reach . Please upgrade your plan or visit our documentation for more details at https://site.financialmodelingprep.com/""
}; Yahoo fallback error: HTTP Error 429: Too Many Requests"
2026-03-10,,Telecom & Streaming,TMUS,fmp,sector_company,,,,,,Financial Modeling Prep stable historical-price-eod/full,provider_error,"HTTP 429: {
  ""Error Message"": ""Limit Reach . Please upgrade your plan or visit our documentation for more details at https://site.financialmodelingprep.com/""
}; Yahoo fallback error: HTTP Error 429: Too Many Requests"
2026-03-20,,Telecom & Streaming,TMUS,fmp,sector_company,,,,,,Financial Modeling Prep stable historical-price-eod/full,provider_error,"HTTP 429: {
  ""Error Message"": ""Limit Reach . Please upgrade your plan or visit our documentation for more details at https://site.financialmodelingprep.com/""
}; Yahoo fallback error: HTTP Error 429: Too Many Requests"
2026-03-30,,Telecom & Streaming,TMUS,fmp,sector_company,,,,,,Financial Modeling Prep stable historical-price-eod/full,provider_error,"HTTP 429: {
  ""Error Message"": ""Limit Reach . Please upgrade your plan or visit our documentation for more details at https://site.financialmodelingprep.com/""
}; Yahoo fallback error: HTTP Error 429: Too Many Requests"
2026-04-10,,Telecom & Streaming,TMUS,fmp,sector_company,,,,,,Financial Modeling Prep stable historical-price-eod/full,provider_error,"HTTP 429: {
  ""Error Message"": ""Limit Reach . Please upgrade your plan or visit our documentation for more details at https://site.financialmodelingprep.com/""
}; Yahoo fallback error: HTTP Error 429: Too Many Requests"
2026-04-20,,Telecom & Streaming,TMUS,fmp,sector_company,,,,,,Financial Modeling Prep stable historical-price-eod/full,provider_error,"HTTP 429: {
  ""Error Message"": ""Limit Reach . Please upgrade your plan or visit our documentation for more details at https://site.financialmodelingprep.com/""
}; Yahoo fallback error: HTTP Error 429: Too Many Requests"
2026-04-30,,Telecom & Streaming,TMUS,fmp,sector_company,,,,,,Financial Modeling Prep stable historical-price-eod/full,provider_error,"HTTP 429: {
  ""Error Message"": ""Limit Reach . Please upgrade your plan or visit our documentation for more details at https://site.financialmodelingprep.com/""
}; Yahoo fallback error: HTTP Error 429: Too Many Requests"
2026-05-10,,Telecom & Streaming,TMUS,fmp,sector_company,,,,,,Financial Modeling Prep stable historical-price-eod/full,provider_error,"HTTP 429: {
  ""Error Message"": ""Limit Reach . Please upgrade your plan or visit our documentation for more details at https://site.financialmodelingprep.com/""
}; Yahoo fallback error: HTTP Error 429: Too Many Requests"
2026-05-20,,Telecom & Streaming,TMUS,fmp,sector_company,,,,,,Financial Modeling Prep stable historical-price-eod/full,provider_error,"HTTP 429: {
  ""Error Message"": ""Limit Reach . Please upgrade your plan or visit our documentation for more details at https://site.financialmodelingprep.com/""
}; Yahoo fallback error: HTTP Error 429: Too Many Requests"
2026-05-30,,Telecom & Streaming,TMUS,fmp,sector_company,,,,,,Financial Modeling Prep stable historical-price-eod/full,provider_error,"HTTP 429: {
  ""Error Message"": ""Limit Reach . Please upgrade your plan or visit our documentation for more details at https://site.financialmodelingprep.com/""
}; Yahoo fallback error: HTTP Error 429: Too Many Requests"
2026-02-28,,Telecom & Streaming,VZ,fmp,sector_company,,,,,,Financial Modeling Prep stable historical-price-eod/full,provider_error,"HTTP 429: {
  ""Error Message"": ""Limit Reach . Please upgrade your plan or visit our documentation for more details at https://site.financialmodelingprep.com/""
}; Yahoo fallback error: HTTP Error 429: Too Many Requests"
2026-03-10,,Telecom & Streaming,VZ,fmp,sector_company,,,,,,Financial Modeling Prep stable historical-price-eod/full,provider_error,"HTTP 429: {
  ""Error Message"": ""Limit Reach . Please upgrade your plan or visit our documentation for more details at https://site.financialmodelingprep.com/""
}; Yahoo fallback error: HTTP Error 429: Too Many Requests"
2026-03-20,,Telecom & Streaming,VZ,fmp,sector_company,,,,,,Financial Modeling Prep stable historical-price-eod/full,provider_error,"HTTP 429: {
  ""Error Message"": ""Limit Reach . Please upgrade your plan or visit our documentation for more details at https://site.financialmodelingprep.com/""
}; Yahoo fallback error: HTTP Error 429: Too Many Requests"
2026-03-30,,Telecom & Streaming,VZ,fmp,sector_company,,,,,,Financial Modeling Prep stable historical-price-eod/full,provider_error,"HTTP 429: {
  ""Error Message"": ""Limit Reach . Please upgrade your plan or visit our documentation for more details at https://site.financialmodelingprep.com/""
}; Yahoo fallback error: HTTP Error 429: Too Many Requests"
2026-04-10,,Telecom & Streaming,VZ,fmp,sector_company,,,,,,Financial Modeling Prep stable historical-price-eod/full,provider_error,"HTTP 429: {
  ""Error Message"": ""Limit Reach . Please upgrade your plan or visit our documentation for more details at https://site.financialmodelingprep.com/""
}; Yahoo fallback error: HTTP Error 429: Too Many Requests"
2026-04-20,,Telecom & Streaming,VZ,fmp,sector_company,,,,,,Financial Modeling Prep stable historical-price-eod/full,provider_error,"HTTP 429: {
  ""Error Message"": ""Limit Reach . Please upgrade your plan or visit our documentation for more details at https://site.financialmodelingprep.com/""
}; Yahoo fallback error: HTTP Error 429: Too Many Requests"
2026-04-30,,Telecom & Streaming,VZ,fmp,sector_company,,,,,,Financial Modeling Prep stable historical-price-eod/full,provider_error,"HTTP 429: {
  ""Error Message"": ""Limit Reach . Please upgrade your plan or visit our documentation for more details at https://site.financialmodelingprep.com/""
}; Yahoo fallback error: HTTP Error 429: Too Many Requests"
2026-05-10,,Telecom & Streaming,VZ,fmp,sector_company,,,,,,Financial Modeling Prep stable historical-price-eod/full,provider_error,"HTTP 429: {
  ""Error Message"": ""Limit Reach . Please upgrade your plan or visit our documentation for more details at https://site.financialmodelingprep.com/""
}; Yahoo fallback error: HTTP Error 429: Too Many Requests"
2026-05-20,,Telecom & Streaming,VZ,fmp,sector_company,,,,,,Financial Modeling Prep stable historical-price-eod/full,provider_error,"HTTP 429: {
  ""Error Message"": ""Limit Reach . Please upgrade your plan or visit our documentation for more details at https://site.financialmodelingprep.com/""
}; Yahoo fallback error: HTTP Error 429: Too Many Requests"
2026-05-30,,Telecom & Streaming,VZ,fmp,sector_company,,,,,,Financial Modeling Prep stable historical-price-eod/full,provider_error,"HTTP 429: {
  ""Error Message"": ""Limit Reach . Please upgrade your plan or visit our documentation for more details at https://site.financialmodelingprep.com/""
}; Yahoo fallback error: HTTP Error 429: Too Many Requests"
2026-02-28,,Utilities,AEP,fmp,sector_company,,,,,,Financial Modeling Prep stable historical-price-eod/full,provider_error,"HTTP 429: {
  ""Error Message"": ""Limit Reach . Please upgrade your plan or visit our documentation for more details at https://site.financialmodelingprep.com/""
}; Yahoo fallback error: HTTP Error 429: Too Many Requests"
2026-03-10,,Utilities,AEP,fmp,sector_company,,,,,,Financial Modeling Prep stable historical-price-eod/full,provider_error,"HTTP 429: {
  ""Error Message"": ""Limit Reach . Please upgrade your plan or visit our documentation for more details at https://site.financialmodelingprep.com/""
}; Yahoo fallback error: HTTP Error 429: Too Many Requests"
2026-03-20,,Utilities,AEP,fmp,sector_company,,,,,,Financial Modeling Prep stable historical-price-eod/full,provider_error,"HTTP 429: {
  ""Error Message"": ""Limit Reach . Please upgrade your plan or visit our documentation for more details at https://site.financialmodelingprep.com/""
}; Yahoo fallback error: HTTP Error 429: Too Many Requests"
2026-03-30,,Utilities,AEP,fmp,sector_company,,,,,,Financial Modeling Prep stable historical-price-eod/full,provider_error,"HTTP 429: {
  ""Error Message"": ""Limit Reach . Please upgrade your plan or visit our documentation for more details at https://site.financialmodelingprep.com/""
}; Yahoo fallback error: HTTP Error 429: Too Many Requests"
2026-04-10,,Utilities,AEP,fmp,sector_company,,,,,,Financial Modeling Prep stable historical-price-eod/full,provider_error,"HTTP 429: {
  ""Error Message"": ""Limit Reach . Please upgrade your plan or visit our documentation for more details at https://site.financialmodelingprep.com/""
}; Yahoo fallback error: HTTP Error 429: Too Many Requests"
2026-04-20,,Utilities,AEP,fmp,sector_company,,,,,,Financial Modeling Prep stable historical-price-eod/full,provider_error,"HTTP 429: {
  ""Error Message"": ""Limit Reach . Please upgrade your plan or visit our documentation for more details at https://site.financialmodelingprep.com/""
}; Yahoo fallback error: HTTP Error 429: Too Many Requests"
2026-04-30,,Utilities,AEP,fmp,sector_company,,,,,,Financial Modeling Prep stable historical-price-eod/full,provider_error,"HTTP 429: {
  ""Error Message"": ""Limit Reach . Please upgrade your plan or visit our documentation for more details at https://site.financialmodelingprep.com/""
}; Yahoo fallback error: HTTP Error 429: Too Many Requests"
2026-05-10,,Utilities,AEP,fmp,sector_company,,,,,,Financial Modeling Prep stable historical-price-eod/full,provider_error,"HTTP 429: {
  ""Error Message"": ""Limit Reach . Please upgrade your plan or visit our documentation for more details at https://site.financialmodelingprep.com/""
}; Yahoo fallback error: HTTP Error 429: Too Many Requests"
2026-05-20,,Utilities,AEP,fmp,sector_company,,,,,,Financial Modeling Prep stable historical-price-eod/full,provider_error,"HTTP 429: {
  ""Error Message"": ""Limit Reach . Please upgrade your plan or visit our documentation for more details at https://site.financialmodelingprep.com/""
}; Yahoo fallback error: HTTP Error 429: Too Many Requests"
2026-05-30,,Utilities,AEP,fmp,sector_company,,,,,,Financial Modeling Prep stable historical-price-eod/full,provider_error,"HTTP 429: {
  ""Error Message"": ""Limit Reach . Please upgrade your plan or visit our documentation for more details at https://site.financialmodelingprep.com/""
}; Yahoo fallback error: HTTP Error 429: Too Many Requests"
2026-02-28,,Utilities,D,fmp,sector_company,,,,,,Financial Modeling Prep stable historical-price-eod/full,provider_error,"HTTP 429: {
  ""Error Message"": ""Limit Reach . Please upgrade your plan or visit our documentation for more details at https://site.financialmodelingprep.com/""
}; Yahoo fallback error: HTTP Error 429: Too Many Requests"
2026-03-10,,Utilities,D,fmp,sector_company,,,,,,Financial Modeling Prep stable historical-price-eod/full,provider_error,"HTTP 429: {
  ""Error Message"": ""Limit Reach . Please upgrade your plan or visit our documentation for more details at https://site.financialmodelingprep.com/""
}; Yahoo fallback error: HTTP Error 429: Too Many Requests"
2026-03-20,,Utilities,D,fmp,sector_company,,,,,,Financial Modeling Prep stable historical-price-eod/full,provider_error,"HTTP 429: {
  ""Error Message"": ""Limit Reach . Please upgrade your plan or visit our documentation for more details at https://site.financialmodelingprep.com/""
}; Yahoo fallback error: HTTP Error 429: Too Many Requests"
2026-03-30,,Utilities,D,fmp,sector_company,,,,,,Financial Modeling Prep stable historical-price-eod/full,provider_error,"HTTP 429: {
  ""Error Message"": ""Limit Reach . Please upgrade your plan or visit our documentation for more details at https://site.financialmodelingprep.com/""
}; Yahoo fallback error: HTTP Error 429: Too Many Requests"
2026-04-10,,Utilities,D,fmp,sector_company,,,,,,Financial Modeling Prep stable historical-price-eod/full,provider_error,"HTTP 429: {
  ""Error Message"": ""Limit Reach . Please upgrade your plan or visit our documentation for more details at https://site.financialmodelingprep.com/""
}; Yahoo fallback error: HTTP Error 429: Too Many Requests"
2026-04-20,,Utilities,D,fmp,sector_company,,,,,,Financial Modeling Prep stable historical-price-eod/full,provider_error,"HTTP 429: {
  ""Error Message"": ""Limit Reach . Please upgrade your plan or visit our documentation for more details at https://site.financialmodelingprep.com/""
}; Yahoo fallback error: HTTP Error 429: Too Many Requests"
2026-04-30,,Utilities,D,fmp,sector_company,,,,,,Financial Modeling Prep stable historical-price-eod/full,provider_error,"HTTP 429: {
  ""Error Message"": ""Limit Reach . Please upgrade your plan or visit our documentation for more details at https://site.financialmodelingprep.com/""
}; Yahoo fallback error: HTTP Error 429: Too Many Requests"
2026-05-10,,Utilities,D,fmp,sector_company,,,,,,Financial Modeling Prep stable historical-price-eod/full,provider_error,"HTTP 429: {
  ""Error Message"": ""Limit Reach . Please upgrade your plan or visit our documentation for more details at https://site.financialmodelingprep.com/""
}; Yahoo fallback error: HTTP Error 429: Too Many Requests"
2026-05-20,,Utilities,D,fmp,sector_company,,,,,,Financial Modeling Prep stable historical-price-eod/full,provider_error,"HTTP 429: {
  ""Error Message"": ""Limit Reach . Please upgrade your plan or visit our documentation for more details at https://site.financialmodelingprep.com/""
}; Yahoo fallback error: HTTP Error 429: Too Many Requests"
2026-05-30,,Utilities,D,fmp,sector_company,,,,,,Financial Modeling Prep stable historical-price-eod/full,provider_error,"HTTP 429: {
  ""Error Message"": ""Limit Reach . Please upgrade your plan or visit our documentation for more details at https://site.financialmodelingprep.com/""
}; Yahoo fallback error: HTTP Error 429: Too Many Requests"
2026-02-28,,Utilities,DUK,fmp,sector_company,,,,,,Financial Modeling Prep stable historical-price-eod/full,provider_error,"HTTP 429: {
  ""Error Message"": ""Limit Reach . Please upgrade your plan or visit our documentation for more details at https://site.financialmodelingprep.com/""
}; Yahoo fallback error: HTTP Error 429: Too Many Requests"
2026-03-10,,Utilities,DUK,fmp,sector_company,,,,,,Financial Modeling Prep stable historical-price-eod/full,provider_error,"HTTP 429: {
  ""Error Message"": ""Limit Reach . Please upgrade your plan or visit our documentation for more details at https://site.financialmodelingprep.com/""
}; Yahoo fallback error: HTTP Error 429: Too Many Requests"
2026-03-20,,Utilities,DUK,fmp,sector_company,,,,,,Financial Modeling Prep stable historical-price-eod/full,provider_error,"HTTP 429: {
  ""Error Message"": ""Limit Reach . Please upgrade your plan or visit our documentation for more details at https://site.financialmodelingprep.com/""
}; Yahoo fallback error: HTTP Error 429: Too Many Requests"
2026-03-30,,Utilities,DUK,fmp,sector_company,,,,,,Financial Modeling Prep stable historical-price-eod/full,provider_error,"HTTP 429: {
  ""Error Message"": ""Limit Reach . Please upgrade your plan or visit our documentation for more details at https://site.financialmodelingprep.com/""
}; Yahoo fallback error: HTTP Error 429: Too Many Requests"
2026-04-10,,Utilities,DUK,fmp,sector_company,,,,,,Financial Modeling Prep stable historical-price-eod/full,provider_error,"HTTP 429: {
  ""Error Message"": ""Limit Reach . Please upgrade your plan or visit our documentation for more details at https://site.financialmodelingprep.com/""
}; Yahoo fallback error: HTTP Error 429: Too Many Requests"
2026-04-20,,Utilities,DUK,fmp,sector_company,,,,,,Financial Modeling Prep stable historical-price-eod/full,provider_error,"HTTP 429: {
  ""Error Message"": ""Limit Reach . Please upgrade your plan or visit our documentation for more details at https://site.financialmodelingprep.com/""
}; Yahoo fallback error: HTTP Error 429: Too Many Requests"
2026-04-30,,Utilities,DUK,fmp,sector_company,,,,,,Financial Modeling Prep stable historical-price-eod/full,provider_error,"HTTP 429: {
  ""Error Message"": ""Limit Reach . Please upgrade your plan or visit our documentation for more details at https://site.financialmodelingprep.com/""
}; Yahoo fallback error: HTTP Error 429: Too Many Requests"
2026-05-10,,Utilities,DUK,fmp,sector_company,,,,,,Financial Modeling Prep stable historical-price-eod/full,provider_error,"HTTP 429: {
  ""Error Message"": ""Limit Reach . Please upgrade your plan or visit our documentation for more details at https://site.financialmodelingprep.com/""
}; Yahoo fallback error: HTTP Error 429: Too Many Requests"
2026-05-20,,Utilities,DUK,fmp,sector_company,,,,,,Financial Modeling Prep stable historical-price-eod/full,provider_error,"HTTP 429: {
  ""Error Message"": ""Limit Reach . Please upgrade your plan or visit our documentation for more details at https://site.financialmodelingprep.com/""
}; Yahoo fallback error: HTTP Error 429: Too Many Requests"
2026-05-30,,Utilities,DUK,fmp,sector_company,,,,,,Financial Modeling Prep stable historical-price-eod/full,provider_error,"HTTP 429: {
  ""Error Message"": ""Limit Reach . Please upgrade your plan or visit our documentation for more details at https://site.financialmodelingprep.com/""
}; Yahoo fallback error: HTTP Error 429: Too Many Requests"
2026-02-28,,Utilities,NEE,fmp,sector_company,,,,,,Financial Modeling Prep stable historical-price-eod/full,provider_error,"HTTP 429: {
  ""Error Message"": ""Limit Reach . Please upgrade your plan or visit our documentation for more details at https://site.financialmodelingprep.com/""
}; Yahoo fallback error: HTTP Error 429: Too Many Requests"
2026-03-10,,Utilities,NEE,fmp,sector_company,,,,,,Financial Modeling Prep stable historical-price-eod/full,provider_error,"HTTP 429: {
  ""Error Message"": ""Limit Reach . Please upgrade your plan or visit our documentation for more details at https://site.financialmodelingprep.com/""
}; Yahoo fallback error: HTTP Error 429: Too Many Requests"
2026-03-20,,Utilities,NEE,fmp,sector_company,,,,,,Financial Modeling Prep stable historical-price-eod/full,provider_error,"HTTP 429: {
  ""Error Message"": ""Limit Reach . Please upgrade your plan or visit our documentation for more details at https://site.financialmodelingprep.com/""
}; Yahoo fallback error: HTTP Error 429: Too Many Requests"
2026-03-30,,Utilities,NEE,fmp,sector_company,,,,,,Financial Modeling Prep stable historical-price-eod/full,provider_error,"HTTP 429: {
  ""Error Message"": ""Limit Reach . Please upgrade your plan or visit our documentation for more details at https://site.financialmodelingprep.com/""
}; Yahoo fallback error: HTTP Error 429: Too Many Requests"
2026-04-10,,Utilities,NEE,fmp,sector_company,,,,,,Financial Modeling Prep stable historical-price-eod/full,provider_error,"HTTP 429: {
  ""Error Message"": ""Limit Reach . Please upgrade your plan or visit our documentation for more details at https://site.financialmodelingprep.com/""
}; Yahoo fallback error: HTTP Error 429: Too Many Requests"
2026-04-20,,Utilities,NEE,fmp,sector_company,,,,,,Financial Modeling Prep stable historical-price-eod/full,provider_error,"HTTP 429: {
  ""Error Message"": ""Limit Reach . Please upgrade your plan or visit our documentation for more details at https://site.financialmodelingprep.com/""
}; Yahoo fallback error: HTTP Error 429: Too Many Requests"
2026-04-30,,Utilities,NEE,fmp,sector_company,,,,,,Financial Modeling Prep stable historical-price-eod/full,provider_error,"HTTP 429: {
  ""Error Message"": ""Limit Reach . Please upgrade your plan or visit our documentation for more details at https://site.financialmodelingprep.com/""
}; Yahoo fallback error: HTTP Error 429: Too Many Requests"
2026-05-10,,Utilities,NEE,fmp,sector_company,,,,,,Financial Modeling Prep stable historical-price-eod/full,provider_error,"HTTP 429: {
  ""Error Message"": ""Limit Reach . Please upgrade your plan or visit our documentation for more details at https://site.financialmodelingprep.com/""
}; Yahoo fallback error: HTTP Error 429: Too Many Requests"
2026-05-20,,Utilities,NEE,fmp,sector_company,,,,,,Financial Modeling Prep stable historical-price-eod/full,provider_error,"HTTP 429: {
  ""Error Message"": ""Limit Reach . Please upgrade your plan or visit our documentation for more details at https://site.financialmodelingprep.com/""
}; Yahoo fallback error: HTTP Error 429: Too Many Requests"
2026-05-30,,Utilities,NEE,fmp,sector_company,,,,,,Financial Modeling Prep stable historical-price-eod/full,provider_error,"HTTP 429: {
  ""Error Message"": ""Limit Reach . Please upgrade your plan or visit our documentation for more details at https://site.financialmodelingprep.com/""
}; Yahoo fallback error: HTTP Error 429: Too Many Requests"
2026-02-28,,Utilities,SO,fmp,sector_company,,,,,,Financial Modeling Prep stable historical-price-eod/full,provider_error,"HTTP 429: {
  ""Error Message"": ""Limit Reach . Please upgrade your plan or visit our documentation for more details at https://site.financialmodelingprep.com/""
}; Yahoo fallback error: HTTP Error 429: Too Many Requests"
2026-03-10,,Utilities,SO,fmp,sector_company,,,,,,Financial Modeling Prep stable historical-price-eod/full,provider_error,"HTTP 429: {
  ""Error Message"": ""Limit Reach . Please upgrade your plan or visit our documentation for more details at https://site.financialmodelingprep.com/""
}; Yahoo fallback error: HTTP Error 429: Too Many Requests"
2026-03-20,,Utilities,SO,fmp,sector_company,,,,,,Financial Modeling Prep stable historical-price-eod/full,provider_error,"HTTP 429: {
  ""Error Message"": ""Limit Reach . Please upgrade your plan or visit our documentation for more details at https://site.financialmodelingprep.com/""
}; Yahoo fallback error: HTTP Error 429: Too Many Requests"
2026-03-30,,Utilities,SO,fmp,sector_company,,,,,,Financial Modeling Prep stable historical-price-eod/full,provider_error,"HTTP 429: {
  ""Error Message"": ""Limit Reach . Please upgrade your plan or visit our documentation for more details at https://site.financialmodelingprep.com/""
}; Yahoo fallback error: HTTP Error 429: Too Many Requests"
2026-04-10,,Utilities,SO,fmp,sector_company,,,,,,Financial Modeling Prep stable historical-price-eod/full,provider_error,"HTTP 429: {
  ""Error Message"": ""Limit Reach . Please upgrade your plan or visit our documentation for more details at https://site.financialmodelingprep.com/""
}; Yahoo fallback error: HTTP Error 429: Too Many Requests"
2026-04-20,,Utilities,SO,fmp,sector_company,,,,,,Financial Modeling Prep stable historical-price-eod/full,provider_error,"HTTP 429: {
  ""Error Message"": ""Limit Reach . Please upgrade your plan or visit our documentation for more details at https://site.financialmodelingprep.com/""
}; Yahoo fallback error: HTTP Error 429: Too Many Requests"
2026-04-30,,Utilities,SO,fmp,sector_company,,,,,,Financial Modeling Prep stable historical-price-eod/full,provider_error,"HTTP 429: {
  ""Error Message"": ""Limit Reach . Please upgrade your plan or visit our documentation for more details at https://site.financialmodelingprep.com/""
}; Yahoo fallback error: HTTP Error 429: Too Many Requests"
2026-05-10,,Utilities,SO,fmp,sector_company,,,,,,Financial Modeling Prep stable historical-price-eod/full,provider_error,"HTTP 429: {
  ""Error Message"": ""Limit Reach . Please upgrade your plan or visit our documentation for more details at https://site.financialmodelingprep.com/""
}; Yahoo fallback error: HTTP Error 429: Too Many Requests"
2026-05-20,,Utilities,SO,fmp,sector_company,,,,,,Financial Modeling Prep stable historical-price-eod/full,provider_error,"HTTP 429: {
  ""Error Message"": ""Limit Reach . Please upgrade your plan or visit our documentation for more details at https://site.financialmodelingprep.com/""
}; Yahoo fallback error: HTTP Error 429: Too Many Requests"
2026-05-30,,Utilities,SO,fmp,sector_company,,,,,,Financial Modeling Prep stable historical-price-eod/full,provider_error,"HTTP 429: {
  ""Error Message"": ""Limit Reach . Please upgrade your plan or visit our documentation for more details at https://site.financialmodelingprep.com/""
}; Yahoo fallback error: HTTP Error 429: Too Many Requests"
