snapshot_date,sector,slug,metric,value,n_companies,status,source_file,archived_at
2025-09-10,Agriculture & Chemicals,agriculture_chemicals,pe,35.37485,6,ok,fyn_agriculture_chemicals_current_20250910_summary.csv,2026-06-07T06:14:41
2025-09-10,Agriculture & Chemicals,agriculture_chemicals,ps,4.3577,6,ok,fyn_agriculture_chemicals_current_20250910_summary.csv,2026-06-07T06:14:41
2025-09-10,Agriculture & Chemicals,agriculture_chemicals,pb,4.9365,6,ok,fyn_agriculture_chemicals_current_20250910_summary.csv,2026-06-07T06:14:41
2025-09-10,Agriculture & Chemicals,agriculture_chemicals,ev_ebitda,18.747,3,ok,fyn_agriculture_chemicals_current_20250910_summary.csv,2026-06-07T06:14:41
2025-09-10,Agriculture & Chemicals,agriculture_chemicals,fcf_yield,0.022869,5,ok,fyn_agriculture_chemicals_current_20250910_summary.csv,2026-06-07T06:14:41
2025-09-10,Agriculture & Chemicals,agriculture_chemicals,net_margin,0.11945,6,ok,fyn_agriculture_chemicals_current_20250910_summary.csv,2026-06-07T06:14:41
2025-09-10,Agriculture & Chemicals,agriculture_chemicals,gross_margin,0.4421,2,ok,fyn_agriculture_chemicals_current_20250910_summary.csv,2026-06-07T06:14:41
2025-09-10,Agriculture & Chemicals,agriculture_chemicals,revenue_growth_yoy,0.00865,6,ok,fyn_agriculture_chemicals_current_20250910_summary.csv,2026-06-07T06:14:41
2025-09-10,Agriculture & Chemicals,agriculture_chemicals,earnings_growth_yoy,0.0311,6,ok,fyn_agriculture_chemicals_current_20250910_summary.csv,2026-06-07T06:14:41
2025-10-10,Agriculture & Chemicals,agriculture_chemicals,pe,34.3663,6,ok,fyn_agriculture_chemicals_current_20251010_summary.csv,2026-06-07T06:14:41
2025-10-10,Agriculture & Chemicals,agriculture_chemicals,ps,4.17015,6,ok,fyn_agriculture_chemicals_current_20251010_summary.csv,2026-06-07T06:14:41
2025-10-10,Agriculture & Chemicals,agriculture_chemicals,pb,4.6037,6,ok,fyn_agriculture_chemicals_current_20251010_summary.csv,2026-06-07T06:14:41
2025-10-10,Agriculture & Chemicals,agriculture_chemicals,ev_ebitda,17.9214,3,ok,fyn_agriculture_chemicals_current_20251010_summary.csv,2026-06-07T06:14:41
2025-10-10,Agriculture & Chemicals,agriculture_chemicals,fcf_yield,0.02382,5,ok,fyn_agriculture_chemicals_current_20251010_summary.csv,2026-06-07T06:14:41
2025-10-10,Agriculture & Chemicals,agriculture_chemicals,net_margin,0.11945,6,ok,fyn_agriculture_chemicals_current_20251010_summary.csv,2026-06-07T06:14:41
2025-10-10,Agriculture & Chemicals,agriculture_chemicals,gross_margin,0.4421,2,ok,fyn_agriculture_chemicals_current_20251010_summary.csv,2026-06-07T06:14:41
2025-10-10,Agriculture & Chemicals,agriculture_chemicals,revenue_growth_yoy,0.00865,6,ok,fyn_agriculture_chemicals_current_20251010_summary.csv,2026-06-07T06:14:41
2025-10-10,Agriculture & Chemicals,agriculture_chemicals,earnings_growth_yoy,0.0311,6,ok,fyn_agriculture_chemicals_current_20251010_summary.csv,2026-06-07T06:14:41
2025-11-10,Agriculture & Chemicals,agriculture_chemicals,pe,33.0181,5,ok,fyn_agriculture_chemicals_current_20251110_summary.csv,2026-06-07T06:14:41
2025-11-10,Agriculture & Chemicals,agriculture_chemicals,ps,4.1285,6,ok,fyn_agriculture_chemicals_current_20251110_summary.csv,2026-06-07T06:14:41
2025-11-10,Agriculture & Chemicals,agriculture_chemicals,pb,4.39425,6,ok,fyn_agriculture_chemicals_current_20251110_summary.csv,2026-06-07T06:14:41
2025-11-10,Agriculture & Chemicals,agriculture_chemicals,ev_ebitda,18.0195,3,ok,fyn_agriculture_chemicals_current_20251110_summary.csv,2026-06-07T06:14:41
2025-11-10,Agriculture & Chemicals,agriculture_chemicals,fcf_yield,0.027207,4,ok,fyn_agriculture_chemicals_current_20251110_summary.csv,2026-06-07T06:14:41
2025-11-10,Agriculture & Chemicals,agriculture_chemicals,net_margin,0.1177,6,ok,fyn_agriculture_chemicals_current_20251110_summary.csv,2026-06-07T06:14:41
2025-11-10,Agriculture & Chemicals,agriculture_chemicals,gross_margin,0.43515,2,ok,fyn_agriculture_chemicals_current_20251110_summary.csv,2026-06-07T06:14:41
2025-11-10,Agriculture & Chemicals,agriculture_chemicals,revenue_growth_yoy,0.0117,6,ok,fyn_agriculture_chemicals_current_20251110_summary.csv,2026-06-07T06:14:41
2025-11-10,Agriculture & Chemicals,agriculture_chemicals,earnings_growth_yoy,-0.0119,6,ok,fyn_agriculture_chemicals_current_20251110_summary.csv,2026-06-07T06:14:41
2025-12-10,Agriculture & Chemicals,agriculture_chemicals,pe,29.3775,4,ok,fyn_agriculture_chemicals_current_20251210_summary.csv,2026-06-07T06:14:41
2025-12-10,Agriculture & Chemicals,agriculture_chemicals,ps,3.92605,6,ok,fyn_agriculture_chemicals_current_20251210_summary.csv,2026-06-07T06:14:41
2025-12-10,Agriculture & Chemicals,agriculture_chemicals,pb,4.12755,6,ok,fyn_agriculture_chemicals_current_20251210_summary.csv,2026-06-07T06:14:41
2025-12-10,Agriculture & Chemicals,agriculture_chemicals,ev_ebitda,23.2194,3,ok,fyn_agriculture_chemicals_current_20251210_summary.csv,2026-06-07T06:14:41
2025-12-10,Agriculture & Chemicals,agriculture_chemicals,fcf_yield,0.028841,4,ok,fyn_agriculture_chemicals_current_20251210_summary.csv,2026-06-07T06:14:41
2025-12-10,Agriculture & Chemicals,agriculture_chemicals,net_margin,0.10135,6,ok,fyn_agriculture_chemicals_current_20251210_summary.csv,2026-06-07T06:14:41
2025-12-10,Agriculture & Chemicals,agriculture_chemicals,gross_margin,0.43515,2,ok,fyn_agriculture_chemicals_current_20251210_summary.csv,2026-06-07T06:14:41
2025-12-10,Agriculture & Chemicals,agriculture_chemicals,revenue_growth_yoy,0.0117,6,ok,fyn_agriculture_chemicals_current_20251210_summary.csv,2026-06-07T06:14:41
2025-12-10,Agriculture & Chemicals,agriculture_chemicals,earnings_growth_yoy,-0.0119,6,ok,fyn_agriculture_chemicals_current_20251210_summary.csv,2026-06-07T06:14:41
2026-01-10,Agriculture & Chemicals,agriculture_chemicals,pe,31.64355,4,ok,fyn_agriculture_chemicals_current_20260110_summary.csv,2026-06-07T06:14:41
2026-01-10,Agriculture & Chemicals,agriculture_chemicals,ps,4.303,6,ok,fyn_agriculture_chemicals_current_20260110_summary.csv,2026-06-07T06:14:41
2026-01-10,Agriculture & Chemicals,agriculture_chemicals,pb,4.6384,6,ok,fyn_agriculture_chemicals_current_20260110_summary.csv,2026-06-07T06:14:41
2026-01-10,Agriculture & Chemicals,agriculture_chemicals,ev_ebitda,24.2238,3,ok,fyn_agriculture_chemicals_current_20260110_summary.csv,2026-06-07T06:14:41
2026-01-10,Agriculture & Chemicals,agriculture_chemicals,fcf_yield,0.026093,4,ok,fyn_agriculture_chemicals_current_20260110_summary.csv,2026-06-07T06:14:41
2026-01-10,Agriculture & Chemicals,agriculture_chemicals,net_margin,0.10135,6,ok,fyn_agriculture_chemicals_current_20260110_summary.csv,2026-06-07T06:14:41
2026-01-10,Agriculture & Chemicals,agriculture_chemicals,gross_margin,0.43515,2,ok,fyn_agriculture_chemicals_current_20260110_summary.csv,2026-06-07T06:14:41
2026-01-10,Agriculture & Chemicals,agriculture_chemicals,revenue_growth_yoy,0.0117,6,ok,fyn_agriculture_chemicals_current_20260110_summary.csv,2026-06-07T06:14:41
2026-01-10,Agriculture & Chemicals,agriculture_chemicals,earnings_growth_yoy,-0.0119,6,ok,fyn_agriculture_chemicals_current_20260110_summary.csv,2026-06-07T06:14:41
2026-02-10,Agriculture & Chemicals,agriculture_chemicals,pe,33.1399,4,ok,fyn_agriculture_chemicals_current_20260210_summary.csv,2026-06-07T06:14:41
2026-02-10,Agriculture & Chemicals,agriculture_chemicals,ps,4.5934,6,ok,fyn_agriculture_chemicals_current_20260210_summary.csv,2026-06-07T06:14:41
2026-02-10,Agriculture & Chemicals,agriculture_chemicals,pb,4.8847,6,ok,fyn_agriculture_chemicals_current_20260210_summary.csv,2026-06-07T06:14:41
2026-02-10,Agriculture & Chemicals,agriculture_chemicals,ev_ebitda,24.7388,3,ok,fyn_agriculture_chemicals_current_20260210_summary.csv,2026-06-07T06:14:41
2026-02-10,Agriculture & Chemicals,agriculture_chemicals,fcf_yield,0.025224,4,ok,fyn_agriculture_chemicals_current_20260210_summary.csv,2026-06-07T06:14:41
2026-02-10,Agriculture & Chemicals,agriculture_chemicals,net_margin,0.10135,6,ok,fyn_agriculture_chemicals_current_20260210_summary.csv,2026-06-07T06:14:41
2026-02-10,Agriculture & Chemicals,agriculture_chemicals,gross_margin,0.43515,2,ok,fyn_agriculture_chemicals_current_20260210_summary.csv,2026-06-07T06:14:41
2026-02-10,Agriculture & Chemicals,agriculture_chemicals,revenue_growth_yoy,0.0141,6,ok,fyn_agriculture_chemicals_current_20260210_summary.csv,2026-06-07T06:14:41
2026-02-10,Agriculture & Chemicals,agriculture_chemicals,earnings_growth_yoy,-0.0119,6,ok,fyn_agriculture_chemicals_current_20260210_summary.csv,2026-06-07T06:14:41
2026-03-10,Agriculture & Chemicals,agriculture_chemicals,pe,35.1669,4,ok,fyn_agriculture_chemicals_current_20260310_summary.csv,2026-06-07T06:14:41
2026-03-10,Agriculture & Chemicals,agriculture_chemicals,ps,4.2029,6,ok,fyn_agriculture_chemicals_current_20260310_summary.csv,2026-06-07T06:14:41
2026-03-10,Agriculture & Chemicals,agriculture_chemicals,pb,4.88285,6,ok,fyn_agriculture_chemicals_current_20260310_summary.csv,2026-06-07T06:14:41
2026-03-10,Agriculture & Chemicals,agriculture_chemicals,ev_ebitda,47.8557,2,ok,fyn_agriculture_chemicals_current_20260310_summary.csv,2026-06-07T06:14:41
2026-03-10,Agriculture & Chemicals,agriculture_chemicals,fcf_yield,0.028214,4,ok,fyn_agriculture_chemicals_current_20260310_summary.csv,2026-06-07T06:14:41
2026-03-10,Agriculture & Chemicals,agriculture_chemicals,net_margin,0.0861,6,ok,fyn_agriculture_chemicals_current_20260310_summary.csv,2026-06-07T06:14:41
2026-03-10,Agriculture & Chemicals,agriculture_chemicals,gross_margin,0.42925,2,ok,fyn_agriculture_chemicals_current_20260310_summary.csv,2026-06-07T06:14:41
2026-03-10,Agriculture & Chemicals,agriculture_chemicals,revenue_growth_yoy,0.0211,6,ok,fyn_agriculture_chemicals_current_20260310_summary.csv,2026-06-07T06:14:41
2026-03-10,Agriculture & Chemicals,agriculture_chemicals,earnings_growth_yoy,-0.02975,6,ok,fyn_agriculture_chemicals_current_20260310_summary.csv,2026-06-07T06:14:41
2026-04-10,Agriculture & Chemicals,agriculture_chemicals,pe,35.46345,4,ok,fyn_agriculture_chemicals_current_20260410_summary.csv,2026-06-07T06:14:41
2026-04-10,Agriculture & Chemicals,agriculture_chemicals,ps,4.16225,6,ok,fyn_agriculture_chemicals_current_20260410_summary.csv,2026-06-07T06:14:41
2026-04-10,Agriculture & Chemicals,agriculture_chemicals,pb,5.206,6,ok,fyn_agriculture_chemicals_current_20260410_summary.csv,2026-06-07T06:14:41
2026-04-10,Agriculture & Chemicals,agriculture_chemicals,ev_ebitda,51.6745,2,ok,fyn_agriculture_chemicals_current_20260410_summary.csv,2026-06-07T06:14:41
2026-04-10,Agriculture & Chemicals,agriculture_chemicals,fcf_yield,0.028291,4,ok,fyn_agriculture_chemicals_current_20260410_summary.csv,2026-06-07T06:14:41
2026-04-10,Agriculture & Chemicals,agriculture_chemicals,net_margin,0.0861,6,ok,fyn_agriculture_chemicals_current_20260410_summary.csv,2026-06-07T06:14:41
2026-04-10,Agriculture & Chemicals,agriculture_chemicals,gross_margin,0.42925,2,ok,fyn_agriculture_chemicals_current_20260410_summary.csv,2026-06-07T06:14:41
2026-04-10,Agriculture & Chemicals,agriculture_chemicals,revenue_growth_yoy,0.0211,6,ok,fyn_agriculture_chemicals_current_20260410_summary.csv,2026-06-07T06:14:41
2026-04-10,Agriculture & Chemicals,agriculture_chemicals,earnings_growth_yoy,-0.02975,6,ok,fyn_agriculture_chemicals_current_20260410_summary.csv,2026-06-07T06:14:41
2026-05-10,Agriculture & Chemicals,agriculture_chemicals,pe,32.2134,5,ok,fyn_agriculture_chemicals_current_20260510_summary.csv,2026-06-07T06:14:41
2026-05-10,Agriculture & Chemicals,agriculture_chemicals,ps,3.8067,6,ok,fyn_agriculture_chemicals_current_20260510_summary.csv,2026-06-07T06:14:41
2026-05-10,Agriculture & Chemicals,agriculture_chemicals,pb,5.05945,6,ok,fyn_agriculture_chemicals_current_20260510_summary.csv,2026-06-07T06:14:41
2026-05-10,Agriculture & Chemicals,agriculture_chemicals,ev_ebitda,17.80965,2,ok,fyn_agriculture_chemicals_current_20260510_summary.csv,2026-06-07T06:14:41
2026-05-10,Agriculture & Chemicals,agriculture_chemicals,fcf_yield,0.03166,4,ok,fyn_agriculture_chemicals_current_20260510_summary.csv,2026-06-07T06:14:41
2026-05-10,Agriculture & Chemicals,agriculture_chemicals,net_margin,0.1183,6,ok,fyn_agriculture_chemicals_current_20260510_summary.csv,2026-06-07T06:14:41
2026-05-10,Agriculture & Chemicals,agriculture_chemicals,gross_margin,0.42175,2,ok,fyn_agriculture_chemicals_current_20260510_summary.csv,2026-06-07T06:14:41
2026-05-10,Agriculture & Chemicals,agriculture_chemicals,revenue_growth_yoy,0.044,6,ok,fyn_agriculture_chemicals_current_20260510_summary.csv,2026-06-07T06:14:41
2026-05-10,Agriculture & Chemicals,agriculture_chemicals,earnings_growth_yoy,0.0099,6,ok,fyn_agriculture_chemicals_current_20260510_summary.csv,2026-06-07T06:14:41
2026-06-06,Agriculture & Chemicals,agriculture_chemicals,pe,33.1763,5,ok,fyn_agriculture_chemicals_current_summary.csv,2026-06-07T06:14:41
2026-06-06,Agriculture & Chemicals,agriculture_chemicals,ps,3.7794,6,ok,fyn_agriculture_chemicals_current_summary.csv,2026-06-07T06:14:41
2026-06-06,Agriculture & Chemicals,agriculture_chemicals,pb,5.0549,6,ok,fyn_agriculture_chemicals_current_summary.csv,2026-06-07T06:14:41
2026-06-06,Agriculture & Chemicals,agriculture_chemicals,ev_ebitda,17.695,2,ok,fyn_agriculture_chemicals_current_summary.csv,2026-06-07T06:14:41
2026-06-06,Agriculture & Chemicals,agriculture_chemicals,fcf_yield,0.032171,4,ok,fyn_agriculture_chemicals_current_summary.csv,2026-06-07T06:14:41
2026-06-06,Agriculture & Chemicals,agriculture_chemicals,net_margin,0.1183,6,ok,fyn_agriculture_chemicals_current_summary.csv,2026-06-07T06:14:41
2026-06-06,Agriculture & Chemicals,agriculture_chemicals,gross_margin,0.42175,2,ok,fyn_agriculture_chemicals_current_summary.csv,2026-06-07T06:14:41
2026-06-06,Agriculture & Chemicals,agriculture_chemicals,revenue_growth_yoy,0.044,6,ok,fyn_agriculture_chemicals_current_summary.csv,2026-06-07T06:14:41
2026-06-06,Agriculture & Chemicals,agriculture_chemicals,earnings_growth_yoy,0.0099,6,ok,fyn_agriculture_chemicals_current_summary.csv,2026-06-07T06:14:41
2025-09-10,Banks,banks,pe,14.6182,5,ok,fyn_banks_current_20250910_summary.csv,2026-06-07T06:14:41
2025-09-10,Banks,banks,ps,2.85175,2,ok,fyn_banks_current_20250910_summary.csv,2026-06-07T06:14:41
2025-09-10,Banks,banks,pb,1.8773,5,ok,fyn_banks_current_20250910_summary.csv,2026-06-07T06:14:41
2025-09-10,Banks,banks,ev_ebitda,,0,missing,fyn_banks_current_20250910_summary.csv,2026-06-07T06:14:41
2025-09-10,Banks,banks,fcf_yield,,0,missing,fyn_banks_current_20250910_summary.csv,2026-06-07T06:14:41
2025-09-10,Banks,banks,net_margin,0.21955,2,ok,fyn_banks_current_20250910_summary.csv,2026-06-07T06:14:41
2025-09-10,Banks,banks,gross_margin,,0,missing,fyn_banks_current_20250910_summary.csv,2026-06-07T06:14:41
2025-09-10,Banks,banks,revenue_growth_yoy,0.0604,2,ok,fyn_banks_current_20250910_summary.csv,2026-06-07T06:14:41
2025-09-10,Banks,banks,earnings_growth_yoy,0.3844,5,ok,fyn_banks_current_20250910_summary.csv,2026-06-07T06:14:41
2025-10-10,Banks,banks,pe,14.6352,5,ok,fyn_banks_current_20251010_summary.csv,2026-06-07T06:14:41
2025-10-10,Banks,banks,ps,2.76345,2,ok,fyn_banks_current_20251010_summary.csv,2026-06-07T06:14:41
2025-10-10,Banks,banks,pb,1.8646,5,ok,fyn_banks_current_20251010_summary.csv,2026-06-07T06:14:41
2025-10-10,Banks,banks,ev_ebitda,,0,missing,fyn_banks_current_20251010_summary.csv,2026-06-07T06:14:41
2025-10-10,Banks,banks,fcf_yield,,0,missing,fyn_banks_current_20251010_summary.csv,2026-06-07T06:14:41
2025-10-10,Banks,banks,net_margin,0.21955,2,ok,fyn_banks_current_20251010_summary.csv,2026-06-07T06:14:41
2025-10-10,Banks,banks,gross_margin,,0,missing,fyn_banks_current_20251010_summary.csv,2026-06-07T06:14:41
2025-10-10,Banks,banks,revenue_growth_yoy,0.0604,2,ok,fyn_banks_current_20251010_summary.csv,2026-06-07T06:14:41
2025-10-10,Banks,banks,earnings_growth_yoy,0.3844,5,ok,fyn_banks_current_20251010_summary.csv,2026-06-07T06:14:41
2025-11-10,Banks,banks,pe,14.3433,5,ok,fyn_banks_current_20251110_summary.csv,2026-06-07T06:14:41
2025-11-10,Banks,banks,ps,2.88365,2,ok,fyn_banks_current_20251110_summary.csv,2026-06-07T06:14:41
2025-11-10,Banks,banks,pb,1.922,5,ok,fyn_banks_current_20251110_summary.csv,2026-06-07T06:14:41
2025-11-10,Banks,banks,ev_ebitda,,0,missing,fyn_banks_current_20251110_summary.csv,2026-06-07T06:14:41
2025-11-10,Banks,banks,fcf_yield,0.065951,1,ok,fyn_banks_current_20251110_summary.csv,2026-06-07T06:14:41
2025-11-10,Banks,banks,net_margin,0.2244,2,ok,fyn_banks_current_20251110_summary.csv,2026-06-07T06:14:41
2025-11-10,Banks,banks,gross_margin,,0,missing,fyn_banks_current_20251110_summary.csv,2026-06-07T06:14:41
2025-11-10,Banks,banks,revenue_growth_yoy,0.08605,2,ok,fyn_banks_current_20251110_summary.csv,2026-06-07T06:14:41
2025-11-10,Banks,banks,earnings_growth_yoy,0.3694,5,ok,fyn_banks_current_20251110_summary.csv,2026-06-07T06:14:41
2025-12-10,Banks,banks,pe,14.5482,5,ok,fyn_banks_current_20251210_summary.csv,2026-06-07T06:14:41
2025-12-10,Banks,banks,ps,3.00685,2,ok,fyn_banks_current_20251210_summary.csv,2026-06-07T06:14:41
2025-12-10,Banks,banks,pb,2.1439,5,ok,fyn_banks_current_20251210_summary.csv,2026-06-07T06:14:41
2025-12-10,Banks,banks,ev_ebitda,,0,missing,fyn_banks_current_20251210_summary.csv,2026-06-07T06:14:41
2025-12-10,Banks,banks,fcf_yield,0.059124,1,ok,fyn_banks_current_20251210_summary.csv,2026-06-07T06:14:41
2025-12-10,Banks,banks,net_margin,0.2244,2,ok,fyn_banks_current_20251210_summary.csv,2026-06-07T06:14:41
2025-12-10,Banks,banks,gross_margin,,0,missing,fyn_banks_current_20251210_summary.csv,2026-06-07T06:14:41
2025-12-10,Banks,banks,revenue_growth_yoy,0.08605,2,ok,fyn_banks_current_20251210_summary.csv,2026-06-07T06:14:41
2025-12-10,Banks,banks,earnings_growth_yoy,0.3694,5,ok,fyn_banks_current_20251210_summary.csv,2026-06-07T06:14:41
2026-01-10,Banks,banks,pe,15.4433,5,ok,fyn_banks_current_20260110_summary.csv,2026-06-07T06:14:41
2026-01-10,Banks,banks,ps,3.17445,2,ok,fyn_banks_current_20260110_summary.csv,2026-06-07T06:14:41
2026-01-10,Banks,banks,pb,2.2638,5,ok,fyn_banks_current_20260110_summary.csv,2026-06-07T06:14:41
2026-01-10,Banks,banks,ev_ebitda,,0,missing,fyn_banks_current_20260110_summary.csv,2026-06-07T06:14:41
2026-01-10,Banks,banks,fcf_yield,0.055993,1,ok,fyn_banks_current_20260110_summary.csv,2026-06-07T06:14:41
2026-01-10,Banks,banks,net_margin,0.2244,2,ok,fyn_banks_current_20260110_summary.csv,2026-06-07T06:14:41
2026-01-10,Banks,banks,gross_margin,,0,missing,fyn_banks_current_20260110_summary.csv,2026-06-07T06:14:41
2026-01-10,Banks,banks,revenue_growth_yoy,0.08605,2,ok,fyn_banks_current_20260110_summary.csv,2026-06-07T06:14:41
2026-01-10,Banks,banks,earnings_growth_yoy,0.3694,5,ok,fyn_banks_current_20260110_summary.csv,2026-06-07T06:14:41
2026-02-10,Banks,banks,pe,14.9314,5,ok,fyn_banks_current_20260210_summary.csv,2026-06-07T06:14:41
2026-02-10,Banks,banks,ps,3.16755,2,ok,fyn_banks_current_20260210_summary.csv,2026-06-07T06:14:41
2026-02-10,Banks,banks,pb,2.288,5,ok,fyn_banks_current_20260210_summary.csv,2026-06-07T06:14:41
2026-02-10,Banks,banks,ev_ebitda,,0,missing,fyn_banks_current_20260210_summary.csv,2026-06-07T06:14:41
2026-02-10,Banks,banks,fcf_yield,0.055402,1,ok,fyn_banks_current_20260210_summary.csv,2026-06-07T06:14:41
2026-02-10,Banks,banks,net_margin,0.2244,2,ok,fyn_banks_current_20260210_summary.csv,2026-06-07T06:14:41
2026-02-10,Banks,banks,gross_margin,,0,missing,fyn_banks_current_20260210_summary.csv,2026-06-07T06:14:41
2026-02-10,Banks,banks,revenue_growth_yoy,0.08605,2,ok,fyn_banks_current_20260210_summary.csv,2026-06-07T06:14:41
2026-02-10,Banks,banks,earnings_growth_yoy,0.3694,5,ok,fyn_banks_current_20260210_summary.csv,2026-06-07T06:14:41
2026-03-10,Banks,banks,pe,13.6502,5,ok,fyn_banks_current_20260310_summary.csv,2026-06-07T06:14:41
2026-03-10,Banks,banks,ps,2.65905,2,ok,fyn_banks_current_20260310_summary.csv,2026-06-07T06:14:41
2026-03-10,Banks,banks,pb,1.9799,5,ok,fyn_banks_current_20260310_summary.csv,2026-06-07T06:14:41
2026-03-10,Banks,banks,ev_ebitda,,0,missing,fyn_banks_current_20260310_summary.csv,2026-06-07T06:14:41
2026-03-10,Banks,banks,fcf_yield,,0,missing,fyn_banks_current_20260310_summary.csv,2026-06-07T06:14:41
2026-03-10,Banks,banks,net_margin,0.21885,2,ok,fyn_banks_current_20260310_summary.csv,2026-06-07T06:14:41
2026-03-10,Banks,banks,gross_margin,,0,missing,fyn_banks_current_20260310_summary.csv,2026-06-07T06:14:41
2026-03-10,Banks,banks,revenue_growth_yoy,0.0621,2,ok,fyn_banks_current_20260310_summary.csv,2026-06-07T06:14:41
2026-03-10,Banks,banks,earnings_growth_yoy,0.1311,5,ok,fyn_banks_current_20260310_summary.csv,2026-06-07T06:14:41
2026-04-10,Banks,banks,pe,15.2102,5,ok,fyn_banks_current_20260410_summary.csv,2026-06-07T06:14:41
2026-04-10,Banks,banks,ps,2.9436,2,ok,fyn_banks_current_20260410_summary.csv,2026-06-07T06:14:41
2026-04-10,Banks,banks,pb,2.1556,5,ok,fyn_banks_current_20260410_summary.csv,2026-06-07T06:14:41
2026-04-10,Banks,banks,ev_ebitda,,0,missing,fyn_banks_current_20260410_summary.csv,2026-06-07T06:14:41
2026-04-10,Banks,banks,fcf_yield,,0,missing,fyn_banks_current_20260410_summary.csv,2026-06-07T06:14:41
2026-04-10,Banks,banks,net_margin,0.21885,2,ok,fyn_banks_current_20260410_summary.csv,2026-06-07T06:14:41
2026-04-10,Banks,banks,gross_margin,,0,missing,fyn_banks_current_20260410_summary.csv,2026-06-07T06:14:41
2026-04-10,Banks,banks,revenue_growth_yoy,0.0621,2,ok,fyn_banks_current_20260410_summary.csv,2026-06-07T06:14:41
2026-04-10,Banks,banks,earnings_growth_yoy,0.1311,5,ok,fyn_banks_current_20260410_summary.csv,2026-06-07T06:14:41
2026-05-10,Banks,banks,pe,15.2905,5,ok,fyn_banks_current_20260510_summary.csv,2026-06-07T06:14:41
2026-05-10,Banks,banks,ps,2.85795,2,ok,fyn_banks_current_20260510_summary.csv,2026-06-07T06:14:41
2026-05-10,Banks,banks,pb,2.2236,5,ok,fyn_banks_current_20260510_summary.csv,2026-06-07T06:14:41
2026-05-10,Banks,banks,ev_ebitda,,0,missing,fyn_banks_current_20260510_summary.csv,2026-06-07T06:14:41
2026-05-10,Banks,banks,fcf_yield,,0,missing,fyn_banks_current_20260510_summary.csv,2026-06-07T06:14:41
2026-05-10,Banks,banks,net_margin,0.22055,2,ok,fyn_banks_current_20260510_summary.csv,2026-06-07T06:14:41
2026-05-10,Banks,banks,gross_margin,,0,missing,fyn_banks_current_20260510_summary.csv,2026-06-07T06:14:41
2026-05-10,Banks,banks,revenue_growth_yoy,0.06355,2,ok,fyn_banks_current_20260510_summary.csv,2026-06-07T06:14:41
2026-05-10,Banks,banks,earnings_growth_yoy,0.146,5,ok,fyn_banks_current_20260510_summary.csv,2026-06-07T06:14:41
2026-06-07,Banks,banks,pe,16.1983,5,ok,fyn_banks_current_summary.csv,2026-06-07T06:14:41
2026-06-07,Banks,banks,ps,3.0061,2,ok,fyn_banks_current_summary.csv,2026-06-07T06:14:41
2026-06-07,Banks,banks,pb,2.2992,5,ok,fyn_banks_current_summary.csv,2026-06-07T06:14:41
2026-06-07,Banks,banks,ev_ebitda,,0,missing,fyn_banks_current_summary.csv,2026-06-07T06:14:41
2026-06-07,Banks,banks,fcf_yield,,0,missing,fyn_banks_current_summary.csv,2026-06-07T06:14:41
2026-06-07,Banks,banks,net_margin,0.22055,2,ok,fyn_banks_current_summary.csv,2026-06-07T06:14:41
2026-06-07,Banks,banks,gross_margin,,0,missing,fyn_banks_current_summary.csv,2026-06-07T06:14:41
2026-06-07,Banks,banks,revenue_growth_yoy,0.06355,2,ok,fyn_banks_current_summary.csv,2026-06-07T06:14:41
2026-06-07,Banks,banks,earnings_growth_yoy,0.146,5,ok,fyn_banks_current_summary.csv,2026-06-07T06:14:41
2025-09-10,Commodities,commodities,pe,14.9959,3,ok,fyn_commodities_current_20250910_summary.csv,2026-06-07T06:14:41
2025-09-10,Commodities,commodities,ps,3.3483,4,ok,fyn_commodities_current_20250910_summary.csv,2026-06-07T06:14:41
2025-09-10,Commodities,commodities,pb,3.1109,4,ok,fyn_commodities_current_20250910_summary.csv,2026-06-07T06:14:41
2025-09-10,Commodities,commodities,ev_ebitda,10.0838,2,ok,fyn_commodities_current_20250910_summary.csv,2026-06-07T06:14:41
2025-09-10,Commodities,commodities,fcf_yield,0.042181,3,ok,fyn_commodities_current_20250910_summary.csv,2026-06-07T06:14:41
2025-09-10,Commodities,commodities,net_margin,0.2361,4,ok,fyn_commodities_current_20250910_summary.csv,2026-06-07T06:14:41
2025-09-10,Commodities,commodities,gross_margin,0.0776,1,ok,fyn_commodities_current_20250910_summary.csv,2026-06-07T06:14:41
2025-09-10,Commodities,commodities,revenue_growth_yoy,0.0937,4,ok,fyn_commodities_current_20250910_summary.csv,2026-06-07T06:14:41
2025-09-10,Commodities,commodities,earnings_growth_yoy,0.14255,4,ok,fyn_commodities_current_20250910_summary.csv,2026-06-07T06:14:41
2025-10-10,Commodities,commodities,pe,14.8992,3,ok,fyn_commodities_current_20251010_summary.csv,2026-06-07T06:14:41
2025-10-10,Commodities,commodities,ps,3.4154,4,ok,fyn_commodities_current_20251010_summary.csv,2026-06-07T06:14:41
2025-10-10,Commodities,commodities,pb,3.068,4,ok,fyn_commodities_current_20251010_summary.csv,2026-06-07T06:14:41
2025-10-10,Commodities,commodities,ev_ebitda,11.14365,2,ok,fyn_commodities_current_20251010_summary.csv,2026-06-07T06:14:41
2025-10-10,Commodities,commodities,fcf_yield,0.034426,3,ok,fyn_commodities_current_20251010_summary.csv,2026-06-07T06:14:41
2025-10-10,Commodities,commodities,net_margin,0.2361,4,ok,fyn_commodities_current_20251010_summary.csv,2026-06-07T06:14:41
2025-10-10,Commodities,commodities,gross_margin,0.0776,1,ok,fyn_commodities_current_20251010_summary.csv,2026-06-07T06:14:41
2025-10-10,Commodities,commodities,revenue_growth_yoy,0.0937,4,ok,fyn_commodities_current_20251010_summary.csv,2026-06-07T06:14:41
2025-10-10,Commodities,commodities,earnings_growth_yoy,0.14255,4,ok,fyn_commodities_current_20251010_summary.csv,2026-06-07T06:14:41
2025-11-10,Commodities,commodities,pe,13.6493,3,ok,fyn_commodities_current_20251110_summary.csv,2026-06-07T06:14:41
2025-11-10,Commodities,commodities,ps,3.47185,4,ok,fyn_commodities_current_20251110_summary.csv,2026-06-07T06:14:41
2025-11-10,Commodities,commodities,pb,3.0229,4,ok,fyn_commodities_current_20251110_summary.csv,2026-06-07T06:14:41
2025-11-10,Commodities,commodities,ev_ebitda,16.3957,3,ok,fyn_commodities_current_20251110_summary.csv,2026-06-07T06:14:41
2025-11-10,Commodities,commodities,fcf_yield,0.029178,4,ok,fyn_commodities_current_20251110_summary.csv,2026-06-07T06:14:41
2025-11-10,Commodities,commodities,net_margin,0.23885,4,ok,fyn_commodities_current_20251110_summary.csv,2026-06-07T06:14:41
2025-11-10,Commodities,commodities,gross_margin,0.1231,1,ok,fyn_commodities_current_20251110_summary.csv,2026-06-07T06:14:41
2025-11-10,Commodities,commodities,revenue_growth_yoy,0.07775,4,ok,fyn_commodities_current_20251110_summary.csv,2026-06-07T06:14:41
2025-11-10,Commodities,commodities,earnings_growth_yoy,-0.5346,4,ok,fyn_commodities_current_20251110_summary.csv,2026-06-07T06:14:41
2025-12-10,Commodities,commodities,pe,15.4826,3,ok,fyn_commodities_current_20251210_summary.csv,2026-06-07T06:14:41
2025-12-10,Commodities,commodities,ps,3.9802,4,ok,fyn_commodities_current_20251210_summary.csv,2026-06-07T06:14:41
2025-12-10,Commodities,commodities,pb,3.33505,4,ok,fyn_commodities_current_20251210_summary.csv,2026-06-07T06:14:41
2025-12-10,Commodities,commodities,ev_ebitda,16.9129,3,ok,fyn_commodities_current_20251210_summary.csv,2026-06-07T06:14:41
2025-12-10,Commodities,commodities,fcf_yield,0.027062,4,ok,fyn_commodities_current_20251210_summary.csv,2026-06-07T06:14:41
2025-12-10,Commodities,commodities,net_margin,0.23885,4,ok,fyn_commodities_current_20251210_summary.csv,2026-06-07T06:14:41
2025-12-10,Commodities,commodities,gross_margin,0.1231,1,ok,fyn_commodities_current_20251210_summary.csv,2026-06-07T06:14:41
2025-12-10,Commodities,commodities,revenue_growth_yoy,0.07775,4,ok,fyn_commodities_current_20251210_summary.csv,2026-06-07T06:14:41
2025-12-10,Commodities,commodities,earnings_growth_yoy,-0.5346,4,ok,fyn_commodities_current_20251210_summary.csv,2026-06-07T06:14:41
2026-01-10,Commodities,commodities,pe,18.8424,3,ok,fyn_commodities_current_20260110_summary.csv,2026-06-07T06:14:41
2026-01-10,Commodities,commodities,ps,4.6845,4,ok,fyn_commodities_current_20260110_summary.csv,2026-06-07T06:14:41
2026-01-10,Commodities,commodities,pb,3.96195,4,ok,fyn_commodities_current_20260110_summary.csv,2026-06-07T06:14:41
2026-01-10,Commodities,commodities,ev_ebitda,19.9702,3,ok,fyn_commodities_current_20260110_summary.csv,2026-06-07T06:14:41
2026-01-10,Commodities,commodities,fcf_yield,0.022574,4,ok,fyn_commodities_current_20260110_summary.csv,2026-06-07T06:14:41
2026-01-10,Commodities,commodities,net_margin,0.23885,4,ok,fyn_commodities_current_20260110_summary.csv,2026-06-07T06:14:41
2026-01-10,Commodities,commodities,gross_margin,0.1231,1,ok,fyn_commodities_current_20260110_summary.csv,2026-06-07T06:14:41
2026-01-10,Commodities,commodities,revenue_growth_yoy,0.07775,4,ok,fyn_commodities_current_20260110_summary.csv,2026-06-07T06:14:41
2026-01-10,Commodities,commodities,earnings_growth_yoy,-0.5346,4,ok,fyn_commodities_current_20260110_summary.csv,2026-06-07T06:14:41
2026-02-10,Commodities,commodities,pe,21.0856,3,ok,fyn_commodities_current_20260210_summary.csv,2026-06-07T06:14:41
2026-02-10,Commodities,commodities,ps,5.0892,4,ok,fyn_commodities_current_20260210_summary.csv,2026-06-07T06:14:41
2026-02-10,Commodities,commodities,pb,4.4265,4,ok,fyn_commodities_current_20260210_summary.csv,2026-06-07T06:14:41
2026-02-10,Commodities,commodities,ev_ebitda,23.2393,3,ok,fyn_commodities_current_20260210_summary.csv,2026-06-07T06:14:41
2026-02-10,Commodities,commodities,fcf_yield,0.019716,4,ok,fyn_commodities_current_20260210_summary.csv,2026-06-07T06:14:41
2026-02-10,Commodities,commodities,net_margin,0.23885,4,ok,fyn_commodities_current_20260210_summary.csv,2026-06-07T06:14:41
2026-02-10,Commodities,commodities,gross_margin,0.1231,1,ok,fyn_commodities_current_20260210_summary.csv,2026-06-07T06:14:41
2026-02-10,Commodities,commodities,revenue_growth_yoy,0.07775,4,ok,fyn_commodities_current_20260210_summary.csv,2026-06-07T06:14:41
2026-02-10,Commodities,commodities,earnings_growth_yoy,-0.5346,4,ok,fyn_commodities_current_20260210_summary.csv,2026-06-07T06:14:41
2026-03-10,Commodities,commodities,pe,21.5996,3,ok,fyn_commodities_current_20260310_summary.csv,2026-06-07T06:14:41
2026-03-10,Commodities,commodities,ps,4.76115,4,ok,fyn_commodities_current_20260310_summary.csv,2026-06-07T06:14:41
2026-03-10,Commodities,commodities,pb,4.2823,4,ok,fyn_commodities_current_20260310_summary.csv,2026-06-07T06:14:41
2026-03-10,Commodities,commodities,ev_ebitda,20.7265,3,ok,fyn_commodities_current_20260310_summary.csv,2026-06-07T06:14:41
2026-03-10,Commodities,commodities,fcf_yield,0.028305,4,ok,fyn_commodities_current_20260310_summary.csv,2026-06-07T06:14:41
2026-03-10,Commodities,commodities,net_margin,0.2387,4,ok,fyn_commodities_current_20260310_summary.csv,2026-06-07T06:14:41
2026-03-10,Commodities,commodities,gross_margin,0.13,1,ok,fyn_commodities_current_20260310_summary.csv,2026-06-07T06:14:41
2026-03-10,Commodities,commodities,revenue_growth_yoy,0.08725,4,ok,fyn_commodities_current_20260310_summary.csv,2026-06-07T06:14:41
2026-03-10,Commodities,commodities,earnings_growth_yoy,0.11355,4,ok,fyn_commodities_current_20260310_summary.csv,2026-06-07T06:14:41
2026-04-10,Commodities,commodities,pe,23.4688,3,ok,fyn_commodities_current_20260410_summary.csv,2026-06-07T06:14:41
2026-04-10,Commodities,commodities,ps,4.89045,4,ok,fyn_commodities_current_20260410_summary.csv,2026-06-07T06:14:41
2026-04-10,Commodities,commodities,pb,4.5197,4,ok,fyn_commodities_current_20260410_summary.csv,2026-06-07T06:14:41
2026-04-10,Commodities,commodities,ev_ebitda,20.3518,3,ok,fyn_commodities_current_20260410_summary.csv,2026-06-07T06:14:41
2026-04-10,Commodities,commodities,fcf_yield,0.027783,4,ok,fyn_commodities_current_20260410_summary.csv,2026-06-07T06:14:41
2026-04-10,Commodities,commodities,net_margin,0.2387,4,ok,fyn_commodities_current_20260410_summary.csv,2026-06-07T06:14:41
2026-04-10,Commodities,commodities,gross_margin,0.13,1,ok,fyn_commodities_current_20260410_summary.csv,2026-06-07T06:14:41
2026-04-10,Commodities,commodities,revenue_growth_yoy,0.08725,4,ok,fyn_commodities_current_20260410_summary.csv,2026-06-07T06:14:41
2026-04-10,Commodities,commodities,earnings_growth_yoy,0.11355,4,ok,fyn_commodities_current_20260410_summary.csv,2026-06-07T06:14:41
2026-05-10,Commodities,commodities,pe,30.8114,3,ok,fyn_commodities_current_20260510_summary.csv,2026-06-07T06:14:41
2026-05-10,Commodities,commodities,ps,4.67515,4,ok,fyn_commodities_current_20260510_summary.csv,2026-06-07T06:14:41
2026-05-10,Commodities,commodities,pb,4.0525,4,ok,fyn_commodities_current_20260510_summary.csv,2026-06-07T06:14:41
2026-05-10,Commodities,commodities,ev_ebitda,17.568,3,ok,fyn_commodities_current_20260510_summary.csv,2026-06-07T06:14:41
2026-05-10,Commodities,commodities,fcf_yield,0.025955,4,ok,fyn_commodities_current_20260510_summary.csv,2026-06-07T06:14:41
2026-05-10,Commodities,commodities,net_margin,0.22345,4,ok,fyn_commodities_current_20260510_summary.csv,2026-06-07T06:14:41
2026-05-10,Commodities,commodities,gross_margin,0.1844,1,ok,fyn_commodities_current_20260510_summary.csv,2026-06-07T06:14:41
2026-05-10,Commodities,commodities,revenue_growth_yoy,0.14785,4,ok,fyn_commodities_current_20260510_summary.csv,2026-06-07T06:14:41
2026-05-10,Commodities,commodities,earnings_growth_yoy,0.52655,4,ok,fyn_commodities_current_20260510_summary.csv,2026-06-07T06:14:41
2026-06-06,Commodities,commodities,pe,28.7627,3,ok,fyn_commodities_current_summary.csv,2026-06-07T06:14:41
2026-06-06,Commodities,commodities,ps,3.89275,4,ok,fyn_commodities_current_summary.csv,2026-06-07T06:14:41
2026-06-06,Commodities,commodities,pb,3.8591,4,ok,fyn_commodities_current_summary.csv,2026-06-07T06:14:41
2026-06-06,Commodities,commodities,ev_ebitda,16.4137,3,ok,fyn_commodities_current_summary.csv,2026-06-07T06:14:41
2026-06-06,Commodities,commodities,fcf_yield,0.030658,4,ok,fyn_commodities_current_summary.csv,2026-06-07T06:14:41
2026-06-06,Commodities,commodities,net_margin,0.22345,4,ok,fyn_commodities_current_summary.csv,2026-06-07T06:14:41
2026-06-06,Commodities,commodities,gross_margin,0.1844,1,ok,fyn_commodities_current_summary.csv,2026-06-07T06:14:41
2026-06-06,Commodities,commodities,revenue_growth_yoy,0.14785,4,ok,fyn_commodities_current_summary.csv,2026-06-07T06:14:41
2026-06-06,Commodities,commodities,earnings_growth_yoy,0.52655,4,ok,fyn_commodities_current_summary.csv,2026-06-07T06:14:41
2025-09-10,Consumer Discretionary,consumer_discretionary,pe,27.06615,6,ok,fyn_consumer_discretionary_current_20250910_summary.csv,2026-06-07T06:14:41
2025-09-10,Consumer Discretionary,consumer_discretionary,ps,2.43865,6,ok,fyn_consumer_discretionary_current_20250910_summary.csv,2026-06-07T06:14:41
2025-09-10,Consumer Discretionary,consumer_discretionary,pb,7.85955,4,ok,fyn_consumer_discretionary_current_20250910_summary.csv,2026-06-07T06:14:41
2025-09-10,Consumer Discretionary,consumer_discretionary,ev_ebitda,18.2171,5,ok,fyn_consumer_discretionary_current_20250910_summary.csv,2026-06-07T06:14:41
2025-09-10,Consumer Discretionary,consumer_discretionary,fcf_yield,0.033093,6,ok,fyn_consumer_discretionary_current_20250910_summary.csv,2026-06-07T06:14:41
2025-09-10,Consumer Discretionary,consumer_discretionary,net_margin,0.097,6,ok,fyn_consumer_discretionary_current_20250910_summary.csv,2026-06-07T06:14:41
2025-09-10,Consumer Discretionary,consumer_discretionary,gross_margin,0.38095,4,ok,fyn_consumer_discretionary_current_20250910_summary.csv,2026-06-07T06:14:41
2025-09-10,Consumer Discretionary,consumer_discretionary,revenue_growth_yoy,0.0485,6,ok,fyn_consumer_discretionary_current_20250910_summary.csv,2026-06-07T06:14:41
2025-09-10,Consumer Discretionary,consumer_discretionary,earnings_growth_yoy,0.00025,6,ok,fyn_consumer_discretionary_current_20250910_summary.csv,2026-06-07T06:14:41
2025-10-10,Consumer Discretionary,consumer_discretionary,pe,25.41135,6,ok,fyn_consumer_discretionary_current_20251010_summary.csv,2026-06-07T06:14:41
2025-10-10,Consumer Discretionary,consumer_discretionary,ps,2.17155,6,ok,fyn_consumer_discretionary_current_20251010_summary.csv,2026-06-07T06:14:41
2025-10-10,Consumer Discretionary,consumer_discretionary,pb,7.03785,4,ok,fyn_consumer_discretionary_current_20251010_summary.csv,2026-06-07T06:14:41
2025-10-10,Consumer Discretionary,consumer_discretionary,ev_ebitda,16.7381,5,ok,fyn_consumer_discretionary_current_20251010_summary.csv,2026-06-07T06:14:41
2025-10-10,Consumer Discretionary,consumer_discretionary,fcf_yield,0.035294,6,ok,fyn_consumer_discretionary_current_20251010_summary.csv,2026-06-07T06:14:41
2025-10-10,Consumer Discretionary,consumer_discretionary,net_margin,0.097,6,ok,fyn_consumer_discretionary_current_20251010_summary.csv,2026-06-07T06:14:41
2025-10-10,Consumer Discretionary,consumer_discretionary,gross_margin,0.377,4,ok,fyn_consumer_discretionary_current_20251010_summary.csv,2026-06-07T06:14:41
2025-10-10,Consumer Discretionary,consumer_discretionary,revenue_growth_yoy,0.0485,6,ok,fyn_consumer_discretionary_current_20251010_summary.csv,2026-06-07T06:14:41
2025-10-10,Consumer Discretionary,consumer_discretionary,earnings_growth_yoy,0.00025,6,ok,fyn_consumer_discretionary_current_20251010_summary.csv,2026-06-07T06:14:41
2025-11-10,Consumer Discretionary,consumer_discretionary,pe,25.2587,6,ok,fyn_consumer_discretionary_current_20251110_summary.csv,2026-06-07T06:14:41
2025-11-10,Consumer Discretionary,consumer_discretionary,ps,2.0851,6,ok,fyn_consumer_discretionary_current_20251110_summary.csv,2026-06-07T06:14:41
2025-11-10,Consumer Discretionary,consumer_discretionary,pb,6.93045,4,ok,fyn_consumer_discretionary_current_20251110_summary.csv,2026-06-07T06:14:41
2025-11-10,Consumer Discretionary,consumer_discretionary,ev_ebitda,16.5256,5,ok,fyn_consumer_discretionary_current_20251110_summary.csv,2026-06-07T06:14:41
2025-11-10,Consumer Discretionary,consumer_discretionary,fcf_yield,0.036601,6,ok,fyn_consumer_discretionary_current_20251110_summary.csv,2026-06-07T06:14:41
2025-11-10,Consumer Discretionary,consumer_discretionary,net_margin,0.0996,6,ok,fyn_consumer_discretionary_current_20251110_summary.csv,2026-06-07T06:14:41
2025-11-10,Consumer Discretionary,consumer_discretionary,gross_margin,0.377,4,ok,fyn_consumer_discretionary_current_20251110_summary.csv,2026-06-07T06:14:41
2025-11-10,Consumer Discretionary,consumer_discretionary,revenue_growth_yoy,0.0489,6,ok,fyn_consumer_discretionary_current_20251110_summary.csv,2026-06-07T06:14:41
2025-11-10,Consumer Discretionary,consumer_discretionary,earnings_growth_yoy,0.00545,6,ok,fyn_consumer_discretionary_current_20251110_summary.csv,2026-06-07T06:14:41
2025-12-10,Consumer Discretionary,consumer_discretionary,pe,25.12575,6,ok,fyn_consumer_discretionary_current_20251210_summary.csv,2026-06-07T06:14:41
2025-12-10,Consumer Discretionary,consumer_discretionary,ps,2.09935,6,ok,fyn_consumer_discretionary_current_20251210_summary.csv,2026-06-07T06:14:41
2025-12-10,Consumer Discretionary,consumer_discretionary,pb,6.9641,4,ok,fyn_consumer_discretionary_current_20251210_summary.csv,2026-06-07T06:14:41
2025-12-10,Consumer Discretionary,consumer_discretionary,ev_ebitda,15.8401,5,ok,fyn_consumer_discretionary_current_20251210_summary.csv,2026-06-07T06:14:41
2025-12-10,Consumer Discretionary,consumer_discretionary,fcf_yield,0.036589,6,ok,fyn_consumer_discretionary_current_20251210_summary.csv,2026-06-07T06:14:41
2025-12-10,Consumer Discretionary,consumer_discretionary,net_margin,0.09915,6,ok,fyn_consumer_discretionary_current_20251210_summary.csv,2026-06-07T06:14:41
2025-12-10,Consumer Discretionary,consumer_discretionary,gross_margin,0.37765,4,ok,fyn_consumer_discretionary_current_20251210_summary.csv,2026-06-07T06:14:41
2025-12-10,Consumer Discretionary,consumer_discretionary,revenue_growth_yoy,0.0438,6,ok,fyn_consumer_discretionary_current_20251210_summary.csv,2026-06-07T06:14:41
2025-12-10,Consumer Discretionary,consumer_discretionary,earnings_growth_yoy,0.00935,6,ok,fyn_consumer_discretionary_current_20251210_summary.csv,2026-06-07T06:14:41
2026-01-10,Consumer Discretionary,consumer_discretionary,pe,25.7924,6,ok,fyn_consumer_discretionary_current_20260110_summary.csv,2026-06-07T06:14:41
2026-01-10,Consumer Discretionary,consumer_discretionary,ps,2.17085,6,ok,fyn_consumer_discretionary_current_20260110_summary.csv,2026-06-07T06:14:41
2026-01-10,Consumer Discretionary,consumer_discretionary,pb,7.0406,4,ok,fyn_consumer_discretionary_current_20260110_summary.csv,2026-06-07T06:14:41
2026-01-10,Consumer Discretionary,consumer_discretionary,ev_ebitda,16.7805,5,ok,fyn_consumer_discretionary_current_20260110_summary.csv,2026-06-07T06:14:41
2026-01-10,Consumer Discretionary,consumer_discretionary,fcf_yield,0.035513,6,ok,fyn_consumer_discretionary_current_20260110_summary.csv,2026-06-07T06:14:41
2026-01-10,Consumer Discretionary,consumer_discretionary,net_margin,0.09915,6,ok,fyn_consumer_discretionary_current_20260110_summary.csv,2026-06-07T06:14:41
2026-01-10,Consumer Discretionary,consumer_discretionary,gross_margin,0.3736,4,ok,fyn_consumer_discretionary_current_20260110_summary.csv,2026-06-07T06:14:41
2026-01-10,Consumer Discretionary,consumer_discretionary,revenue_growth_yoy,0.0438,6,ok,fyn_consumer_discretionary_current_20260110_summary.csv,2026-06-07T06:14:41
2026-01-10,Consumer Discretionary,consumer_discretionary,earnings_growth_yoy,0.0005,6,ok,fyn_consumer_discretionary_current_20260110_summary.csv,2026-06-07T06:14:41
2026-02-10,Consumer Discretionary,consumer_discretionary,pe,27.095,6,ok,fyn_consumer_discretionary_current_20260210_summary.csv,2026-06-07T06:14:41
2026-02-10,Consumer Discretionary,consumer_discretionary,ps,2.1701,6,ok,fyn_consumer_discretionary_current_20260210_summary.csv,2026-06-07T06:14:41
2026-02-10,Consumer Discretionary,consumer_discretionary,pb,6.01435,4,ok,fyn_consumer_discretionary_current_20260210_summary.csv,2026-06-07T06:14:41
2026-02-10,Consumer Discretionary,consumer_discretionary,ev_ebitda,16.0801,5,ok,fyn_consumer_discretionary_current_20260210_summary.csv,2026-06-07T06:14:41
2026-02-10,Consumer Discretionary,consumer_discretionary,fcf_yield,0.033829,6,ok,fyn_consumer_discretionary_current_20260210_summary.csv,2026-06-07T06:14:41
2026-02-10,Consumer Discretionary,consumer_discretionary,net_margin,0.098,6,ok,fyn_consumer_discretionary_current_20260210_summary.csv,2026-06-07T06:14:41
2026-02-10,Consumer Discretionary,consumer_discretionary,gross_margin,0.3736,4,ok,fyn_consumer_discretionary_current_20260210_summary.csv,2026-06-07T06:14:41
2026-02-10,Consumer Discretionary,consumer_discretionary,revenue_growth_yoy,0.0438,6,ok,fyn_consumer_discretionary_current_20260210_summary.csv,2026-06-07T06:14:41
2026-02-10,Consumer Discretionary,consumer_discretionary,earnings_growth_yoy,0.0005,6,ok,fyn_consumer_discretionary_current_20260210_summary.csv,2026-06-07T06:14:41
2026-03-10,Consumer Discretionary,consumer_discretionary,pe,25.7945,6,ok,fyn_consumer_discretionary_current_20260310_summary.csv,2026-06-07T06:14:41
2026-03-10,Consumer Discretionary,consumer_discretionary,ps,1.9619,6,ok,fyn_consumer_discretionary_current_20260310_summary.csv,2026-06-07T06:14:41
2026-03-10,Consumer Discretionary,consumer_discretionary,pb,5.74495,4,ok,fyn_consumer_discretionary_current_20260310_summary.csv,2026-06-07T06:14:41
2026-03-10,Consumer Discretionary,consumer_discretionary,ev_ebitda,15.6648,5,ok,fyn_consumer_discretionary_current_20260310_summary.csv,2026-06-07T06:14:41
2026-03-10,Consumer Discretionary,consumer_discretionary,fcf_yield,0.035008,6,ok,fyn_consumer_discretionary_current_20260310_summary.csv,2026-06-07T06:14:41
2026-03-10,Consumer Discretionary,consumer_discretionary,net_margin,0.098,6,ok,fyn_consumer_discretionary_current_20260310_summary.csv,2026-06-07T06:14:41
2026-03-10,Consumer Discretionary,consumer_discretionary,gross_margin,0.3736,4,ok,fyn_consumer_discretionary_current_20260310_summary.csv,2026-06-07T06:14:41
2026-03-10,Consumer Discretionary,consumer_discretionary,revenue_growth_yoy,0.05615,6,ok,fyn_consumer_discretionary_current_20260310_summary.csv,2026-06-07T06:14:41
2026-03-10,Consumer Discretionary,consumer_discretionary,earnings_growth_yoy,0.0005,6,ok,fyn_consumer_discretionary_current_20260310_summary.csv,2026-06-07T06:14:41
2026-04-10,Consumer Discretionary,consumer_discretionary,pe,24.544,6,ok,fyn_consumer_discretionary_current_20260410_summary.csv,2026-06-07T06:14:41
2026-04-10,Consumer Discretionary,consumer_discretionary,ps,1.83545,6,ok,fyn_consumer_discretionary_current_20260410_summary.csv,2026-06-07T06:14:41
2026-04-10,Consumer Discretionary,consumer_discretionary,pb,5.35165,4,ok,fyn_consumer_discretionary_current_20260410_summary.csv,2026-06-07T06:14:41
2026-04-10,Consumer Discretionary,consumer_discretionary,ev_ebitda,15.6865,5,ok,fyn_consumer_discretionary_current_20260410_summary.csv,2026-06-07T06:14:41
2026-04-10,Consumer Discretionary,consumer_discretionary,fcf_yield,0.035365,6,ok,fyn_consumer_discretionary_current_20260410_summary.csv,2026-06-07T06:14:41
2026-04-10,Consumer Discretionary,consumer_discretionary,net_margin,0.09715,6,ok,fyn_consumer_discretionary_current_20260410_summary.csv,2026-06-07T06:14:41
2026-04-10,Consumer Discretionary,consumer_discretionary,gross_margin,0.3714,4,ok,fyn_consumer_discretionary_current_20260410_summary.csv,2026-06-07T06:14:41
2026-04-10,Consumer Discretionary,consumer_discretionary,revenue_growth_yoy,0.03485,6,ok,fyn_consumer_discretionary_current_20260410_summary.csv,2026-06-07T06:14:41
2026-04-10,Consumer Discretionary,consumer_discretionary,earnings_growth_yoy,-0.04365,6,ok,fyn_consumer_discretionary_current_20260410_summary.csv,2026-06-07T06:14:41
2026-05-10,Consumer Discretionary,consumer_discretionary,pe,22.45315,6,ok,fyn_consumer_discretionary_current_20260510_summary.csv,2026-06-07T06:14:41
2026-05-10,Consumer Discretionary,consumer_discretionary,ps,1.70385,6,ok,fyn_consumer_discretionary_current_20260510_summary.csv,2026-06-07T06:14:41
2026-05-10,Consumer Discretionary,consumer_discretionary,pb,5.63765,4,ok,fyn_consumer_discretionary_current_20260510_summary.csv,2026-06-07T06:14:41
2026-05-10,Consumer Discretionary,consumer_discretionary,ev_ebitda,14.8707,5,ok,fyn_consumer_discretionary_current_20260510_summary.csv,2026-06-07T06:14:41
2026-05-10,Consumer Discretionary,consumer_discretionary,fcf_yield,0.039996,5,ok,fyn_consumer_discretionary_current_20260510_summary.csv,2026-06-07T06:14:41
2026-05-10,Consumer Discretionary,consumer_discretionary,net_margin,0.1041,6,ok,fyn_consumer_discretionary_current_20260510_summary.csv,2026-06-07T06:14:41
2026-05-10,Consumer Discretionary,consumer_discretionary,gross_margin,0.3714,4,ok,fyn_consumer_discretionary_current_20260510_summary.csv,2026-06-07T06:14:41
2026-05-10,Consumer Discretionary,consumer_discretionary,revenue_growth_yoy,0.0405,6,ok,fyn_consumer_discretionary_current_20260510_summary.csv,2026-06-07T06:14:41
2026-05-10,Consumer Discretionary,consumer_discretionary,earnings_growth_yoy,-0.04365,6,ok,fyn_consumer_discretionary_current_20260510_summary.csv,2026-06-07T06:14:41
2026-06-06,Consumer Discretionary,consumer_discretionary,pe,22.1093,5,ok,fyn_consumer_discretionary_current_summary.csv,2026-06-07T06:14:41
2026-06-06,Consumer Discretionary,consumer_discretionary,ps,1.8601,5,ok,fyn_consumer_discretionary_current_summary.csv,2026-06-07T06:14:41
2026-06-06,Consumer Discretionary,consumer_discretionary,pb,5.9889,3,ok,fyn_consumer_discretionary_current_summary.csv,2026-06-07T06:14:41
2026-06-06,Consumer Discretionary,consumer_discretionary,ev_ebitda,14.5986,5,ok,fyn_consumer_discretionary_current_summary.csv,2026-06-07T06:14:41
2026-06-06,Consumer Discretionary,consumer_discretionary,fcf_yield,0.055337,4,ok,fyn_consumer_discretionary_current_summary.csv,2026-06-07T06:14:41
2026-06-06,Consumer Discretionary,consumer_discretionary,net_margin,0.10315,6,ok,fyn_consumer_discretionary_current_summary.csv,2026-06-07T06:14:41
2026-06-06,Consumer Discretionary,consumer_discretionary,gross_margin,0.3705,4,ok,fyn_consumer_discretionary_current_summary.csv,2026-06-07T06:14:41
2026-06-06,Consumer Discretionary,consumer_discretionary,revenue_growth_yoy,0.0523,6,ok,fyn_consumer_discretionary_current_summary.csv,2026-06-07T06:14:41
2026-06-06,Consumer Discretionary,consumer_discretionary,earnings_growth_yoy,-0.0361,6,ok,fyn_consumer_discretionary_current_summary.csv,2026-06-07T06:14:41
2025-09-10,Delivery & Logistics,delivery_logistics,pe,15.5605,5,ok,fyn_delivery_logistics_current_20250910_summary.csv,2026-06-07T06:14:41
2025-09-10,Delivery & Logistics,delivery_logistics,ps,1.9157,5,ok,fyn_delivery_logistics_current_20250910_summary.csv,2026-06-07T06:14:41
2025-09-10,Delivery & Logistics,delivery_logistics,pb,8.6149,5,ok,fyn_delivery_logistics_current_20250910_summary.csv,2026-06-07T06:14:41
2025-09-10,Delivery & Logistics,delivery_logistics,ev_ebitda,13.4864,5,ok,fyn_delivery_logistics_current_20250910_summary.csv,2026-06-07T06:14:41
2025-09-10,Delivery & Logistics,delivery_logistics,fcf_yield,0.043468,5,ok,fyn_delivery_logistics_current_20250910_summary.csv,2026-06-07T06:14:41
2025-09-10,Delivery & Logistics,delivery_logistics,net_margin,0.0634,5,ok,fyn_delivery_logistics_current_20250910_summary.csv,2026-06-07T06:14:41
2025-09-10,Delivery & Logistics,delivery_logistics,gross_margin,,0,missing,fyn_delivery_logistics_current_20250910_summary.csv,2026-06-07T06:14:41
2025-09-10,Delivery & Logistics,delivery_logistics,revenue_growth_yoy,0.0091,5,ok,fyn_delivery_logistics_current_20250910_summary.csv,2026-06-07T06:14:41
2025-09-10,Delivery & Logistics,delivery_logistics,earnings_growth_yoy,-0.039,5,ok,fyn_delivery_logistics_current_20250910_summary.csv,2026-06-07T06:14:41
2025-10-10,Delivery & Logistics,delivery_logistics,pe,15.4267,5,ok,fyn_delivery_logistics_current_20251010_summary.csv,2026-06-07T06:14:41
2025-10-10,Delivery & Logistics,delivery_logistics,ps,1.9024,5,ok,fyn_delivery_logistics_current_20251010_summary.csv,2026-06-07T06:14:41
2025-10-10,Delivery & Logistics,delivery_logistics,pb,8.5548,5,ok,fyn_delivery_logistics_current_20251010_summary.csv,2026-06-07T06:14:41
2025-10-10,Delivery & Logistics,delivery_logistics,ev_ebitda,13.3908,5,ok,fyn_delivery_logistics_current_20251010_summary.csv,2026-06-07T06:14:41
2025-10-10,Delivery & Logistics,delivery_logistics,fcf_yield,0.043845,5,ok,fyn_delivery_logistics_current_20251010_summary.csv,2026-06-07T06:14:41
2025-10-10,Delivery & Logistics,delivery_logistics,net_margin,0.0634,5,ok,fyn_delivery_logistics_current_20251010_summary.csv,2026-06-07T06:14:41
2025-10-10,Delivery & Logistics,delivery_logistics,gross_margin,,0,missing,fyn_delivery_logistics_current_20251010_summary.csv,2026-06-07T06:14:41
2025-10-10,Delivery & Logistics,delivery_logistics,revenue_growth_yoy,0.0114,5,ok,fyn_delivery_logistics_current_20251010_summary.csv,2026-06-07T06:14:41
2025-10-10,Delivery & Logistics,delivery_logistics,earnings_growth_yoy,0.0185,5,ok,fyn_delivery_logistics_current_20251010_summary.csv,2026-06-07T06:14:41
2025-11-10,Delivery & Logistics,delivery_logistics,pe,14.3599,5,ok,fyn_delivery_logistics_current_20251110_summary.csv,2026-06-07T06:14:41
2025-11-10,Delivery & Logistics,delivery_logistics,ps,2.0284,5,ok,fyn_delivery_logistics_current_20251110_summary.csv,2026-06-07T06:14:41
2025-11-10,Delivery & Logistics,delivery_logistics,pb,6.9497,5,ok,fyn_delivery_logistics_current_20251110_summary.csv,2026-06-07T06:14:41
2025-11-10,Delivery & Logistics,delivery_logistics,ev_ebitda,14.3495,5,ok,fyn_delivery_logistics_current_20251110_summary.csv,2026-06-07T06:14:41
2025-11-10,Delivery & Logistics,delivery_logistics,fcf_yield,0.044296,5,ok,fyn_delivery_logistics_current_20251110_summary.csv,2026-06-07T06:14:41
2025-11-10,Delivery & Logistics,delivery_logistics,net_margin,0.0615,5,ok,fyn_delivery_logistics_current_20251110_summary.csv,2026-06-07T06:14:41
2025-11-10,Delivery & Logistics,delivery_logistics,gross_margin,,0,missing,fyn_delivery_logistics_current_20251110_summary.csv,2026-06-07T06:14:41
2025-11-10,Delivery & Logistics,delivery_logistics,revenue_growth_yoy,0.0114,5,ok,fyn_delivery_logistics_current_20251110_summary.csv,2026-06-07T06:14:41
2025-11-10,Delivery & Logistics,delivery_logistics,earnings_growth_yoy,-0.0289,5,ok,fyn_delivery_logistics_current_20251110_summary.csv,2026-06-07T06:14:41
2025-12-10,Delivery & Logistics,delivery_logistics,pe,15.3752,5,ok,fyn_delivery_logistics_current_20251210_summary.csv,2026-06-07T06:14:41
2025-12-10,Delivery & Logistics,delivery_logistics,ps,2.1889,5,ok,fyn_delivery_logistics_current_20251210_summary.csv,2026-06-07T06:14:41
2025-12-10,Delivery & Logistics,delivery_logistics,pb,6.2156,5,ok,fyn_delivery_logistics_current_20251210_summary.csv,2026-06-07T06:14:41
2025-12-10,Delivery & Logistics,delivery_logistics,ev_ebitda,15.5086,5,ok,fyn_delivery_logistics_current_20251210_summary.csv,2026-06-07T06:14:41
2025-12-10,Delivery & Logistics,delivery_logistics,fcf_yield,0.049528,5,ok,fyn_delivery_logistics_current_20251210_summary.csv,2026-06-07T06:14:41
2025-12-10,Delivery & Logistics,delivery_logistics,net_margin,0.0615,5,ok,fyn_delivery_logistics_current_20251210_summary.csv,2026-06-07T06:14:41
2025-12-10,Delivery & Logistics,delivery_logistics,gross_margin,,0,missing,fyn_delivery_logistics_current_20251210_summary.csv,2026-06-07T06:14:41
2025-12-10,Delivery & Logistics,delivery_logistics,revenue_growth_yoy,0.0114,5,ok,fyn_delivery_logistics_current_20251210_summary.csv,2026-06-07T06:14:41
2025-12-10,Delivery & Logistics,delivery_logistics,earnings_growth_yoy,-0.0289,5,ok,fyn_delivery_logistics_current_20251210_summary.csv,2026-06-07T06:14:41
2026-01-10,Delivery & Logistics,delivery_logistics,pe,16.6745,5,ok,fyn_delivery_logistics_current_20260110_summary.csv,2026-06-07T06:14:41
2026-01-10,Delivery & Logistics,delivery_logistics,ps,2.1351,5,ok,fyn_delivery_logistics_current_20260110_summary.csv,2026-06-07T06:14:41
2026-01-10,Delivery & Logistics,delivery_logistics,pb,6.3102,5,ok,fyn_delivery_logistics_current_20260110_summary.csv,2026-06-07T06:14:41
2026-01-10,Delivery & Logistics,delivery_logistics,ev_ebitda,15.1198,5,ok,fyn_delivery_logistics_current_20260110_summary.csv,2026-06-07T06:14:41
2026-01-10,Delivery & Logistics,delivery_logistics,fcf_yield,0.047916,5,ok,fyn_delivery_logistics_current_20260110_summary.csv,2026-06-07T06:14:41
2026-01-10,Delivery & Logistics,delivery_logistics,net_margin,0.0615,5,ok,fyn_delivery_logistics_current_20260110_summary.csv,2026-06-07T06:14:41
2026-01-10,Delivery & Logistics,delivery_logistics,gross_margin,,0,missing,fyn_delivery_logistics_current_20260110_summary.csv,2026-06-07T06:14:41
2026-01-10,Delivery & Logistics,delivery_logistics,revenue_growth_yoy,0.0309,5,ok,fyn_delivery_logistics_current_20260110_summary.csv,2026-06-07T06:14:41
2026-01-10,Delivery & Logistics,delivery_logistics,earnings_growth_yoy,-0.0289,5,ok,fyn_delivery_logistics_current_20260110_summary.csv,2026-06-07T06:14:41
2026-02-10,Delivery & Logistics,delivery_logistics,pe,18.3163,5,ok,fyn_delivery_logistics_current_20260210_summary.csv,2026-06-07T06:14:41
2026-02-10,Delivery & Logistics,delivery_logistics,ps,2.8741,5,ok,fyn_delivery_logistics_current_20260210_summary.csv,2026-06-07T06:14:41
2026-02-10,Delivery & Logistics,delivery_logistics,pb,6.369,5,ok,fyn_delivery_logistics_current_20260210_summary.csv,2026-06-07T06:14:41
2026-02-10,Delivery & Logistics,delivery_logistics,ev_ebitda,20.5977,5,ok,fyn_delivery_logistics_current_20260210_summary.csv,2026-06-07T06:14:41
2026-02-10,Delivery & Logistics,delivery_logistics,fcf_yield,0.043621,5,ok,fyn_delivery_logistics_current_20260210_summary.csv,2026-06-07T06:14:41
2026-02-10,Delivery & Logistics,delivery_logistics,net_margin,0.0615,5,ok,fyn_delivery_logistics_current_20260210_summary.csv,2026-06-07T06:14:41
2026-02-10,Delivery & Logistics,delivery_logistics,gross_margin,,0,missing,fyn_delivery_logistics_current_20260210_summary.csv,2026-06-07T06:14:41
2026-02-10,Delivery & Logistics,delivery_logistics,revenue_growth_yoy,0.0309,5,ok,fyn_delivery_logistics_current_20260210_summary.csv,2026-06-07T06:14:41
2026-02-10,Delivery & Logistics,delivery_logistics,earnings_growth_yoy,-0.0289,5,ok,fyn_delivery_logistics_current_20260210_summary.csv,2026-06-07T06:14:41
2026-03-10,Delivery & Logistics,delivery_logistics,pe,15.3952,5,ok,fyn_delivery_logistics_current_20260310_summary.csv,2026-06-07T06:14:41
2026-03-10,Delivery & Logistics,delivery_logistics,ps,2.7963,5,ok,fyn_delivery_logistics_current_20260310_summary.csv,2026-06-07T06:14:41
2026-03-10,Delivery & Logistics,delivery_logistics,pb,5.5074,5,ok,fyn_delivery_logistics_current_20260310_summary.csv,2026-06-07T06:14:41
2026-03-10,Delivery & Logistics,delivery_logistics,ev_ebitda,20.0323,5,ok,fyn_delivery_logistics_current_20260310_summary.csv,2026-06-07T06:14:41
2026-03-10,Delivery & Logistics,delivery_logistics,fcf_yield,0.055548,5,ok,fyn_delivery_logistics_current_20260310_summary.csv,2026-06-07T06:14:41
2026-03-10,Delivery & Logistics,delivery_logistics,net_margin,0.0628,5,ok,fyn_delivery_logistics_current_20260310_summary.csv,2026-06-07T06:14:41
2026-03-10,Delivery & Logistics,delivery_logistics,gross_margin,,0,missing,fyn_delivery_logistics_current_20260310_summary.csv,2026-06-07T06:14:41
2026-03-10,Delivery & Logistics,delivery_logistics,revenue_growth_yoy,0.0309,5,ok,fyn_delivery_logistics_current_20260310_summary.csv,2026-06-07T06:14:41
2026-03-10,Delivery & Logistics,delivery_logistics,earnings_growth_yoy,0.02,5,ok,fyn_delivery_logistics_current_20260310_summary.csv,2026-06-07T06:14:41
2026-04-10,Delivery & Logistics,delivery_logistics,pe,15.7125,5,ok,fyn_delivery_logistics_current_20260410_summary.csv,2026-06-07T06:14:41
2026-04-10,Delivery & Logistics,delivery_logistics,ps,2.7886,5,ok,fyn_delivery_logistics_current_20260410_summary.csv,2026-06-07T06:14:41
2026-04-10,Delivery & Logistics,delivery_logistics,pb,5.3643,5,ok,fyn_delivery_logistics_current_20260410_summary.csv,2026-06-07T06:14:41
2026-04-10,Delivery & Logistics,delivery_logistics,ev_ebitda,21.9162,5,ok,fyn_delivery_logistics_current_20260410_summary.csv,2026-06-07T06:14:41
2026-04-10,Delivery & Logistics,delivery_logistics,fcf_yield,0.055122,5,ok,fyn_delivery_logistics_current_20260410_summary.csv,2026-06-07T06:14:41
2026-04-10,Delivery & Logistics,delivery_logistics,net_margin,0.0628,5,ok,fyn_delivery_logistics_current_20260410_summary.csv,2026-06-07T06:14:41
2026-04-10,Delivery & Logistics,delivery_logistics,gross_margin,,0,missing,fyn_delivery_logistics_current_20260410_summary.csv,2026-06-07T06:14:41
2026-04-10,Delivery & Logistics,delivery_logistics,revenue_growth_yoy,0.0469,5,ok,fyn_delivery_logistics_current_20260410_summary.csv,2026-06-07T06:14:41
2026-04-10,Delivery & Logistics,delivery_logistics,earnings_growth_yoy,0.02,5,ok,fyn_delivery_logistics_current_20260410_summary.csv,2026-06-07T06:14:41
2026-05-10,Delivery & Logistics,delivery_logistics,pe,17.9843,5,ok,fyn_delivery_logistics_current_20260510_summary.csv,2026-06-07T06:14:41
2026-05-10,Delivery & Logistics,delivery_logistics,ps,2.8608,5,ok,fyn_delivery_logistics_current_20260510_summary.csv,2026-06-07T06:14:41
2026-05-10,Delivery & Logistics,delivery_logistics,pb,6.2052,5,ok,fyn_delivery_logistics_current_20260510_summary.csv,2026-06-07T06:14:41
2026-05-10,Delivery & Logistics,delivery_logistics,ev_ebitda,20.6008,5,ok,fyn_delivery_logistics_current_20260510_summary.csv,2026-06-07T06:14:41
2026-05-10,Delivery & Logistics,delivery_logistics,fcf_yield,0.052718,5,ok,fyn_delivery_logistics_current_20260510_summary.csv,2026-06-07T06:14:41
2026-05-10,Delivery & Logistics,delivery_logistics,net_margin,0.0594,5,ok,fyn_delivery_logistics_current_20260510_summary.csv,2026-06-07T06:14:41
2026-05-10,Delivery & Logistics,delivery_logistics,gross_margin,,0,missing,fyn_delivery_logistics_current_20260510_summary.csv,2026-06-07T06:14:41
2026-05-10,Delivery & Logistics,delivery_logistics,revenue_growth_yoy,0.0469,5,ok,fyn_delivery_logistics_current_20260510_summary.csv,2026-06-07T06:14:41
2026-05-10,Delivery & Logistics,delivery_logistics,earnings_growth_yoy,-0.1037,5,ok,fyn_delivery_logistics_current_20260510_summary.csv,2026-06-07T06:14:41
2026-06-06,Delivery & Logistics,delivery_logistics,pe,17.6135,5,ok,fyn_delivery_logistics_current_summary.csv,2026-06-07T06:14:41
2026-06-06,Delivery & Logistics,delivery_logistics,ps,2.681,5,ok,fyn_delivery_logistics_current_summary.csv,2026-06-07T06:14:41
2026-06-06,Delivery & Logistics,delivery_logistics,pb,5.8529,5,ok,fyn_delivery_logistics_current_summary.csv,2026-06-07T06:14:41
2026-06-06,Delivery & Logistics,delivery_logistics,ev_ebitda,21.3071,5,ok,fyn_delivery_logistics_current_summary.csv,2026-06-07T06:14:41
2026-06-06,Delivery & Logistics,delivery_logistics,fcf_yield,0.048949,5,ok,fyn_delivery_logistics_current_summary.csv,2026-06-07T06:14:41
2026-06-06,Delivery & Logistics,delivery_logistics,net_margin,0.0594,5,ok,fyn_delivery_logistics_current_summary.csv,2026-06-07T06:14:41
2026-06-06,Delivery & Logistics,delivery_logistics,gross_margin,,0,missing,fyn_delivery_logistics_current_summary.csv,2026-06-07T06:14:41
2026-06-06,Delivery & Logistics,delivery_logistics,revenue_growth_yoy,0.0469,5,ok,fyn_delivery_logistics_current_summary.csv,2026-06-07T06:14:41
2026-06-06,Delivery & Logistics,delivery_logistics,earnings_growth_yoy,-0.1037,5,ok,fyn_delivery_logistics_current_summary.csv,2026-06-07T06:14:41
2025-09-10,Drugs,drugs,pe,18.6824,5,ok,fyn_drugs_current_20250910_summary.csv,2026-06-07T06:14:41
2025-09-10,Drugs,drugs,ps,4.6715,5,ok,fyn_drugs_current_20250910_summary.csv,2026-06-07T06:14:41
2025-09-10,Drugs,drugs,pb,4.83955,4,ok,fyn_drugs_current_20250910_summary.csv,2026-06-07T06:14:41
2025-09-10,Drugs,drugs,ev_ebitda,,0,missing,fyn_drugs_current_20250910_summary.csv,2026-06-07T06:14:41
2025-09-10,Drugs,drugs,fcf_yield,0.059463,4,ok,fyn_drugs_current_20250910_summary.csv,2026-06-07T06:14:41
2025-09-10,Drugs,drugs,net_margin,0.25,5,ok,fyn_drugs_current_20250910_summary.csv,2026-06-07T06:14:41
2025-09-10,Drugs,drugs,gross_margin,0.6895,2,ok,fyn_drugs_current_20250910_summary.csv,2026-06-07T06:14:41
2025-09-10,Drugs,drugs,revenue_growth_yoy,0.0605,5,ok,fyn_drugs_current_20250910_summary.csv,2026-06-07T06:14:41
2025-09-10,Drugs,drugs,earnings_growth_yoy,-0.2952,5,ok,fyn_drugs_current_20250910_summary.csv,2026-06-07T06:14:41
2025-10-10,Drugs,drugs,pe,20.2691,5,ok,fyn_drugs_current_20251010_summary.csv,2026-06-07T06:14:41
2025-10-10,Drugs,drugs,ps,5.0682,5,ok,fyn_drugs_current_20251010_summary.csv,2026-06-07T06:14:41
2025-10-10,Drugs,drugs,pb,5.1186,4,ok,fyn_drugs_current_20251010_summary.csv,2026-06-07T06:14:41
2025-10-10,Drugs,drugs,ev_ebitda,,0,missing,fyn_drugs_current_20251010_summary.csv,2026-06-07T06:14:41
2025-10-10,Drugs,drugs,fcf_yield,0.056668,4,ok,fyn_drugs_current_20251010_summary.csv,2026-06-07T06:14:41
2025-10-10,Drugs,drugs,net_margin,0.25,5,ok,fyn_drugs_current_20251010_summary.csv,2026-06-07T06:14:41
2025-10-10,Drugs,drugs,gross_margin,0.6895,2,ok,fyn_drugs_current_20251010_summary.csv,2026-06-07T06:14:41
2025-10-10,Drugs,drugs,revenue_growth_yoy,0.0605,5,ok,fyn_drugs_current_20251010_summary.csv,2026-06-07T06:14:41
2025-10-10,Drugs,drugs,earnings_growth_yoy,-0.2952,5,ok,fyn_drugs_current_20251010_summary.csv,2026-06-07T06:14:41
2025-11-10,Drugs,drugs,pe,18.0714,5,ok,fyn_drugs_current_20251110_summary.csv,2026-06-07T06:14:41
2025-11-10,Drugs,drugs,ps,4.9261,5,ok,fyn_drugs_current_20251110_summary.csv,2026-06-07T06:14:41
2025-11-10,Drugs,drugs,pb,4.9393,4,ok,fyn_drugs_current_20251110_summary.csv,2026-06-07T06:14:41
2025-11-10,Drugs,drugs,ev_ebitda,,0,missing,fyn_drugs_current_20251110_summary.csv,2026-06-07T06:14:41
2025-11-10,Drugs,drugs,fcf_yield,0.055764,4,ok,fyn_drugs_current_20251110_summary.csv,2026-06-07T06:14:41
2025-11-10,Drugs,drugs,net_margin,0.2726,5,ok,fyn_drugs_current_20251110_summary.csv,2026-06-07T06:14:41
2025-11-10,Drugs,drugs,gross_margin,0.6826,2,ok,fyn_drugs_current_20251110_summary.csv,2026-06-07T06:14:41
2025-11-10,Drugs,drugs,revenue_growth_yoy,0.0508,5,ok,fyn_drugs_current_20251110_summary.csv,2026-06-07T06:14:41
2025-11-10,Drugs,drugs,earnings_growth_yoy,0.7106,5,ok,fyn_drugs_current_20251110_summary.csv,2026-06-07T06:14:41
2025-12-10,Drugs,drugs,pe,19.8103,5,ok,fyn_drugs_current_20251210_summary.csv,2026-06-07T06:14:41
2025-12-10,Drugs,drugs,ps,5.4001,5,ok,fyn_drugs_current_20251210_summary.csv,2026-06-07T06:14:41
2025-12-10,Drugs,drugs,pb,5.47495,4,ok,fyn_drugs_current_20251210_summary.csv,2026-06-07T06:14:41
2025-12-10,Drugs,drugs,ev_ebitda,,0,missing,fyn_drugs_current_20251210_summary.csv,2026-06-07T06:14:41
2025-12-10,Drugs,drugs,fcf_yield,0.051658,4,ok,fyn_drugs_current_20251210_summary.csv,2026-06-07T06:14:41
2025-12-10,Drugs,drugs,net_margin,0.2726,5,ok,fyn_drugs_current_20251210_summary.csv,2026-06-07T06:14:41
2025-12-10,Drugs,drugs,gross_margin,0.6826,2,ok,fyn_drugs_current_20251210_summary.csv,2026-06-07T06:14:41
2025-12-10,Drugs,drugs,revenue_growth_yoy,0.0508,5,ok,fyn_drugs_current_20251210_summary.csv,2026-06-07T06:14:41
2025-12-10,Drugs,drugs,earnings_growth_yoy,0.7106,5,ok,fyn_drugs_current_20251210_summary.csv,2026-06-07T06:14:41
2026-01-10,Drugs,drugs,pe,19.6041,5,ok,fyn_drugs_current_20260110_summary.csv,2026-06-07T06:14:41
2026-01-10,Drugs,drugs,ps,5.3439,5,ok,fyn_drugs_current_20260110_summary.csv,2026-06-07T06:14:41
2026-01-10,Drugs,drugs,pb,5.7513,4,ok,fyn_drugs_current_20260110_summary.csv,2026-06-07T06:14:41
2026-01-10,Drugs,drugs,ev_ebitda,,0,missing,fyn_drugs_current_20260110_summary.csv,2026-06-07T06:14:41
2026-01-10,Drugs,drugs,fcf_yield,0.049086,4,ok,fyn_drugs_current_20260110_summary.csv,2026-06-07T06:14:41
2026-01-10,Drugs,drugs,net_margin,0.2726,5,ok,fyn_drugs_current_20260110_summary.csv,2026-06-07T06:14:41
2026-01-10,Drugs,drugs,gross_margin,0.6826,2,ok,fyn_drugs_current_20260110_summary.csv,2026-06-07T06:14:41
2026-01-10,Drugs,drugs,revenue_growth_yoy,0.0508,5,ok,fyn_drugs_current_20260110_summary.csv,2026-06-07T06:14:41
2026-01-10,Drugs,drugs,earnings_growth_yoy,0.7106,5,ok,fyn_drugs_current_20260110_summary.csv,2026-06-07T06:14:41
2026-02-10,Drugs,drugs,pe,22.8614,5,ok,fyn_drugs_current_20260210_summary.csv,2026-06-07T06:14:41
2026-02-10,Drugs,drugs,ps,6.2318,5,ok,fyn_drugs_current_20260210_summary.csv,2026-06-07T06:14:41
2026-02-10,Drugs,drugs,pb,6.4258,4,ok,fyn_drugs_current_20260210_summary.csv,2026-06-07T06:14:41
2026-02-10,Drugs,drugs,ev_ebitda,,0,missing,fyn_drugs_current_20260210_summary.csv,2026-06-07T06:14:41
2026-02-10,Drugs,drugs,fcf_yield,0.047474,4,ok,fyn_drugs_current_20260210_summary.csv,2026-06-07T06:14:41
2026-02-10,Drugs,drugs,net_margin,0.2726,5,ok,fyn_drugs_current_20260210_summary.csv,2026-06-07T06:14:41
2026-02-10,Drugs,drugs,gross_margin,0.6826,2,ok,fyn_drugs_current_20260210_summary.csv,2026-06-07T06:14:41
2026-02-10,Drugs,drugs,revenue_growth_yoy,0.0508,5,ok,fyn_drugs_current_20260210_summary.csv,2026-06-07T06:14:41
2026-02-10,Drugs,drugs,earnings_growth_yoy,0.7106,5,ok,fyn_drugs_current_20260210_summary.csv,2026-06-07T06:14:41
2026-03-10,Drugs,drugs,pe,21.9115,5,ok,fyn_drugs_current_20260310_summary.csv,2026-06-07T06:14:41
2026-03-10,Drugs,drugs,ps,6.2352,5,ok,fyn_drugs_current_20260310_summary.csv,2026-06-07T06:14:41
2026-03-10,Drugs,drugs,pb,6.3527,4,ok,fyn_drugs_current_20260310_summary.csv,2026-06-07T06:14:41
2026-03-10,Drugs,drugs,ev_ebitda,,0,missing,fyn_drugs_current_20260310_summary.csv,2026-06-07T06:14:41
2026-03-10,Drugs,drugs,fcf_yield,0.04354,4,ok,fyn_drugs_current_20260310_summary.csv,2026-06-07T06:14:41
2026-03-10,Drugs,drugs,net_margin,0.2808,5,ok,fyn_drugs_current_20260310_summary.csv,2026-06-07T06:14:41
2026-03-10,Drugs,drugs,gross_margin,0.6854,2,ok,fyn_drugs_current_20260310_summary.csv,2026-06-07T06:14:41
2026-03-10,Drugs,drugs,revenue_growth_yoy,0.0605,5,ok,fyn_drugs_current_20260310_summary.csv,2026-06-07T06:14:41
2026-03-10,Drugs,drugs,earnings_growth_yoy,0.0664,5,ok,fyn_drugs_current_20260310_summary.csv,2026-06-07T06:14:41
2026-04-10,Drugs,drugs,pe,21.4395,5,ok,fyn_drugs_current_20260410_summary.csv,2026-06-07T06:14:41
2026-04-10,Drugs,drugs,ps,6.0117,5,ok,fyn_drugs_current_20260410_summary.csv,2026-06-07T06:14:41
2026-04-10,Drugs,drugs,pb,6.3769,4,ok,fyn_drugs_current_20260410_summary.csv,2026-06-07T06:14:41
2026-04-10,Drugs,drugs,ev_ebitda,,0,missing,fyn_drugs_current_20260410_summary.csv,2026-06-07T06:14:41
2026-04-10,Drugs,drugs,fcf_yield,0.044815,4,ok,fyn_drugs_current_20260410_summary.csv,2026-06-07T06:14:41
2026-04-10,Drugs,drugs,net_margin,0.2808,5,ok,fyn_drugs_current_20260410_summary.csv,2026-06-07T06:14:41
2026-04-10,Drugs,drugs,gross_margin,0.6854,2,ok,fyn_drugs_current_20260410_summary.csv,2026-06-07T06:14:41
2026-04-10,Drugs,drugs,revenue_growth_yoy,0.0605,5,ok,fyn_drugs_current_20260410_summary.csv,2026-06-07T06:14:41
2026-04-10,Drugs,drugs,earnings_growth_yoy,0.0664,5,ok,fyn_drugs_current_20260410_summary.csv,2026-06-07T06:14:41
2026-05-10,Drugs,drugs,pe,30.7878,5,ok,fyn_drugs_current_20260510_summary.csv,2026-06-07T06:14:41
2026-05-10,Drugs,drugs,ps,5.5288,5,ok,fyn_drugs_current_20260510_summary.csv,2026-06-07T06:14:41
2026-05-10,Drugs,drugs,pb,6.2792,4,ok,fyn_drugs_current_20260510_summary.csv,2026-06-07T06:14:41
2026-05-10,Drugs,drugs,ev_ebitda,,0,missing,fyn_drugs_current_20260510_summary.csv,2026-06-07T06:14:41
2026-05-10,Drugs,drugs,fcf_yield,0.05371,4,ok,fyn_drugs_current_20260510_summary.csv,2026-06-07T06:14:41
2026-05-10,Drugs,drugs,net_margin,0.1359,5,ok,fyn_drugs_current_20260510_summary.csv,2026-06-07T06:14:41
2026-05-10,Drugs,drugs,gross_margin,0.67595,2,ok,fyn_drugs_current_20260510_summary.csv,2026-06-07T06:14:41
2026-05-10,Drugs,drugs,revenue_growth_yoy,0.0787,5,ok,fyn_drugs_current_20260510_summary.csv,2026-06-07T06:14:41
2026-05-10,Drugs,drugs,earnings_growth_yoy,-0.0499,5,ok,fyn_drugs_current_20260510_summary.csv,2026-06-07T06:14:41
2026-06-06,Drugs,drugs,pe,33.3889,5,ok,fyn_drugs_current_summary.csv,2026-06-07T06:14:41
2026-06-06,Drugs,drugs,ps,5.8148,5,ok,fyn_drugs_current_summary.csv,2026-06-07T06:14:41
2026-06-06,Drugs,drugs,pb,6.70225,4,ok,fyn_drugs_current_summary.csv,2026-06-07T06:14:41
2026-06-06,Drugs,drugs,ev_ebitda,,0,missing,fyn_drugs_current_summary.csv,2026-06-07T06:14:41
2026-06-06,Drugs,drugs,fcf_yield,0.04854,4,ok,fyn_drugs_current_summary.csv,2026-06-07T06:14:41
2026-06-06,Drugs,drugs,net_margin,0.1359,5,ok,fyn_drugs_current_summary.csv,2026-06-07T06:14:41
2026-06-06,Drugs,drugs,gross_margin,0.67595,2,ok,fyn_drugs_current_summary.csv,2026-06-07T06:14:41
2026-06-06,Drugs,drugs,revenue_growth_yoy,0.0787,5,ok,fyn_drugs_current_summary.csv,2026-06-07T06:14:41
2026-06-06,Drugs,drugs,earnings_growth_yoy,-0.0499,5,ok,fyn_drugs_current_summary.csv,2026-06-07T06:14:41
2025-09-10,Energy,energy,pe,12.8253,5,ok,fyn_energy_current_20250910_summary.csv,2026-06-07T06:14:41
2025-09-10,Energy,energy,ps,1.4524,5,ok,fyn_energy_current_20250910_summary.csv,2026-06-07T06:14:41
2025-09-10,Energy,energy,pb,1.8622,5,ok,fyn_energy_current_20250910_summary.csv,2026-06-07T06:14:41
2025-09-10,Energy,energy,ev_ebitda,5.3008,1,ok,fyn_energy_current_20250910_summary.csv,2026-06-07T06:14:41
2025-09-10,Energy,energy,fcf_yield,0.060722,3,ok,fyn_energy_current_20250910_summary.csv,2026-06-07T06:14:41
2025-09-10,Energy,energy,net_margin,0.1153,5,ok,fyn_energy_current_20250910_summary.csv,2026-06-07T06:14:41
2025-09-10,Energy,energy,gross_margin,,0,missing,fyn_energy_current_20250910_summary.csv,2026-06-07T06:14:41
2025-09-10,Energy,energy,revenue_growth_yoy,-0.0375,5,ok,fyn_energy_current_20250910_summary.csv,2026-06-07T06:14:41
2025-09-10,Energy,energy,earnings_growth_yoy,-0.1404,5,ok,fyn_energy_current_20250910_summary.csv,2026-06-07T06:14:41
2025-10-10,Energy,energy,pe,11.917,5,ok,fyn_energy_current_20251010_summary.csv,2026-06-07T06:14:41
2025-10-10,Energy,energy,ps,1.3963,5,ok,fyn_energy_current_20251010_summary.csv,2026-06-07T06:14:41
2025-10-10,Energy,energy,pb,1.7977,5,ok,fyn_energy_current_20251010_summary.csv,2026-06-07T06:14:41
2025-10-10,Energy,energy,ev_ebitda,4.7171,1,ok,fyn_energy_current_20251010_summary.csv,2026-06-07T06:14:41
2025-10-10,Energy,energy,fcf_yield,0.062581,3,ok,fyn_energy_current_20251010_summary.csv,2026-06-07T06:14:41
2025-10-10,Energy,energy,net_margin,0.1153,5,ok,fyn_energy_current_20251010_summary.csv,2026-06-07T06:14:41
2025-10-10,Energy,energy,gross_margin,,0,missing,fyn_energy_current_20251010_summary.csv,2026-06-07T06:14:41
2025-10-10,Energy,energy,revenue_growth_yoy,-0.0375,5,ok,fyn_energy_current_20251010_summary.csv,2026-06-07T06:14:41
2025-10-10,Energy,energy,earnings_growth_yoy,-0.1404,5,ok,fyn_energy_current_20251010_summary.csv,2026-06-07T06:14:41
2025-11-10,Energy,energy,pe,15.1278,5,ok,fyn_energy_current_20251110_summary.csv,2026-06-07T06:14:41
2025-11-10,Energy,energy,ps,1.6761,5,ok,fyn_energy_current_20251110_summary.csv,2026-06-07T06:14:41
2025-11-10,Energy,energy,pb,1.9094,5,ok,fyn_energy_current_20251110_summary.csv,2026-06-07T06:14:41
2025-11-10,Energy,energy,ev_ebitda,4.81,1,ok,fyn_energy_current_20251110_summary.csv,2026-06-07T06:14:41
2025-11-10,Energy,energy,fcf_yield,0.049214,3,ok,fyn_energy_current_20251110_summary.csv,2026-06-07T06:14:41
2025-11-10,Energy,energy,net_margin,0.1034,5,ok,fyn_energy_current_20251110_summary.csv,2026-06-07T06:14:41
2025-11-10,Energy,energy,gross_margin,,0,missing,fyn_energy_current_20251110_summary.csv,2026-06-07T06:14:41
2025-11-10,Energy,energy,revenue_growth_yoy,-0.0363,5,ok,fyn_energy_current_20251110_summary.csv,2026-06-07T06:14:41
2025-11-10,Energy,energy,earnings_growth_yoy,-0.186,5,ok,fyn_energy_current_20251110_summary.csv,2026-06-07T06:14:41
2025-12-10,Energy,energy,pe,16.3655,5,ok,fyn_energy_current_20251210_summary.csv,2026-06-07T06:14:41
2025-12-10,Energy,energy,ps,1.6924,5,ok,fyn_energy_current_20251210_summary.csv,2026-06-07T06:14:41
2025-12-10,Energy,energy,pb,1.9347,5,ok,fyn_energy_current_20251210_summary.csv,2026-06-07T06:14:41
2025-12-10,Energy,energy,ev_ebitda,5.0436,1,ok,fyn_energy_current_20251210_summary.csv,2026-06-07T06:14:41
2025-12-10,Energy,energy,fcf_yield,0.050593,3,ok,fyn_energy_current_20251210_summary.csv,2026-06-07T06:14:41
2025-12-10,Energy,energy,net_margin,0.1034,5,ok,fyn_energy_current_20251210_summary.csv,2026-06-07T06:14:41
2025-12-10,Energy,energy,gross_margin,,0,missing,fyn_energy_current_20251210_summary.csv,2026-06-07T06:14:41
2025-12-10,Energy,energy,revenue_growth_yoy,-0.0363,5,ok,fyn_energy_current_20251210_summary.csv,2026-06-07T06:14:41
2025-12-10,Energy,energy,earnings_growth_yoy,-0.186,5,ok,fyn_energy_current_20251210_summary.csv,2026-06-07T06:14:41
2026-01-10,Energy,energy,pe,17.5442,5,ok,fyn_energy_current_20260110_summary.csv,2026-06-07T06:14:41
2026-01-10,Energy,energy,ps,1.9157,5,ok,fyn_energy_current_20260110_summary.csv,2026-06-07T06:14:41
2026-01-10,Energy,energy,pb,1.8798,5,ok,fyn_energy_current_20260110_summary.csv,2026-06-07T06:14:41
2026-01-10,Energy,energy,ev_ebitda,4.7306,1,ok,fyn_energy_current_20260110_summary.csv,2026-06-07T06:14:41
2026-01-10,Energy,energy,fcf_yield,0.047253,3,ok,fyn_energy_current_20260110_summary.csv,2026-06-07T06:14:41
2026-01-10,Energy,energy,net_margin,0.1034,5,ok,fyn_energy_current_20260110_summary.csv,2026-06-07T06:14:41
2026-01-10,Energy,energy,gross_margin,,0,missing,fyn_energy_current_20260110_summary.csv,2026-06-07T06:14:41
2026-01-10,Energy,energy,revenue_growth_yoy,-0.0363,5,ok,fyn_energy_current_20260110_summary.csv,2026-06-07T06:14:41
2026-01-10,Energy,energy,earnings_growth_yoy,-0.186,5,ok,fyn_energy_current_20260110_summary.csv,2026-06-07T06:14:41
2026-02-10,Energy,energy,pe,21.3428,5,ok,fyn_energy_current_20260210_summary.csv,2026-06-07T06:14:41
2026-02-10,Energy,energy,ps,2.1072,5,ok,fyn_energy_current_20260210_summary.csv,2026-06-07T06:14:41
2026-02-10,Energy,energy,pb,2.0461,5,ok,fyn_energy_current_20260210_summary.csv,2026-06-07T06:14:41
2026-02-10,Energy,energy,ev_ebitda,5.1046,1,ok,fyn_energy_current_20260210_summary.csv,2026-06-07T06:14:41
2026-02-10,Energy,energy,fcf_yield,0.042029,3,ok,fyn_energy_current_20260210_summary.csv,2026-06-07T06:14:41
2026-02-10,Energy,energy,net_margin,0.0945,5,ok,fyn_energy_current_20260210_summary.csv,2026-06-07T06:14:41
2026-02-10,Energy,energy,gross_margin,,0,missing,fyn_energy_current_20260210_summary.csv,2026-06-07T06:14:41
2026-02-10,Energy,energy,revenue_growth_yoy,-0.0363,5,ok,fyn_energy_current_20260210_summary.csv,2026-06-07T06:14:41
2026-02-10,Energy,energy,earnings_growth_yoy,-0.2255,5,ok,fyn_energy_current_20260210_summary.csv,2026-06-07T06:14:41
2026-03-10,Energy,energy,pe,21.322,5,ok,fyn_energy_current_20260310_summary.csv,2026-06-07T06:14:41
2026-03-10,Energy,energy,ps,2.0155,5,ok,fyn_energy_current_20260310_summary.csv,2026-06-07T06:14:41
2026-03-10,Energy,energy,pb,2.2999,5,ok,fyn_energy_current_20260310_summary.csv,2026-06-07T06:14:41
2026-03-10,Energy,energy,ev_ebitda,6.0129,1,ok,fyn_energy_current_20260310_summary.csv,2026-06-07T06:14:41
2026-03-10,Energy,energy,fcf_yield,0.044636,3,ok,fyn_energy_current_20260310_summary.csv,2026-06-07T06:14:41
2026-03-10,Energy,energy,net_margin,0.0945,5,ok,fyn_energy_current_20260310_summary.csv,2026-06-07T06:14:41
2026-03-10,Energy,energy,gross_margin,,0,missing,fyn_energy_current_20260310_summary.csv,2026-06-07T06:14:41
2026-03-10,Energy,energy,revenue_growth_yoy,-0.045,5,ok,fyn_energy_current_20260310_summary.csv,2026-06-07T06:14:41
2026-03-10,Energy,energy,earnings_growth_yoy,-0.2222,5,ok,fyn_energy_current_20260310_summary.csv,2026-06-07T06:14:41
2026-04-10,Energy,energy,pe,22.0314,5,ok,fyn_energy_current_20260410_summary.csv,2026-06-07T06:14:41
2026-04-10,Energy,energy,ps,2.1742,5,ok,fyn_energy_current_20260410_summary.csv,2026-06-07T06:14:41
2026-04-10,Energy,energy,pb,2.4491,5,ok,fyn_energy_current_20260410_summary.csv,2026-06-07T06:14:41
2026-04-10,Energy,energy,ev_ebitda,6.4235,1,ok,fyn_energy_current_20260410_summary.csv,2026-06-07T06:14:41
2026-04-10,Energy,energy,fcf_yield,0.044101,3,ok,fyn_energy_current_20260410_summary.csv,2026-06-07T06:14:41
2026-04-10,Energy,energy,net_margin,0.0945,5,ok,fyn_energy_current_20260410_summary.csv,2026-06-07T06:14:41
2026-04-10,Energy,energy,gross_margin,,0,missing,fyn_energy_current_20260410_summary.csv,2026-06-07T06:14:41
2026-04-10,Energy,energy,revenue_growth_yoy,-0.045,5,ok,fyn_energy_current_20260410_summary.csv,2026-06-07T06:14:41
2026-04-10,Energy,energy,earnings_growth_yoy,-0.2222,5,ok,fyn_energy_current_20260410_summary.csv,2026-06-07T06:14:41
2026-05-10,Energy,energy,pe,23.6721,5,ok,fyn_energy_current_20260510_summary.csv,2026-06-07T06:14:41
2026-05-10,Energy,energy,ps,2.216,5,ok,fyn_energy_current_20260510_summary.csv,2026-06-07T06:14:41
2026-05-10,Energy,energy,pb,2.2408,5,ok,fyn_energy_current_20260510_summary.csv,2026-06-07T06:14:41
2026-05-10,Energy,energy,ev_ebitda,5.5596,1,ok,fyn_energy_current_20260510_summary.csv,2026-06-07T06:14:41
2026-05-10,Energy,energy,fcf_yield,0.038099,3,ok,fyn_energy_current_20260510_summary.csv,2026-06-07T06:14:41
2026-05-10,Energy,energy,net_margin,0.0926,5,ok,fyn_energy_current_20260510_summary.csv,2026-06-07T06:14:41
2026-05-10,Energy,energy,gross_margin,,0,missing,fyn_energy_current_20260510_summary.csv,2026-06-07T06:14:41
2026-05-10,Energy,energy,revenue_growth_yoy,-0.0144,5,ok,fyn_energy_current_20260510_summary.csv,2026-06-07T06:14:41
2026-05-10,Energy,energy,earnings_growth_yoy,-0.2327,5,ok,fyn_energy_current_20260510_summary.csv,2026-06-07T06:14:41
2026-06-06,Energy,energy,pe,24.5481,5,ok,fyn_energy_current_summary.csv,2026-06-07T06:14:41
2026-06-06,Energy,energy,ps,2.2825,5,ok,fyn_energy_current_summary.csv,2026-06-07T06:14:41
2026-06-06,Energy,energy,pb,2.3743,5,ok,fyn_energy_current_summary.csv,2026-06-07T06:14:41
2026-06-06,Energy,energy,ev_ebitda,5.9105,1,ok,fyn_energy_current_summary.csv,2026-06-07T06:14:41
2026-06-06,Energy,energy,fcf_yield,0.036942,3,ok,fyn_energy_current_summary.csv,2026-06-07T06:14:41
2026-06-06,Energy,energy,net_margin,0.0926,5,ok,fyn_energy_current_summary.csv,2026-06-07T06:14:41
2026-06-06,Energy,energy,gross_margin,,0,missing,fyn_energy_current_summary.csv,2026-06-07T06:14:41
2026-06-06,Energy,energy,revenue_growth_yoy,-0.0144,5,ok,fyn_energy_current_summary.csv,2026-06-07T06:14:41
2026-06-06,Energy,energy,earnings_growth_yoy,-0.2327,5,ok,fyn_energy_current_summary.csv,2026-06-07T06:14:41
2025-09-10,Food & Staples,food,pe,31.6882,6,ok,fyn_food_current_20250910_summary.csv,2026-06-07T06:14:41
2025-09-10,Food & Staples,food,ps,2.72715,6,ok,fyn_food_current_20250910_summary.csv,2026-06-07T06:14:41
2025-09-10,Food & Staples,food,pb,9.5475,6,ok,fyn_food_current_20250910_summary.csv,2026-06-07T06:14:41
2025-09-10,Food & Staples,food,ev_ebitda,21.2633,6,ok,fyn_food_current_20250910_summary.csv,2026-06-07T06:14:41
2025-09-10,Food & Staples,food,fcf_yield,0.030237,5,ok,fyn_food_current_20250910_summary.csv,2026-06-07T06:14:41
2025-09-10,Food & Staples,food,net_margin,0.10885,6,ok,fyn_food_current_20250910_summary.csv,2026-06-07T06:14:41
2025-09-10,Food & Staples,food,gross_margin,0.54805,4,ok,fyn_food_current_20250910_summary.csv,2026-06-07T06:14:41
2025-09-10,Food & Staples,food,revenue_growth_yoy,0.03125,6,ok,fyn_food_current_20250910_summary.csv,2026-06-07T06:14:41
2025-09-10,Food & Staples,food,earnings_growth_yoy,0.013,6,ok,fyn_food_current_20250910_summary.csv,2026-06-07T06:14:41
2025-10-10,Food & Staples,food,pe,28.4107,7,ok,fyn_food_current_20251010_summary.csv,2026-06-07T06:14:41
2025-10-10,Food & Staples,food,ps,2.2217,7,ok,fyn_food_current_20251010_summary.csv,2026-06-07T06:14:41
2025-10-10,Food & Staples,food,pb,9.4529,7,ok,fyn_food_current_20251010_summary.csv,2026-06-07T06:14:41
2025-10-10,Food & Staples,food,ev_ebitda,19.8261,7,ok,fyn_food_current_20251010_summary.csv,2026-06-07T06:14:41
2025-10-10,Food & Staples,food,fcf_yield,0.030183,6,ok,fyn_food_current_20251010_summary.csv,2026-06-07T06:14:41
2025-10-10,Food & Staples,food,net_margin,0.0981,7,ok,fyn_food_current_20251010_summary.csv,2026-06-07T06:14:41
2025-10-10,Food & Staples,food,gross_margin,0.5396,5,ok,fyn_food_current_20251010_summary.csv,2026-06-07T06:14:41
2025-10-10,Food & Staples,food,revenue_growth_yoy,0.0314,7,ok,fyn_food_current_20251010_summary.csv,2026-06-07T06:14:41
2025-10-10,Food & Staples,food,earnings_growth_yoy,-0.0674,7,ok,fyn_food_current_20251010_summary.csv,2026-06-07T06:14:41
2025-11-10,Food & Staples,food,pe,26.9985,7,ok,fyn_food_current_20251110_summary.csv,2026-06-07T06:14:41
2025-11-10,Food & Staples,food,ps,2.1113,7,ok,fyn_food_current_20251110_summary.csv,2026-06-07T06:14:41
2025-11-10,Food & Staples,food,pb,9.062,7,ok,fyn_food_current_20251110_summary.csv,2026-06-07T06:14:41
2025-11-10,Food & Staples,food,ev_ebitda,19.935,7,ok,fyn_food_current_20251110_summary.csv,2026-06-07T06:14:41
2025-11-10,Food & Staples,food,fcf_yield,0.029013,7,ok,fyn_food_current_20251110_summary.csv,2026-06-07T06:14:41
2025-11-10,Food & Staples,food,net_margin,0.0938,7,ok,fyn_food_current_20251110_summary.csv,2026-06-07T06:14:41
2025-11-10,Food & Staples,food,gross_margin,0.5396,5,ok,fyn_food_current_20251110_summary.csv,2026-06-07T06:14:41
2025-11-10,Food & Staples,food,revenue_growth_yoy,0.0417,7,ok,fyn_food_current_20251110_summary.csv,2026-06-07T06:14:41
2025-11-10,Food & Staples,food,earnings_growth_yoy,0.0758,7,ok,fyn_food_current_20251110_summary.csv,2026-06-07T06:14:41
2025-12-10,Food & Staples,food,pe,28.3388,7,ok,fyn_food_current_20251210_summary.csv,2026-06-07T06:14:41
2025-12-10,Food & Staples,food,ps,2.2161,7,ok,fyn_food_current_20251210_summary.csv,2026-06-07T06:14:41
2025-12-10,Food & Staples,food,pb,9.3873,7,ok,fyn_food_current_20251210_summary.csv,2026-06-07T06:14:41
2025-12-10,Food & Staples,food,ev_ebitda,21.1489,7,ok,fyn_food_current_20251210_summary.csv,2026-06-07T06:14:41
2025-12-10,Food & Staples,food,fcf_yield,0.027508,7,ok,fyn_food_current_20251210_summary.csv,2026-06-07T06:14:41
2025-12-10,Food & Staples,food,net_margin,0.0938,7,ok,fyn_food_current_20251210_summary.csv,2026-06-07T06:14:41
2025-12-10,Food & Staples,food,gross_margin,0.5396,5,ok,fyn_food_current_20251210_summary.csv,2026-06-07T06:14:41
2025-12-10,Food & Staples,food,revenue_growth_yoy,0.043,7,ok,fyn_food_current_20251210_summary.csv,2026-06-07T06:14:41
2025-12-10,Food & Staples,food,earnings_growth_yoy,0.0758,7,ok,fyn_food_current_20251210_summary.csv,2026-06-07T06:14:41
2026-01-10,Food & Staples,food,pe,28.1392,7,ok,fyn_food_current_20260110_summary.csv,2026-06-07T06:14:41
2026-01-10,Food & Staples,food,ps,2.0712,7,ok,fyn_food_current_20260110_summary.csv,2026-06-07T06:14:41
2026-01-10,Food & Staples,food,pb,9.7067,7,ok,fyn_food_current_20260110_summary.csv,2026-06-07T06:14:41
2026-01-10,Food & Staples,food,ev_ebitda,21.231,7,ok,fyn_food_current_20260110_summary.csv,2026-06-07T06:14:41
2026-01-10,Food & Staples,food,fcf_yield,0.026271,7,ok,fyn_food_current_20260110_summary.csv,2026-06-07T06:14:41
2026-01-10,Food & Staples,food,net_margin,0.0938,7,ok,fyn_food_current_20260110_summary.csv,2026-06-07T06:14:41
2026-01-10,Food & Staples,food,gross_margin,0.5396,5,ok,fyn_food_current_20260110_summary.csv,2026-06-07T06:14:41
2026-01-10,Food & Staples,food,revenue_growth_yoy,0.043,7,ok,fyn_food_current_20260110_summary.csv,2026-06-07T06:14:41
2026-01-10,Food & Staples,food,earnings_growth_yoy,0.0758,7,ok,fyn_food_current_20260110_summary.csv,2026-06-07T06:14:41
2026-02-10,Food & Staples,food,pe,34.0819,7,ok,fyn_food_current_20260210_summary.csv,2026-06-07T06:14:41
2026-02-10,Food & Staples,food,ps,2.4295,7,ok,fyn_food_current_20260210_summary.csv,2026-06-07T06:14:41
2026-02-10,Food & Staples,food,pb,10.5087,7,ok,fyn_food_current_20260210_summary.csv,2026-06-07T06:14:41
2026-02-10,Food & Staples,food,ev_ebitda,22.9549,7,ok,fyn_food_current_20260210_summary.csv,2026-06-07T06:14:41
2026-02-10,Food & Staples,food,fcf_yield,0.025343,7,ok,fyn_food_current_20260210_summary.csv,2026-06-07T06:14:41
2026-02-10,Food & Staples,food,net_margin,0.0877,7,ok,fyn_food_current_20260210_summary.csv,2026-06-07T06:14:41
2026-02-10,Food & Staples,food,gross_margin,0.5415,5,ok,fyn_food_current_20260210_summary.csv,2026-06-07T06:14:41
2026-02-10,Food & Staples,food,revenue_growth_yoy,0.0471,7,ok,fyn_food_current_20260210_summary.csv,2026-06-07T06:14:41
2026-02-10,Food & Staples,food,earnings_growth_yoy,0.0758,7,ok,fyn_food_current_20260210_summary.csv,2026-06-07T06:14:41
2026-03-10,Food & Staples,food,pe,39.3787,7,ok,fyn_food_current_20260310_summary.csv,2026-06-07T06:14:41
2026-03-10,Food & Staples,food,ps,2.3394,7,ok,fyn_food_current_20260310_summary.csv,2026-06-07T06:14:41
2026-03-10,Food & Staples,food,pb,10.3776,7,ok,fyn_food_current_20260310_summary.csv,2026-06-07T06:14:41
2026-03-10,Food & Staples,food,ev_ebitda,24.763,7,ok,fyn_food_current_20260310_summary.csv,2026-06-07T06:14:41
2026-03-10,Food & Staples,food,fcf_yield,0.0262,7,ok,fyn_food_current_20260310_summary.csv,2026-06-07T06:14:41
2026-03-10,Food & Staples,food,net_margin,0.0755,7,ok,fyn_food_current_20260310_summary.csv,2026-06-07T06:14:41
2026-03-10,Food & Staples,food,gross_margin,0.5415,5,ok,fyn_food_current_20260310_summary.csv,2026-06-07T06:14:41
2026-03-10,Food & Staples,food,revenue_growth_yoy,0.0438,7,ok,fyn_food_current_20260310_summary.csv,2026-06-07T06:14:41
2026-03-10,Food & Staples,food,earnings_growth_yoy,0.0958,7,ok,fyn_food_current_20260310_summary.csv,2026-06-07T06:14:41
2026-04-10,Food & Staples,food,pe,38.8755,7,ok,fyn_food_current_20260410_summary.csv,2026-06-07T06:14:41
2026-04-10,Food & Staples,food,ps,2.2853,7,ok,fyn_food_current_20260410_summary.csv,2026-06-07T06:14:41
2026-04-10,Food & Staples,food,pb,10.1455,7,ok,fyn_food_current_20260410_summary.csv,2026-06-07T06:14:41
2026-04-10,Food & Staples,food,ev_ebitda,23.5782,7,ok,fyn_food_current_20260410_summary.csv,2026-06-07T06:14:41
2026-04-10,Food & Staples,food,fcf_yield,0.026539,7,ok,fyn_food_current_20260410_summary.csv,2026-06-07T06:14:41
2026-04-10,Food & Staples,food,net_margin,0.0755,7,ok,fyn_food_current_20260410_summary.csv,2026-06-07T06:14:41
2026-04-10,Food & Staples,food,gross_margin,0.5415,5,ok,fyn_food_current_20260410_summary.csv,2026-06-07T06:14:41
2026-04-10,Food & Staples,food,revenue_growth_yoy,0.0473,7,ok,fyn_food_current_20260410_summary.csv,2026-06-07T06:14:41
2026-04-10,Food & Staples,food,earnings_growth_yoy,0.1218,7,ok,fyn_food_current_20260410_summary.csv,2026-06-07T06:14:41
2026-05-10,Food & Staples,food,pe,34.4703,7,ok,fyn_food_current_20260510_summary.csv,2026-06-07T06:14:41
2026-05-10,Food & Staples,food,ps,2.2141,7,ok,fyn_food_current_20260510_summary.csv,2026-06-07T06:14:41
2026-05-10,Food & Staples,food,pb,9.8831,7,ok,fyn_food_current_20260510_summary.csv,2026-06-07T06:14:41
2026-05-10,Food & Staples,food,ev_ebitda,23.5922,7,ok,fyn_food_current_20260510_summary.csv,2026-06-07T06:14:41
2026-05-10,Food & Staples,food,fcf_yield,0.032591,7,ok,fyn_food_current_20260510_summary.csv,2026-06-07T06:14:41
2026-05-10,Food & Staples,food,net_margin,0.0912,7,ok,fyn_food_current_20260510_summary.csv,2026-06-07T06:14:41
2026-05-10,Food & Staples,food,gross_margin,0.5406,5,ok,fyn_food_current_20260510_summary.csv,2026-06-07T06:14:41
2026-05-10,Food & Staples,food,revenue_growth_yoy,0.0779,7,ok,fyn_food_current_20260510_summary.csv,2026-06-07T06:14:41
2026-05-10,Food & Staples,food,earnings_growth_yoy,0.1218,7,ok,fyn_food_current_20260510_summary.csv,2026-06-07T06:14:41
2026-06-06,Food & Staples,food,pe,34.2181,7,ok,fyn_food_current_summary.csv,2026-06-07T06:14:41
2026-06-06,Food & Staples,food,ps,2.0322,7,ok,fyn_food_current_summary.csv,2026-06-07T06:14:41
2026-06-06,Food & Staples,food,pb,10.0292,7,ok,fyn_food_current_summary.csv,2026-06-07T06:14:41
2026-06-06,Food & Staples,food,ev_ebitda,21.7697,7,ok,fyn_food_current_summary.csv,2026-06-07T06:14:41
2026-06-06,Food & Staples,food,fcf_yield,0.032334,7,ok,fyn_food_current_summary.csv,2026-06-07T06:14:41
2026-06-06,Food & Staples,food,net_margin,0.0912,7,ok,fyn_food_current_summary.csv,2026-06-07T06:14:41
2026-06-06,Food & Staples,food,gross_margin,0.5406,5,ok,fyn_food_current_summary.csv,2026-06-07T06:14:41
2026-06-06,Food & Staples,food,revenue_growth_yoy,0.0779,7,ok,fyn_food_current_summary.csv,2026-06-07T06:14:41
2026-06-06,Food & Staples,food,earnings_growth_yoy,0.1269,7,ok,fyn_food_current_summary.csv,2026-06-07T06:14:41
2025-09-10,Insurance,insurance,pe,13.6774,6,ok,fyn_insurance_current_20250910_summary.csv,2026-06-07T06:14:41
2025-09-10,Insurance,insurance,ps,1.65355,6,ok,fyn_insurance_current_20250910_summary.csv,2026-06-07T06:14:41
2025-09-10,Insurance,insurance,pb,2.66025,6,ok,fyn_insurance_current_20250910_summary.csv,2026-06-07T06:14:41
2025-09-10,Insurance,insurance,ev_ebitda,14.13425,2,ok,fyn_insurance_current_20250910_summary.csv,2026-06-07T06:14:41
2025-09-10,Insurance,insurance,fcf_yield,0.097249,4,ok,fyn_insurance_current_20250910_summary.csv,2026-06-07T06:14:41
2025-09-10,Insurance,insurance,net_margin,0.1266,7,ok,fyn_insurance_current_20250910_summary.csv,2026-06-07T06:14:41
2025-09-10,Insurance,insurance,gross_margin,,0,missing,fyn_insurance_current_20250910_summary.csv,2026-06-07T06:14:41
2025-09-10,Insurance,insurance,revenue_growth_yoy,0.0918,7,ok,fyn_insurance_current_20250910_summary.csv,2026-06-07T06:14:41
2025-09-10,Insurance,insurance,earnings_growth_yoy,0.0289,7,ok,fyn_insurance_current_20250910_summary.csv,2026-06-07T06:14:41
2025-10-10,Insurance,insurance,pe,13.78305,6,ok,fyn_insurance_current_20251010_summary.csv,2026-06-07T06:14:41
2025-10-10,Insurance,insurance,ps,1.6636,6,ok,fyn_insurance_current_20251010_summary.csv,2026-06-07T06:14:41
2025-10-10,Insurance,insurance,pb,2.72595,6,ok,fyn_insurance_current_20251010_summary.csv,2026-06-07T06:14:41
2025-10-10,Insurance,insurance,ev_ebitda,14.5486,2,ok,fyn_insurance_current_20251010_summary.csv,2026-06-07T06:14:41
2025-10-10,Insurance,insurance,fcf_yield,0.097895,4,ok,fyn_insurance_current_20251010_summary.csv,2026-06-07T06:14:41
2025-10-10,Insurance,insurance,net_margin,0.1266,7,ok,fyn_insurance_current_20251010_summary.csv,2026-06-07T06:14:41
2025-10-10,Insurance,insurance,gross_margin,,0,missing,fyn_insurance_current_20251010_summary.csv,2026-06-07T06:14:41
2025-10-10,Insurance,insurance,revenue_growth_yoy,0.0918,7,ok,fyn_insurance_current_20251010_summary.csv,2026-06-07T06:14:41
2025-10-10,Insurance,insurance,earnings_growth_yoy,0.0289,7,ok,fyn_insurance_current_20251010_summary.csv,2026-06-07T06:14:41
2025-11-10,Insurance,insurance,pe,12.3211,6,ok,fyn_insurance_current_20251110_summary.csv,2026-06-07T06:14:41
2025-11-10,Insurance,insurance,ps,1.5059,6,ok,fyn_insurance_current_20251110_summary.csv,2026-06-07T06:14:41
2025-11-10,Insurance,insurance,pb,2.4039,6,ok,fyn_insurance_current_20251110_summary.csv,2026-06-07T06:14:41
2025-11-10,Insurance,insurance,ev_ebitda,13.56675,2,ok,fyn_insurance_current_20251110_summary.csv,2026-06-07T06:14:41
2025-11-10,Insurance,insurance,fcf_yield,0.096646,4,ok,fyn_insurance_current_20251110_summary.csv,2026-06-07T06:14:41
2025-11-10,Insurance,insurance,net_margin,0.1257,7,ok,fyn_insurance_current_20251110_summary.csv,2026-06-07T06:14:41
2025-11-10,Insurance,insurance,gross_margin,,0,missing,fyn_insurance_current_20251110_summary.csv,2026-06-07T06:14:41
2025-11-10,Insurance,insurance,revenue_growth_yoy,0.0722,7,ok,fyn_insurance_current_20251110_summary.csv,2026-06-07T06:14:41
2025-11-10,Insurance,insurance,earnings_growth_yoy,0.0246,7,ok,fyn_insurance_current_20251110_summary.csv,2026-06-07T06:14:41
2025-12-10,Insurance,insurance,pe,12.80995,6,ok,fyn_insurance_current_20251210_summary.csv,2026-06-07T06:14:41
2025-12-10,Insurance,insurance,ps,1.56505,6,ok,fyn_insurance_current_20251210_summary.csv,2026-06-07T06:14:41
2025-12-10,Insurance,insurance,pb,2.42135,6,ok,fyn_insurance_current_20251210_summary.csv,2026-06-07T06:14:41
2025-12-10,Insurance,insurance,ev_ebitda,13.77285,2,ok,fyn_insurance_current_20251210_summary.csv,2026-06-07T06:14:41
2025-12-10,Insurance,insurance,fcf_yield,0.094446,4,ok,fyn_insurance_current_20251210_summary.csv,2026-06-07T06:14:41
2025-12-10,Insurance,insurance,net_margin,0.1257,7,ok,fyn_insurance_current_20251210_summary.csv,2026-06-07T06:14:41
2025-12-10,Insurance,insurance,gross_margin,,0,missing,fyn_insurance_current_20251210_summary.csv,2026-06-07T06:14:41
2025-12-10,Insurance,insurance,revenue_growth_yoy,0.0722,7,ok,fyn_insurance_current_20251210_summary.csv,2026-06-07T06:14:41
2025-12-10,Insurance,insurance,earnings_growth_yoy,0.0246,7,ok,fyn_insurance_current_20251210_summary.csv,2026-06-07T06:14:41
2026-01-10,Insurance,insurance,pe,12.48435,6,ok,fyn_insurance_current_20260110_summary.csv,2026-06-07T06:14:41
2026-01-10,Insurance,insurance,ps,1.48305,6,ok,fyn_insurance_current_20260110_summary.csv,2026-06-07T06:14:41
2026-01-10,Insurance,insurance,pb,2.5434,6,ok,fyn_insurance_current_20260110_summary.csv,2026-06-07T06:14:41
2026-01-10,Insurance,insurance,ev_ebitda,14.1948,2,ok,fyn_insurance_current_20260110_summary.csv,2026-06-07T06:14:41
2026-01-10,Insurance,insurance,fcf_yield,0.09544,4,ok,fyn_insurance_current_20260110_summary.csv,2026-06-07T06:14:41
2026-01-10,Insurance,insurance,net_margin,0.1257,7,ok,fyn_insurance_current_20260110_summary.csv,2026-06-07T06:14:41
2026-01-10,Insurance,insurance,gross_margin,,0,missing,fyn_insurance_current_20260110_summary.csv,2026-06-07T06:14:41
2026-01-10,Insurance,insurance,revenue_growth_yoy,0.0722,7,ok,fyn_insurance_current_20260110_summary.csv,2026-06-07T06:14:41
2026-01-10,Insurance,insurance,earnings_growth_yoy,0.0246,7,ok,fyn_insurance_current_20260110_summary.csv,2026-06-07T06:14:41
2026-02-10,Insurance,insurance,pe,12.84415,6,ok,fyn_insurance_current_20260210_summary.csv,2026-06-07T06:14:41
2026-02-10,Insurance,insurance,ps,1.4356,6,ok,fyn_insurance_current_20260210_summary.csv,2026-06-07T06:14:41
2026-02-10,Insurance,insurance,pb,2.1752,6,ok,fyn_insurance_current_20260210_summary.csv,2026-06-07T06:14:41
2026-02-10,Insurance,insurance,ev_ebitda,12.5674,2,ok,fyn_insurance_current_20260210_summary.csv,2026-06-07T06:14:41
2026-02-10,Insurance,insurance,fcf_yield,0.106848,4,ok,fyn_insurance_current_20260210_summary.csv,2026-06-07T06:14:41
2026-02-10,Insurance,insurance,net_margin,0.1257,7,ok,fyn_insurance_current_20260210_summary.csv,2026-06-07T06:14:41
2026-02-10,Insurance,insurance,gross_margin,,0,missing,fyn_insurance_current_20260210_summary.csv,2026-06-07T06:14:41
2026-02-10,Insurance,insurance,revenue_growth_yoy,0.0722,7,ok,fyn_insurance_current_20260210_summary.csv,2026-06-07T06:14:41
2026-02-10,Insurance,insurance,earnings_growth_yoy,0.0246,7,ok,fyn_insurance_current_20260210_summary.csv,2026-06-07T06:14:41
2026-03-10,Insurance,insurance,pe,12.91725,6,ok,fyn_insurance_current_20260310_summary.csv,2026-06-07T06:14:41
2026-03-10,Insurance,insurance,ps,1.4736,6,ok,fyn_insurance_current_20260310_summary.csv,2026-06-07T06:14:41
2026-03-10,Insurance,insurance,pb,2.15985,6,ok,fyn_insurance_current_20260310_summary.csv,2026-06-07T06:14:41
2026-03-10,Insurance,insurance,ev_ebitda,14.31695,2,ok,fyn_insurance_current_20260310_summary.csv,2026-06-07T06:14:41
2026-03-10,Insurance,insurance,fcf_yield,0.102286,4,ok,fyn_insurance_current_20260310_summary.csv,2026-06-07T06:14:41
2026-03-10,Insurance,insurance,net_margin,0.1519,7,ok,fyn_insurance_current_20260310_summary.csv,2026-06-07T06:14:41
2026-03-10,Insurance,insurance,gross_margin,,0,missing,fyn_insurance_current_20260310_summary.csv,2026-06-07T06:14:41
2026-03-10,Insurance,insurance,revenue_growth_yoy,0.0654,7,ok,fyn_insurance_current_20260310_summary.csv,2026-06-07T06:14:41
2026-03-10,Insurance,insurance,earnings_growth_yoy,0.0246,7,ok,fyn_insurance_current_20260310_summary.csv,2026-06-07T06:14:41
2026-04-10,Insurance,insurance,pe,12.8655,6,ok,fyn_insurance_current_20260410_summary.csv,2026-06-07T06:14:41
2026-04-10,Insurance,insurance,ps,1.4189,6,ok,fyn_insurance_current_20260410_summary.csv,2026-06-07T06:14:41
2026-04-10,Insurance,insurance,pb,2.27435,6,ok,fyn_insurance_current_20260410_summary.csv,2026-06-07T06:14:41
2026-04-10,Insurance,insurance,ev_ebitda,14.5298,2,ok,fyn_insurance_current_20260410_summary.csv,2026-06-07T06:14:41
2026-04-10,Insurance,insurance,fcf_yield,0.106326,4,ok,fyn_insurance_current_20260410_summary.csv,2026-06-07T06:14:41
2026-04-10,Insurance,insurance,net_margin,0.1502,7,ok,fyn_insurance_current_20260410_summary.csv,2026-06-07T06:14:41
2026-04-10,Insurance,insurance,gross_margin,,0,missing,fyn_insurance_current_20260410_summary.csv,2026-06-07T06:14:41
2026-04-10,Insurance,insurance,revenue_growth_yoy,0.0654,7,ok,fyn_insurance_current_20260410_summary.csv,2026-06-07T06:14:41
2026-04-10,Insurance,insurance,earnings_growth_yoy,0.0246,7,ok,fyn_insurance_current_20260410_summary.csv,2026-06-07T06:14:41
2026-05-10,Insurance,insurance,pe,11.8902,6,ok,fyn_insurance_current_20260510_summary.csv,2026-06-07T06:14:41
2026-05-10,Insurance,insurance,ps,1.3935,6,ok,fyn_insurance_current_20260510_summary.csv,2026-06-07T06:14:41
2026-05-10,Insurance,insurance,pb,2.5287,6,ok,fyn_insurance_current_20260510_summary.csv,2026-06-07T06:14:41
2026-05-10,Insurance,insurance,ev_ebitda,16.146,2,ok,fyn_insurance_current_20260510_summary.csv,2026-06-07T06:14:41
2026-05-10,Insurance,insurance,fcf_yield,0.103751,4,ok,fyn_insurance_current_20260510_summary.csv,2026-06-07T06:14:41
2026-05-10,Insurance,insurance,net_margin,0.1426,7,ok,fyn_insurance_current_20260510_summary.csv,2026-06-07T06:14:41
2026-05-10,Insurance,insurance,gross_margin,,0,missing,fyn_insurance_current_20260510_summary.csv,2026-06-07T06:14:41
2026-05-10,Insurance,insurance,revenue_growth_yoy,0.082,7,ok,fyn_insurance_current_20260510_summary.csv,2026-06-07T06:14:41
2026-05-10,Insurance,insurance,earnings_growth_yoy,-0.0287,7,ok,fyn_insurance_current_20260510_summary.csv,2026-06-07T06:14:41
2026-06-06,Insurance,insurance,pe,11.93105,6,ok,fyn_insurance_current_summary.csv,2026-06-07T06:14:41
2026-06-06,Insurance,insurance,ps,1.41755,6,ok,fyn_insurance_current_summary.csv,2026-06-07T06:14:41
2026-06-06,Insurance,insurance,pb,2.6459,6,ok,fyn_insurance_current_summary.csv,2026-06-07T06:14:41
2026-06-06,Insurance,insurance,ev_ebitda,16.61135,2,ok,fyn_insurance_current_summary.csv,2026-06-07T06:14:41
2026-06-06,Insurance,insurance,fcf_yield,0.099779,4,ok,fyn_insurance_current_summary.csv,2026-06-07T06:14:41
2026-06-06,Insurance,insurance,net_margin,0.1426,7,ok,fyn_insurance_current_summary.csv,2026-06-07T06:14:41
2026-06-06,Insurance,insurance,gross_margin,,0,missing,fyn_insurance_current_summary.csv,2026-06-07T06:14:41
2026-06-06,Insurance,insurance,revenue_growth_yoy,0.082,7,ok,fyn_insurance_current_summary.csv,2026-06-07T06:14:41
2026-06-06,Insurance,insurance,earnings_growth_yoy,-0.0287,7,ok,fyn_insurance_current_summary.csv,2026-06-07T06:14:41
2025-09-10,Medical Services,medical_services,pe,27.3435,7,ok,fyn_medical_services_current_20250910_summary.csv,2026-06-07T06:14:41
2025-09-10,Medical Services,medical_services,ps,5.2227,7,ok,fyn_medical_services_current_20250910_summary.csv,2026-06-07T06:14:41
2025-09-10,Medical Services,medical_services,pb,4.4526,7,ok,fyn_medical_services_current_20250910_summary.csv,2026-06-07T06:14:41
2025-09-10,Medical Services,medical_services,ev_ebitda,23.7262,4,ok,fyn_medical_services_current_20250910_summary.csv,2026-06-07T06:14:41
2025-09-10,Medical Services,medical_services,fcf_yield,0.030092,7,ok,fyn_medical_services_current_20250910_summary.csv,2026-06-07T06:14:41
2025-09-10,Medical Services,medical_services,net_margin,0.1365,7,ok,fyn_medical_services_current_20250910_summary.csv,2026-06-07T06:14:41
2025-09-10,Medical Services,medical_services,gross_margin,0.6744,4,ok,fyn_medical_services_current_20250910_summary.csv,2026-06-07T06:14:41
2025-09-10,Medical Services,medical_services,revenue_growth_yoy,0.0585,7,ok,fyn_medical_services_current_20250910_summary.csv,2026-06-07T06:14:41
2025-09-10,Medical Services,medical_services,earnings_growth_yoy,0.1881,7,ok,fyn_medical_services_current_20250910_summary.csv,2026-06-07T06:14:41
2025-10-10,Medical Services,medical_services,pe,30.1126,7,ok,fyn_medical_services_current_20251010_summary.csv,2026-06-07T06:14:41
2025-10-10,Medical Services,medical_services,ps,5.3523,7,ok,fyn_medical_services_current_20251010_summary.csv,2026-06-07T06:14:41
2025-10-10,Medical Services,medical_services,pb,4.5631,7,ok,fyn_medical_services_current_20251010_summary.csv,2026-06-07T06:14:41
2025-10-10,Medical Services,medical_services,ev_ebitda,23.25565,4,ok,fyn_medical_services_current_20251010_summary.csv,2026-06-07T06:14:41
2025-10-10,Medical Services,medical_services,fcf_yield,0.029363,7,ok,fyn_medical_services_current_20251010_summary.csv,2026-06-07T06:14:41
2025-10-10,Medical Services,medical_services,net_margin,0.1365,7,ok,fyn_medical_services_current_20251010_summary.csv,2026-06-07T06:14:41
2025-10-10,Medical Services,medical_services,gross_margin,0.6744,4,ok,fyn_medical_services_current_20251010_summary.csv,2026-06-07T06:14:41
2025-10-10,Medical Services,medical_services,revenue_growth_yoy,0.0585,7,ok,fyn_medical_services_current_20251010_summary.csv,2026-06-07T06:14:41
2025-10-10,Medical Services,medical_services,earnings_growth_yoy,0.1881,7,ok,fyn_medical_services_current_20251010_summary.csv,2026-06-07T06:14:41
2025-11-10,Medical Services,medical_services,pe,32.9237,7,ok,fyn_medical_services_current_20251110_summary.csv,2026-06-07T06:14:41
2025-11-10,Medical Services,medical_services,ps,4.993,7,ok,fyn_medical_services_current_20251110_summary.csv,2026-06-07T06:14:41
2025-11-10,Medical Services,medical_services,pb,4.2962,7,ok,fyn_medical_services_current_20251110_summary.csv,2026-06-07T06:14:41
2025-11-10,Medical Services,medical_services,ev_ebitda,22.3575,4,ok,fyn_medical_services_current_20251110_summary.csv,2026-06-07T06:14:41
2025-11-10,Medical Services,medical_services,fcf_yield,0.03,7,ok,fyn_medical_services_current_20251110_summary.csv,2026-06-07T06:14:41
2025-11-10,Medical Services,medical_services,net_margin,0.1439,7,ok,fyn_medical_services_current_20251110_summary.csv,2026-06-07T06:14:41
2025-11-10,Medical Services,medical_services,gross_margin,0.67395,4,ok,fyn_medical_services_current_20251110_summary.csv,2026-06-07T06:14:41
2025-11-10,Medical Services,medical_services,revenue_growth_yoy,0.0637,7,ok,fyn_medical_services_current_20251110_summary.csv,2026-06-07T06:14:41
2025-11-10,Medical Services,medical_services,earnings_growth_yoy,0.1881,7,ok,fyn_medical_services_current_20251110_summary.csv,2026-06-07T06:14:41
2025-12-10,Medical Services,medical_services,pe,32.7786,7,ok,fyn_medical_services_current_20251210_summary.csv,2026-06-07T06:14:41
2025-12-10,Medical Services,medical_services,ps,4.9292,7,ok,fyn_medical_services_current_20251210_summary.csv,2026-06-07T06:14:41
2025-12-10,Medical Services,medical_services,pb,4.2257,7,ok,fyn_medical_services_current_20251210_summary.csv,2026-06-07T06:14:41
2025-12-10,Medical Services,medical_services,ev_ebitda,22.8147,4,ok,fyn_medical_services_current_20251210_summary.csv,2026-06-07T06:14:41
2025-12-10,Medical Services,medical_services,fcf_yield,0.030103,7,ok,fyn_medical_services_current_20251210_summary.csv,2026-06-07T06:14:41
2025-12-10,Medical Services,medical_services,net_margin,0.1439,7,ok,fyn_medical_services_current_20251210_summary.csv,2026-06-07T06:14:41
2025-12-10,Medical Services,medical_services,gross_margin,0.67395,4,ok,fyn_medical_services_current_20251210_summary.csv,2026-06-07T06:14:41
2025-12-10,Medical Services,medical_services,revenue_growth_yoy,0.0637,7,ok,fyn_medical_services_current_20251210_summary.csv,2026-06-07T06:14:41
2025-12-10,Medical Services,medical_services,earnings_growth_yoy,0.1108,7,ok,fyn_medical_services_current_20251210_summary.csv,2026-06-07T06:14:41
2026-01-10,Medical Services,medical_services,pe,35.3521,7,ok,fyn_medical_services_current_20260110_summary.csv,2026-06-07T06:14:41
2026-01-10,Medical Services,medical_services,ps,5.3162,7,ok,fyn_medical_services_current_20260110_summary.csv,2026-06-07T06:14:41
2026-01-10,Medical Services,medical_services,pb,4.5574,7,ok,fyn_medical_services_current_20260110_summary.csv,2026-06-07T06:14:41
2026-01-10,Medical Services,medical_services,ev_ebitda,23.0983,4,ok,fyn_medical_services_current_20260110_summary.csv,2026-06-07T06:14:41
2026-01-10,Medical Services,medical_services,fcf_yield,0.028978,7,ok,fyn_medical_services_current_20260110_summary.csv,2026-06-07T06:14:41
2026-01-10,Medical Services,medical_services,net_margin,0.1439,7,ok,fyn_medical_services_current_20260110_summary.csv,2026-06-07T06:14:41
2026-01-10,Medical Services,medical_services,gross_margin,0.67395,4,ok,fyn_medical_services_current_20260110_summary.csv,2026-06-07T06:14:41
2026-01-10,Medical Services,medical_services,revenue_growth_yoy,0.0637,7,ok,fyn_medical_services_current_20260110_summary.csv,2026-06-07T06:14:41
2026-01-10,Medical Services,medical_services,earnings_growth_yoy,0.1108,7,ok,fyn_medical_services_current_20260110_summary.csv,2026-06-07T06:14:41
2026-02-10,Medical Services,medical_services,pe,37.2158,7,ok,fyn_medical_services_current_20260210_summary.csv,2026-06-07T06:14:41
2026-02-10,Medical Services,medical_services,ps,4.6371,7,ok,fyn_medical_services_current_20260210_summary.csv,2026-06-07T06:14:41
2026-02-10,Medical Services,medical_services,pb,3.9752,7,ok,fyn_medical_services_current_20260210_summary.csv,2026-06-07T06:14:41
2026-02-10,Medical Services,medical_services,ev_ebitda,21.6884,4,ok,fyn_medical_services_current_20260210_summary.csv,2026-06-07T06:14:41
2026-02-10,Medical Services,medical_services,fcf_yield,0.034741,7,ok,fyn_medical_services_current_20260210_summary.csv,2026-06-07T06:14:41
2026-02-10,Medical Services,medical_services,net_margin,0.1439,7,ok,fyn_medical_services_current_20260210_summary.csv,2026-06-07T06:14:41
2026-02-10,Medical Services,medical_services,gross_margin,0.67205,4,ok,fyn_medical_services_current_20260210_summary.csv,2026-06-07T06:14:41
2026-02-10,Medical Services,medical_services,revenue_growth_yoy,0.0637,7,ok,fyn_medical_services_current_20260210_summary.csv,2026-06-07T06:14:41
2026-02-10,Medical Services,medical_services,earnings_growth_yoy,0.1108,7,ok,fyn_medical_services_current_20260210_summary.csv,2026-06-07T06:14:41
2026-03-10,Medical Services,medical_services,pe,29.4453,7,ok,fyn_medical_services_current_20260310_summary.csv,2026-06-07T06:14:41
2026-03-10,Medical Services,medical_services,ps,4.3336,7,ok,fyn_medical_services_current_20260310_summary.csv,2026-06-07T06:14:41
2026-03-10,Medical Services,medical_services,pb,3.685,7,ok,fyn_medical_services_current_20260310_summary.csv,2026-06-07T06:14:41
2026-03-10,Medical Services,medical_services,ev_ebitda,19.1404,4,ok,fyn_medical_services_current_20260310_summary.csv,2026-06-07T06:14:41
2026-03-10,Medical Services,medical_services,fcf_yield,0.035237,7,ok,fyn_medical_services_current_20260310_summary.csv,2026-06-07T06:14:41
2026-03-10,Medical Services,medical_services,net_margin,0.1441,7,ok,fyn_medical_services_current_20260310_summary.csv,2026-06-07T06:14:41
2026-03-10,Medical Services,medical_services,gross_margin,0.66595,4,ok,fyn_medical_services_current_20260310_summary.csv,2026-06-07T06:14:41
2026-03-10,Medical Services,medical_services,revenue_growth_yoy,0.0688,7,ok,fyn_medical_services_current_20260310_summary.csv,2026-06-07T06:14:41
2026-03-10,Medical Services,medical_services,earnings_growth_yoy,0.0823,7,ok,fyn_medical_services_current_20260310_summary.csv,2026-06-07T06:14:41
2026-04-10,Medical Services,medical_services,pe,30.1019,7,ok,fyn_medical_services_current_20260410_summary.csv,2026-06-07T06:14:41
2026-04-10,Medical Services,medical_services,ps,4.1363,7,ok,fyn_medical_services_current_20260410_summary.csv,2026-06-07T06:14:41
2026-04-10,Medical Services,medical_services,pb,3.4508,7,ok,fyn_medical_services_current_20260410_summary.csv,2026-06-07T06:14:41
2026-04-10,Medical Services,medical_services,ev_ebitda,17.73465,4,ok,fyn_medical_services_current_20260410_summary.csv,2026-06-07T06:14:41
2026-04-10,Medical Services,medical_services,fcf_yield,0.039766,7,ok,fyn_medical_services_current_20260410_summary.csv,2026-06-07T06:14:41
2026-04-10,Medical Services,medical_services,net_margin,0.1441,7,ok,fyn_medical_services_current_20260410_summary.csv,2026-06-07T06:14:41
2026-04-10,Medical Services,medical_services,gross_margin,0.66595,4,ok,fyn_medical_services_current_20260410_summary.csv,2026-06-07T06:14:41
2026-04-10,Medical Services,medical_services,revenue_growth_yoy,0.0688,7,ok,fyn_medical_services_current_20260410_summary.csv,2026-06-07T06:14:41
2026-04-10,Medical Services,medical_services,earnings_growth_yoy,0.0823,7,ok,fyn_medical_services_current_20260410_summary.csv,2026-06-07T06:14:41
2026-05-10,Medical Services,medical_services,pe,25.1717,7,ok,fyn_medical_services_current_20260510_summary.csv,2026-06-07T06:14:41
2026-05-10,Medical Services,medical_services,ps,3.8234,7,ok,fyn_medical_services_current_20260510_summary.csv,2026-06-07T06:14:41
2026-05-10,Medical Services,medical_services,pb,3.0993,7,ok,fyn_medical_services_current_20260510_summary.csv,2026-06-07T06:14:41
2026-05-10,Medical Services,medical_services,ev_ebitda,15.477,4,ok,fyn_medical_services_current_20260510_summary.csv,2026-06-07T06:14:41
2026-05-10,Medical Services,medical_services,fcf_yield,0.043351,7,ok,fyn_medical_services_current_20260510_summary.csv,2026-06-07T06:14:41
2026-05-10,Medical Services,medical_services,net_margin,0.1391,7,ok,fyn_medical_services_current_20260510_summary.csv,2026-06-07T06:14:41
2026-05-10,Medical Services,medical_services,gross_margin,0.6693,4,ok,fyn_medical_services_current_20260510_summary.csv,2026-06-07T06:14:41
2026-05-10,Medical Services,medical_services,revenue_growth_yoy,0.0688,7,ok,fyn_medical_services_current_20260510_summary.csv,2026-06-07T06:14:41
2026-05-10,Medical Services,medical_services,earnings_growth_yoy,0.0823,7,ok,fyn_medical_services_current_20260510_summary.csv,2026-06-07T06:14:41
2026-06-06,Medical Services,medical_services,pe,25.594,7,ok,fyn_medical_services_current_summary.csv,2026-06-07T06:14:41
2026-06-06,Medical Services,medical_services,ps,3.5146,7,ok,fyn_medical_services_current_summary.csv,2026-06-07T06:14:41
2026-06-06,Medical Services,medical_services,pb,3.0469,7,ok,fyn_medical_services_current_summary.csv,2026-06-07T06:14:41
2026-06-06,Medical Services,medical_services,ev_ebitda,15.095,4,ok,fyn_medical_services_current_summary.csv,2026-06-07T06:14:41
2026-06-06,Medical Services,medical_services,fcf_yield,0.046512,7,ok,fyn_medical_services_current_summary.csv,2026-06-07T06:14:41
2026-06-06,Medical Services,medical_services,net_margin,0.1391,7,ok,fyn_medical_services_current_summary.csv,2026-06-07T06:14:41
2026-06-06,Medical Services,medical_services,gross_margin,0.6693,4,ok,fyn_medical_services_current_summary.csv,2026-06-07T06:14:41
2026-06-06,Medical Services,medical_services,revenue_growth_yoy,0.0688,7,ok,fyn_medical_services_current_summary.csv,2026-06-07T06:14:41
2026-06-06,Medical Services,medical_services,earnings_growth_yoy,0.0823,7,ok,fyn_medical_services_current_summary.csv,2026-06-07T06:14:41
2025-09-10,Mining,mining,pe,14.9959,3,ok,fyn_mining_current_20250910_summary.csv,2026-06-07T06:14:41
2025-09-10,Mining,mining,ps,4.1854,3,ok,fyn_mining_current_20250910_summary.csv,2026-06-07T06:14:41
2025-09-10,Mining,mining,pb,3.539,3,ok,fyn_mining_current_20250910_summary.csv,2026-06-07T06:14:41
2025-09-10,Mining,mining,ev_ebitda,10.0838,2,ok,fyn_mining_current_20250910_summary.csv,2026-06-07T06:14:41
2025-09-10,Mining,mining,fcf_yield,0.042181,3,ok,fyn_mining_current_20250910_summary.csv,2026-06-07T06:14:41
2025-09-10,Mining,mining,net_margin,0.3043,5,ok,fyn_mining_current_20250910_summary.csv,2026-06-07T06:14:41
2025-09-10,Mining,mining,gross_margin,0.20035,2,ok,fyn_mining_current_20250910_summary.csv,2026-06-07T06:14:41
2025-09-10,Mining,mining,revenue_growth_yoy,0.09895,4,ok,fyn_mining_current_20250910_summary.csv,2026-06-07T06:14:41
2025-09-10,Mining,mining,earnings_growth_yoy,-0.0263,5,ok,fyn_mining_current_20250910_summary.csv,2026-06-07T06:14:41
2025-10-10,Mining,mining,pe,14.8992,3,ok,fyn_mining_current_20251010_summary.csv,2026-06-07T06:14:41
2025-10-10,Mining,mining,ps,4.5434,3,ok,fyn_mining_current_20251010_summary.csv,2026-06-07T06:14:41
2025-10-10,Mining,mining,pb,3.2236,3,ok,fyn_mining_current_20251010_summary.csv,2026-06-07T06:14:41
2025-10-10,Mining,mining,ev_ebitda,11.14365,2,ok,fyn_mining_current_20251010_summary.csv,2026-06-07T06:14:41
2025-10-10,Mining,mining,fcf_yield,0.034426,3,ok,fyn_mining_current_20251010_summary.csv,2026-06-07T06:14:41
2025-10-10,Mining,mining,net_margin,0.3043,5,ok,fyn_mining_current_20251010_summary.csv,2026-06-07T06:14:41
2025-10-10,Mining,mining,gross_margin,0.2021,2,ok,fyn_mining_current_20251010_summary.csv,2026-06-07T06:14:41
2025-10-10,Mining,mining,revenue_growth_yoy,0.131,4,ok,fyn_mining_current_20251010_summary.csv,2026-06-07T06:14:41
2025-10-10,Mining,mining,earnings_growth_yoy,-0.0263,5,ok,fyn_mining_current_20251010_summary.csv,2026-06-07T06:14:41
2025-11-10,Mining,mining,pe,13.6493,3,ok,fyn_mining_current_20251110_summary.csv,2026-06-07T06:14:41
2025-11-10,Mining,mining,ps,4.4791,3,ok,fyn_mining_current_20251110_summary.csv,2026-06-07T06:14:41
2025-11-10,Mining,mining,pb,3.147,3,ok,fyn_mining_current_20251110_summary.csv,2026-06-07T06:14:41
2025-11-10,Mining,mining,ev_ebitda,11.6527,2,ok,fyn_mining_current_20251110_summary.csv,2026-06-07T06:14:41
2025-11-10,Mining,mining,fcf_yield,0.03072,3,ok,fyn_mining_current_20251110_summary.csv,2026-06-07T06:14:41
2025-11-10,Mining,mining,net_margin,0.3043,5,ok,fyn_mining_current_20251110_summary.csv,2026-06-07T06:14:41
2025-11-10,Mining,mining,gross_margin,0.20255,2,ok,fyn_mining_current_20251110_summary.csv,2026-06-07T06:14:41
2025-11-10,Mining,mining,revenue_growth_yoy,0.16495,4,ok,fyn_mining_current_20251110_summary.csv,2026-06-07T06:14:41
2025-11-10,Mining,mining,earnings_growth_yoy,-0.0805,5,ok,fyn_mining_current_20251110_summary.csv,2026-06-07T06:14:41
2025-12-10,Mining,mining,pe,15.4826,3,ok,fyn_mining_current_20251210_summary.csv,2026-06-07T06:14:41
2025-12-10,Mining,mining,ps,4.7907,3,ok,fyn_mining_current_20251210_summary.csv,2026-06-07T06:14:41
2025-12-10,Mining,mining,pb,3.5697,3,ok,fyn_mining_current_20251210_summary.csv,2026-06-07T06:14:41
2025-12-10,Mining,mining,ev_ebitda,12.3384,2,ok,fyn_mining_current_20251210_summary.csv,2026-06-07T06:14:41
2025-12-10,Mining,mining,fcf_yield,0.029762,3,ok,fyn_mining_current_20251210_summary.csv,2026-06-07T06:14:41
2025-12-10,Mining,mining,net_margin,0.3043,5,ok,fyn_mining_current_20251210_summary.csv,2026-06-07T06:14:41
2025-12-10,Mining,mining,gross_margin,0.20255,2,ok,fyn_mining_current_20251210_summary.csv,2026-06-07T06:14:41
2025-12-10,Mining,mining,revenue_growth_yoy,0.16495,4,ok,fyn_mining_current_20251210_summary.csv,2026-06-07T06:14:41
2025-12-10,Mining,mining,earnings_growth_yoy,-0.0805,5,ok,fyn_mining_current_20251210_summary.csv,2026-06-07T06:14:41
2026-01-10,Mining,mining,pe,18.8424,3,ok,fyn_mining_current_20260110_summary.csv,2026-06-07T06:14:41
2026-01-10,Mining,mining,ps,5.5312,3,ok,fyn_mining_current_20260110_summary.csv,2026-06-07T06:14:41
2026-01-10,Mining,mining,pb,4.3443,3,ok,fyn_mining_current_20260110_summary.csv,2026-06-07T06:14:41
2026-01-10,Mining,mining,ev_ebitda,14.64975,2,ok,fyn_mining_current_20260110_summary.csv,2026-06-07T06:14:41
2026-01-10,Mining,mining,fcf_yield,0.025129,3,ok,fyn_mining_current_20260110_summary.csv,2026-06-07T06:14:41
2026-01-10,Mining,mining,net_margin,0.3043,5,ok,fyn_mining_current_20260110_summary.csv,2026-06-07T06:14:41
2026-01-10,Mining,mining,gross_margin,0.20255,2,ok,fyn_mining_current_20260110_summary.csv,2026-06-07T06:14:41
2026-01-10,Mining,mining,revenue_growth_yoy,0.16495,4,ok,fyn_mining_current_20260110_summary.csv,2026-06-07T06:14:41
2026-01-10,Mining,mining,earnings_growth_yoy,-0.0805,5,ok,fyn_mining_current_20260110_summary.csv,2026-06-07T06:14:41
2026-02-10,Mining,mining,pe,21.0856,3,ok,fyn_mining_current_20260210_summary.csv,2026-06-07T06:14:41
2026-02-10,Mining,mining,ps,6.1676,3,ok,fyn_mining_current_20260210_summary.csv,2026-06-07T06:14:41
2026-02-10,Mining,mining,pb,4.8615,3,ok,fyn_mining_current_20260210_summary.csv,2026-06-07T06:14:41
2026-02-10,Mining,mining,ev_ebitda,16.8069,2,ok,fyn_mining_current_20260210_summary.csv,2026-06-07T06:14:41
2026-02-10,Mining,mining,fcf_yield,0.021544,3,ok,fyn_mining_current_20260210_summary.csv,2026-06-07T06:14:41
2026-02-10,Mining,mining,net_margin,0.3043,5,ok,fyn_mining_current_20260210_summary.csv,2026-06-07T06:14:41
2026-02-10,Mining,mining,gross_margin,0.20795,2,ok,fyn_mining_current_20260210_summary.csv,2026-06-07T06:14:41
2026-02-10,Mining,mining,revenue_growth_yoy,0.07775,4,ok,fyn_mining_current_20260210_summary.csv,2026-06-07T06:14:41
2026-02-10,Mining,mining,earnings_growth_yoy,-0.0805,5,ok,fyn_mining_current_20260210_summary.csv,2026-06-07T06:14:41
2026-03-10,Mining,mining,pe,21.5996,3,ok,fyn_mining_current_20260310_summary.csv,2026-06-07T06:14:41
2026-03-10,Mining,mining,ps,5.706,3,ok,fyn_mining_current_20260310_summary.csv,2026-06-07T06:14:41
2026-03-10,Mining,mining,pb,4.7453,3,ok,fyn_mining_current_20260310_summary.csv,2026-06-07T06:14:41
2026-03-10,Mining,mining,ev_ebitda,15.7979,2,ok,fyn_mining_current_20260310_summary.csv,2026-06-07T06:14:41
2026-03-10,Mining,mining,fcf_yield,0.021327,3,ok,fyn_mining_current_20260310_summary.csv,2026-06-07T06:14:41
2026-03-10,Mining,mining,net_margin,0.3043,5,ok,fyn_mining_current_20260310_summary.csv,2026-06-07T06:14:41
2026-03-10,Mining,mining,gross_margin,0.20795,2,ok,fyn_mining_current_20260310_summary.csv,2026-06-07T06:14:41
2026-03-10,Mining,mining,revenue_growth_yoy,0.08725,4,ok,fyn_mining_current_20260310_summary.csv,2026-06-07T06:14:41
2026-03-10,Mining,mining,earnings_growth_yoy,0.2055,5,ok,fyn_mining_current_20260310_summary.csv,2026-06-07T06:14:41
2026-04-10,Mining,mining,pe,23.4688,3,ok,fyn_mining_current_20260410_summary.csv,2026-06-07T06:14:41
2026-04-10,Mining,mining,ps,5.8019,3,ok,fyn_mining_current_20260410_summary.csv,2026-06-07T06:14:41
2026-04-10,Mining,mining,pb,5.1559,3,ok,fyn_mining_current_20260410_summary.csv,2026-06-07T06:14:41
2026-04-10,Mining,mining,ev_ebitda,16.0534,2,ok,fyn_mining_current_20260410_summary.csv,2026-06-07T06:14:41
2026-04-10,Mining,mining,fcf_yield,0.021726,3,ok,fyn_mining_current_20260410_summary.csv,2026-06-07T06:14:41
2026-04-10,Mining,mining,net_margin,0.3043,5,ok,fyn_mining_current_20260410_summary.csv,2026-06-07T06:14:41
2026-04-10,Mining,mining,gross_margin,0.20795,2,ok,fyn_mining_current_20260410_summary.csv,2026-06-07T06:14:41
2026-04-10,Mining,mining,revenue_growth_yoy,0.08725,4,ok,fyn_mining_current_20260410_summary.csv,2026-06-07T06:14:41
2026-04-10,Mining,mining,earnings_growth_yoy,0.2055,5,ok,fyn_mining_current_20260410_summary.csv,2026-06-07T06:14:41
2026-05-10,Mining,mining,pe,30.8114,3,ok,fyn_mining_current_20260510_summary.csv,2026-06-07T06:14:41
2026-05-10,Mining,mining,ps,4.982,3,ok,fyn_mining_current_20260510_summary.csv,2026-06-07T06:14:41
2026-05-10,Mining,mining,pb,4.5437,3,ok,fyn_mining_current_20260510_summary.csv,2026-06-07T06:14:41
2026-05-10,Mining,mining,ev_ebitda,13.6732,2,ok,fyn_mining_current_20260510_summary.csv,2026-06-07T06:14:41
2026-05-10,Mining,mining,fcf_yield,0.027935,3,ok,fyn_mining_current_20260510_summary.csv,2026-06-07T06:14:41
2026-05-10,Mining,mining,net_margin,0.3043,5,ok,fyn_mining_current_20260510_summary.csv,2026-06-07T06:14:41
2026-05-10,Mining,mining,gross_margin,0.20795,2,ok,fyn_mining_current_20260510_summary.csv,2026-06-07T06:14:41
2026-05-10,Mining,mining,revenue_growth_yoy,0.1357,4,ok,fyn_mining_current_20260510_summary.csv,2026-06-07T06:14:41
2026-05-10,Mining,mining,earnings_growth_yoy,0.3849,5,ok,fyn_mining_current_20260510_summary.csv,2026-06-07T06:14:41
2026-06-06,Mining,mining,pe,28.7627,3,ok,fyn_mining_current_summary.csv,2026-06-07T06:14:41
2026-06-06,Mining,mining,ps,4.2636,3,ok,fyn_mining_current_summary.csv,2026-06-07T06:14:41
2026-06-06,Mining,mining,pb,4.6705,3,ok,fyn_mining_current_summary.csv,2026-06-07T06:14:41
2026-06-06,Mining,mining,ev_ebitda,13.22425,2,ok,fyn_mining_current_summary.csv,2026-06-07T06:14:41
2026-06-06,Mining,mining,fcf_yield,0.029925,3,ok,fyn_mining_current_summary.csv,2026-06-07T06:14:41
2026-06-06,Mining,mining,net_margin,0.3387,3,ok,fyn_mining_current_summary.csv,2026-06-07T06:14:41
2026-06-06,Mining,mining,gross_margin,,0,missing,fyn_mining_current_summary.csv,2026-06-07T06:14:41
2026-06-06,Mining,mining,revenue_growth_yoy,0.217,3,ok,fyn_mining_current_summary.csv,2026-06-07T06:14:41
2026-06-06,Mining,mining,earnings_growth_yoy,0.6682,3,ok,fyn_mining_current_summary.csv,2026-06-07T06:14:41
2026-06-06,REIT,reit,pe,47.4798,7,ok,fyn_reit_current_summary.csv,2026-06-07T06:14:41
2026-06-06,REIT,reit,ps,11.298,7,ok,fyn_reit_current_summary.csv,2026-06-07T06:14:41
2026-06-06,REIT,reit,pb,2.8088,7,ok,fyn_reit_current_summary.csv,2026-06-07T06:14:41
2026-06-06,REIT,reit,ev_ebitda,23.1819,4,ok,fyn_reit_current_summary.csv,2026-06-07T06:14:41
2026-06-06,REIT,reit,fcf_yield,0.041694,1,ok,fyn_reit_current_summary.csv,2026-06-07T06:14:41
2026-06-06,REIT,reit,net_margin,0.218,7,ok,fyn_reit_current_summary.csv,2026-06-07T06:14:41
2026-06-06,REIT,reit,gross_margin,,0,missing,fyn_reit_current_summary.csv,2026-06-07T06:14:41
2026-06-06,REIT,reit,revenue_growth_yoy,0.0672,7,ok,fyn_reit_current_summary.csv,2026-06-07T06:14:41
2026-06-06,REIT,reit,earnings_growth_yoy,0.3291,7,ok,fyn_reit_current_summary.csv,2026-06-07T06:14:41
2025-09-10,Semiconductors,semis,pe,41.47325,6,ok,fyn_semis_current_20250910_summary.csv,2026-06-07T06:14:41
2025-09-10,Semiconductors,semis,ps,9.38965,6,ok,fyn_semis_current_20250910_summary.csv,2026-06-07T06:14:41
2025-09-10,Semiconductors,semis,pb,8.25105,6,ok,fyn_semis_current_20250910_summary.csv,2026-06-07T06:14:41
2025-09-10,Semiconductors,semis,ev_ebitda,13.2111,3,ok,fyn_semis_current_20250910_summary.csv,2026-06-07T06:14:41
2025-09-10,Semiconductors,semis,fcf_yield,0.014951,6,ok,fyn_semis_current_20250910_summary.csv,2026-06-07T06:14:41
2025-09-10,Semiconductors,semis,net_margin,0.285,6,ok,fyn_semis_current_20250910_summary.csv,2026-06-07T06:14:41
2025-09-10,Semiconductors,semis,gross_margin,0.5803,5,ok,fyn_semis_current_20250910_summary.csv,2026-06-07T06:14:41
2025-09-10,Semiconductors,semis,revenue_growth_yoy,0.2759,6,ok,fyn_semis_current_20250910_summary.csv,2026-06-07T06:14:41
2025-09-10,Semiconductors,semis,earnings_growth_yoy,0.48135,6,ok,fyn_semis_current_20250910_summary.csv,2026-06-07T06:14:41
2025-10-10,Semiconductors,semis,pe,41.18125,6,ok,fyn_semis_current_20251010_summary.csv,2026-06-07T06:14:41
2025-10-10,Semiconductors,semis,ps,10.5717,6,ok,fyn_semis_current_20251010_summary.csv,2026-06-07T06:14:41
2025-10-10,Semiconductors,semis,pb,7.80365,6,ok,fyn_semis_current_20251010_summary.csv,2026-06-07T06:14:41
2025-10-10,Semiconductors,semis,ev_ebitda,12.7886,3,ok,fyn_semis_current_20251010_summary.csv,2026-06-07T06:14:41
2025-10-10,Semiconductors,semis,fcf_yield,0.013887,6,ok,fyn_semis_current_20251010_summary.csv,2026-06-07T06:14:41
2025-10-10,Semiconductors,semis,net_margin,0.285,6,ok,fyn_semis_current_20251010_summary.csv,2026-06-07T06:14:41
2025-10-10,Semiconductors,semis,gross_margin,0.5803,5,ok,fyn_semis_current_20251010_summary.csv,2026-06-07T06:14:41
2025-10-10,Semiconductors,semis,revenue_growth_yoy,0.2759,6,ok,fyn_semis_current_20251010_summary.csv,2026-06-07T06:14:41
2025-10-10,Semiconductors,semis,earnings_growth_yoy,0.8634,6,ok,fyn_semis_current_20251010_summary.csv,2026-06-07T06:14:41
2025-11-10,Semiconductors,semis,pe,44.5761,6,ok,fyn_semis_current_20251110_summary.csv,2026-06-07T06:14:41
2025-11-10,Semiconductors,semis,ps,10.4264,6,ok,fyn_semis_current_20251110_summary.csv,2026-06-07T06:14:41
2025-11-10,Semiconductors,semis,pb,8.7202,6,ok,fyn_semis_current_20251110_summary.csv,2026-06-07T06:14:41
2025-11-10,Semiconductors,semis,ev_ebitda,15.9307,3,ok,fyn_semis_current_20251110_summary.csv,2026-06-07T06:14:41
2025-11-10,Semiconductors,semis,fcf_yield,0.014493,6,ok,fyn_semis_current_20251110_summary.csv,2026-06-07T06:14:41
2025-11-10,Semiconductors,semis,net_margin,0.26025,6,ok,fyn_semis_current_20251110_summary.csv,2026-06-07T06:14:41
2025-11-10,Semiconductors,semis,gross_margin,0.5748,5,ok,fyn_semis_current_20251110_summary.csv,2026-06-07T06:14:41
2025-11-10,Semiconductors,semis,revenue_growth_yoy,0.2992,6,ok,fyn_semis_current_20251110_summary.csv,2026-06-07T06:14:41
2025-11-10,Semiconductors,semis,earnings_growth_yoy,0.7221,6,ok,fyn_semis_current_20251110_summary.csv,2026-06-07T06:14:41
2025-12-10,Semiconductors,semis,pe,45.0196,5,ok,fyn_semis_current_20251210_summary.csv,2026-06-07T06:14:41
2025-12-10,Semiconductors,semis,ps,11.2555,5,ok,fyn_semis_current_20251210_summary.csv,2026-06-07T06:14:41
2025-12-10,Semiconductors,semis,pb,9.2024,5,ok,fyn_semis_current_20251210_summary.csv,2026-06-07T06:14:41
2025-12-10,Semiconductors,semis,ev_ebitda,16.5755,3,ok,fyn_semis_current_20251210_summary.csv,2026-06-07T06:14:41
2025-12-10,Semiconductors,semis,fcf_yield,0.015113,5,ok,fyn_semis_current_20251210_summary.csv,2026-06-07T06:14:41
2025-12-10,Semiconductors,semis,net_margin,0.26025,6,ok,fyn_semis_current_20251210_summary.csv,2026-06-07T06:14:41
2025-12-10,Semiconductors,semis,gross_margin,0.5748,5,ok,fyn_semis_current_20251210_summary.csv,2026-06-07T06:14:41
2025-12-10,Semiconductors,semis,revenue_growth_yoy,0.2992,6,ok,fyn_semis_current_20251210_summary.csv,2026-06-07T06:14:41
2025-12-10,Semiconductors,semis,earnings_growth_yoy,0.6916,6,ok,fyn_semis_current_20251210_summary.csv,2026-06-07T06:14:41
2026-01-10,Semiconductors,semis,pe,39.82335,6,ok,fyn_semis_current_20260110_summary.csv,2026-06-07T06:14:41
2026-01-10,Semiconductors,semis,ps,10.17145,6,ok,fyn_semis_current_20260110_summary.csv,2026-06-07T06:14:41
2026-01-10,Semiconductors,semis,pb,9.68935,6,ok,fyn_semis_current_20260110_summary.csv,2026-06-07T06:14:41
2026-01-10,Semiconductors,semis,ev_ebitda,17.5091,3,ok,fyn_semis_current_20260110_summary.csv,2026-06-07T06:14:41
2026-01-10,Semiconductors,semis,fcf_yield,0.016463,6,ok,fyn_semis_current_20260110_summary.csv,2026-06-07T06:14:41
2026-01-10,Semiconductors,semis,net_margin,0.2868,6,ok,fyn_semis_current_20260110_summary.csv,2026-06-07T06:14:41
2026-01-10,Semiconductors,semis,gross_margin,0.5748,5,ok,fyn_semis_current_20260110_summary.csv,2026-06-07T06:14:41
2026-01-10,Semiconductors,semis,revenue_growth_yoy,0.2785,6,ok,fyn_semis_current_20260110_summary.csv,2026-06-07T06:14:41
2026-01-10,Semiconductors,semis,earnings_growth_yoy,0.6916,6,ok,fyn_semis_current_20260110_summary.csv,2026-06-07T06:14:41
2026-02-10,Semiconductors,semis,pe,43.1384,6,ok,fyn_semis_current_20260210_summary.csv,2026-06-07T06:14:41
2026-02-10,Semiconductors,semis,ps,10.69575,6,ok,fyn_semis_current_20260210_summary.csv,2026-06-07T06:14:41
2026-02-10,Semiconductors,semis,pb,9.7323,6,ok,fyn_semis_current_20260210_summary.csv,2026-06-07T06:14:41
2026-02-10,Semiconductors,semis,ev_ebitda,18.9326,3,ok,fyn_semis_current_20260210_summary.csv,2026-06-07T06:14:41
2026-02-10,Semiconductors,semis,fcf_yield,0.016775,6,ok,fyn_semis_current_20260210_summary.csv,2026-06-07T06:14:41
2026-02-10,Semiconductors,semis,net_margin,0.28215,6,ok,fyn_semis_current_20260210_summary.csv,2026-06-07T06:14:41
2026-02-10,Semiconductors,semis,gross_margin,0.5702,5,ok,fyn_semis_current_20260210_summary.csv,2026-06-07T06:14:41
2026-02-10,Semiconductors,semis,revenue_growth_yoy,0.29105,6,ok,fyn_semis_current_20260210_summary.csv,2026-06-07T06:14:41
2026-02-10,Semiconductors,semis,earnings_growth_yoy,1.1072,6,ok,fyn_semis_current_20260210_summary.csv,2026-06-07T06:14:41
2026-03-10,Semiconductors,semis,pe,37.7463,6,ok,fyn_semis_current_20260310_summary.csv,2026-06-07T06:14:41
2026-03-10,Semiconductors,semis,ps,10.42885,6,ok,fyn_semis_current_20260310_summary.csv,2026-06-07T06:14:41
2026-03-10,Semiconductors,semis,pb,9.36385,6,ok,fyn_semis_current_20260310_summary.csv,2026-06-07T06:14:41
2026-03-10,Semiconductors,semis,ev_ebitda,20.4419,3,ok,fyn_semis_current_20260310_summary.csv,2026-06-07T06:14:41
2026-03-10,Semiconductors,semis,fcf_yield,0.018448,6,ok,fyn_semis_current_20260310_summary.csv,2026-06-07T06:14:41
2026-03-10,Semiconductors,semis,net_margin,0.28215,6,ok,fyn_semis_current_20260310_summary.csv,2026-06-07T06:14:41
2026-03-10,Semiconductors,semis,gross_margin,0.5702,5,ok,fyn_semis_current_20260310_summary.csv,2026-06-07T06:14:41
2026-03-10,Semiconductors,semis,revenue_growth_yoy,0.29105,6,ok,fyn_semis_current_20260310_summary.csv,2026-06-07T06:14:41
2026-03-10,Semiconductors,semis,earnings_growth_yoy,1.1446,6,ok,fyn_semis_current_20260310_summary.csv,2026-06-07T06:14:41
2026-04-10,Semiconductors,semis,pe,38.5721,6,ok,fyn_semis_current_20260410_summary.csv,2026-06-07T06:14:41
2026-04-10,Semiconductors,semis,ps,11.2775,6,ok,fyn_semis_current_20260410_summary.csv,2026-06-07T06:14:41
2026-04-10,Semiconductors,semis,pb,9.2608,6,ok,fyn_semis_current_20260410_summary.csv,2026-06-07T06:14:41
2026-04-10,Semiconductors,semis,ev_ebitda,12.7586,3,ok,fyn_semis_current_20260410_summary.csv,2026-06-07T06:14:41
2026-04-10,Semiconductors,semis,fcf_yield,0.018974,6,ok,fyn_semis_current_20260410_summary.csv,2026-06-07T06:14:41
2026-04-10,Semiconductors,semis,net_margin,0.32425,6,ok,fyn_semis_current_20260410_summary.csv,2026-06-07T06:14:41
2026-04-10,Semiconductors,semis,gross_margin,0.5844,5,ok,fyn_semis_current_20260410_summary.csv,2026-06-07T06:14:41
2026-04-10,Semiconductors,semis,revenue_growth_yoy,0.2978,6,ok,fyn_semis_current_20260410_summary.csv,2026-06-07T06:14:41
2026-04-10,Semiconductors,semis,earnings_growth_yoy,1.0633,6,ok,fyn_semis_current_20260410_summary.csv,2026-06-07T06:14:41
2026-05-10,Semiconductors,semis,pe,46.17825,6,ok,fyn_semis_current_20260510_summary.csv,2026-06-07T06:14:41
2026-05-10,Semiconductors,semis,ps,17.1541,6,ok,fyn_semis_current_20260510_summary.csv,2026-06-07T06:14:41
2026-05-10,Semiconductors,semis,pb,13.6172,6,ok,fyn_semis_current_20260510_summary.csv,2026-06-07T06:14:41
2026-05-10,Semiconductors,semis,ev_ebitda,22.7461,3,ok,fyn_semis_current_20260510_summary.csv,2026-06-07T06:14:41
2026-05-10,Semiconductors,semis,fcf_yield,0.014204,6,ok,fyn_semis_current_20260510_summary.csv,2026-06-07T06:14:41
2026-05-10,Semiconductors,semis,net_margin,0.3284,6,ok,fyn_semis_current_20260510_summary.csv,2026-06-07T06:14:41
2026-05-10,Semiconductors,semis,gross_margin,0.5844,5,ok,fyn_semis_current_20260510_summary.csv,2026-06-07T06:14:41
2026-05-10,Semiconductors,semis,revenue_growth_yoy,0.30095,6,ok,fyn_semis_current_20260510_summary.csv,2026-06-07T06:14:41
2026-05-10,Semiconductors,semis,earnings_growth_yoy,0.94835,6,ok,fyn_semis_current_20260510_summary.csv,2026-06-07T06:14:41
2026-06-06,Semiconductors,semis,pe,44.3751,6,ok,fyn_semis_current_summary.csv,2026-06-07T06:14:41
2026-06-06,Semiconductors,semis,ps,18.1727,6,ok,fyn_semis_current_summary.csv,2026-06-07T06:14:41
2026-06-06,Semiconductors,semis,pb,14.4549,6,ok,fyn_semis_current_summary.csv,2026-06-07T06:14:41
2026-06-06,Semiconductors,semis,ev_ebitda,26.3343,3,ok,fyn_semis_current_summary.csv,2026-06-07T06:14:41
2026-06-06,Semiconductors,semis,fcf_yield,0.015086,6,ok,fyn_semis_current_summary.csv,2026-06-07T06:14:41
2026-06-06,Semiconductors,semis,net_margin,0.3284,6,ok,fyn_semis_current_summary.csv,2026-06-07T06:14:41
2026-06-06,Semiconductors,semis,gross_margin,0.5844,5,ok,fyn_semis_current_summary.csv,2026-06-07T06:14:41
2026-06-06,Semiconductors,semis,revenue_growth_yoy,0.30095,6,ok,fyn_semis_current_summary.csv,2026-06-07T06:14:41
2026-06-06,Semiconductors,semis,earnings_growth_yoy,1.1641,6,ok,fyn_semis_current_summary.csv,2026-06-07T06:14:41
2025-09-10,Solar,solar,pe,23.25375,4,ok,fyn_solar_current_20250910_summary.csv,2026-06-07T06:14:41
2025-09-10,Solar,solar,ps,3.07355,6,ok,fyn_solar_current_20250910_summary.csv,2026-06-07T06:14:41
2025-09-10,Solar,solar,pb,2.9805,6,ok,fyn_solar_current_20250910_summary.csv,2026-06-07T06:14:41
2025-09-10,Solar,solar,ev_ebitda,18.0968,4,ok,fyn_solar_current_20250910_summary.csv,2026-06-07T06:14:41
2025-09-10,Solar,solar,fcf_yield,0.056276,3,ok,fyn_solar_current_20250910_summary.csv,2026-06-07T06:14:41
2025-09-10,Solar,solar,net_margin,0.0853,6,ok,fyn_solar_current_20250910_summary.csv,2026-06-07T06:14:41
2025-09-10,Solar,solar,gross_margin,0.3393,5,ok,fyn_solar_current_20250910_summary.csv,2026-06-07T06:14:41
2025-09-10,Solar,solar,revenue_growth_yoy,0.0383,6,ok,fyn_solar_current_20250910_summary.csv,2026-06-07T06:14:41
2025-09-10,Solar,solar,earnings_growth_yoy,0.3422,6,ok,fyn_solar_current_20250910_summary.csv,2026-06-07T06:14:41
2025-10-10,Solar,solar,pe,24.2943,4,ok,fyn_solar_current_20251010_summary.csv,2026-06-07T06:14:41
2025-10-10,Solar,solar,ps,3.34055,6,ok,fyn_solar_current_20251010_summary.csv,2026-06-07T06:14:41
2025-10-10,Solar,solar,pb,3.44555,6,ok,fyn_solar_current_20251010_summary.csv,2026-06-07T06:14:41
2025-10-10,Solar,solar,ev_ebitda,19.0431,4,ok,fyn_solar_current_20251010_summary.csv,2026-06-07T06:14:41
2025-10-10,Solar,solar,fcf_yield,0.045939,3,ok,fyn_solar_current_20251010_summary.csv,2026-06-07T06:14:41
2025-10-10,Solar,solar,net_margin,0.0853,6,ok,fyn_solar_current_20251010_summary.csv,2026-06-07T06:14:41
2025-10-10,Solar,solar,gross_margin,0.3393,5,ok,fyn_solar_current_20251010_summary.csv,2026-06-07T06:14:41
2025-10-10,Solar,solar,revenue_growth_yoy,0.0383,6,ok,fyn_solar_current_20251010_summary.csv,2026-06-07T06:14:41
2025-10-10,Solar,solar,earnings_growth_yoy,0.3422,6,ok,fyn_solar_current_20251010_summary.csv,2026-06-07T06:14:41
2025-11-10,Solar,solar,pe,25.07525,4,ok,fyn_solar_current_20251110_summary.csv,2026-06-07T06:14:41
2025-11-10,Solar,solar,ps,3.2352,6,ok,fyn_solar_current_20251110_summary.csv,2026-06-07T06:14:41
2025-11-10,Solar,solar,pb,3.78205,6,ok,fyn_solar_current_20251110_summary.csv,2026-06-07T06:14:41
2025-11-10,Solar,solar,ev_ebitda,19.8728,4,ok,fyn_solar_current_20251110_summary.csv,2026-06-07T06:14:41
2025-11-10,Solar,solar,fcf_yield,0.023217,5,ok,fyn_solar_current_20251110_summary.csv,2026-06-07T06:14:41
2025-11-10,Solar,solar,net_margin,0.103,6,ok,fyn_solar_current_20251110_summary.csv,2026-06-07T06:14:41
2025-11-10,Solar,solar,gross_margin,0.3682,5,ok,fyn_solar_current_20251110_summary.csv,2026-06-07T06:14:41
2025-11-10,Solar,solar,revenue_growth_yoy,0.1708,6,ok,fyn_solar_current_20251110_summary.csv,2026-06-07T06:14:41
2025-11-10,Solar,solar,earnings_growth_yoy,0.1566,6,ok,fyn_solar_current_20251110_summary.csv,2026-06-07T06:14:41
2025-12-10,Solar,solar,pe,22.69265,4,ok,fyn_solar_current_20251210_summary.csv,2026-06-07T06:14:41
2025-12-10,Solar,solar,ps,3.0804,6,ok,fyn_solar_current_20251210_summary.csv,2026-06-07T06:14:41
2025-12-10,Solar,solar,pb,3.52755,6,ok,fyn_solar_current_20251210_summary.csv,2026-06-07T06:14:41
2025-12-10,Solar,solar,ev_ebitda,18.00825,4,ok,fyn_solar_current_20251210_summary.csv,2026-06-07T06:14:41
2025-12-10,Solar,solar,fcf_yield,0.033384,5,ok,fyn_solar_current_20251210_summary.csv,2026-06-07T06:14:41
2025-12-10,Solar,solar,net_margin,0.103,6,ok,fyn_solar_current_20251210_summary.csv,2026-06-07T06:14:41
2025-12-10,Solar,solar,gross_margin,0.3682,5,ok,fyn_solar_current_20251210_summary.csv,2026-06-07T06:14:41
2025-12-10,Solar,solar,revenue_growth_yoy,0.1708,6,ok,fyn_solar_current_20251210_summary.csv,2026-06-07T06:14:41
2025-12-10,Solar,solar,earnings_growth_yoy,0.1566,6,ok,fyn_solar_current_20251210_summary.csv,2026-06-07T06:14:41
2026-01-10,Solar,solar,pe,23.73905,4,ok,fyn_solar_current_20260110_summary.csv,2026-06-07T06:14:41
2026-01-10,Solar,solar,ps,3.1971,6,ok,fyn_solar_current_20260110_summary.csv,2026-06-07T06:14:41
2026-01-10,Solar,solar,pb,3.47015,6,ok,fyn_solar_current_20260110_summary.csv,2026-06-07T06:14:41
2026-01-10,Solar,solar,ev_ebitda,18.7782,4,ok,fyn_solar_current_20260110_summary.csv,2026-06-07T06:14:41
2026-01-10,Solar,solar,fcf_yield,0.032034,5,ok,fyn_solar_current_20260110_summary.csv,2026-06-07T06:14:41
2026-01-10,Solar,solar,net_margin,0.103,6,ok,fyn_solar_current_20260110_summary.csv,2026-06-07T06:14:41
2026-01-10,Solar,solar,gross_margin,0.3682,5,ok,fyn_solar_current_20260110_summary.csv,2026-06-07T06:14:41
2026-01-10,Solar,solar,revenue_growth_yoy,0.1708,6,ok,fyn_solar_current_20260110_summary.csv,2026-06-07T06:14:41
2026-01-10,Solar,solar,earnings_growth_yoy,0.1566,6,ok,fyn_solar_current_20260110_summary.csv,2026-06-07T06:14:41
2026-02-10,Solar,solar,pe,31.95595,4,ok,fyn_solar_current_20260210_summary.csv,2026-06-07T06:14:41
2026-02-10,Solar,solar,ps,4.15655,6,ok,fyn_solar_current_20260210_summary.csv,2026-06-07T06:14:41
2026-02-10,Solar,solar,pb,3.7521,6,ok,fyn_solar_current_20260210_summary.csv,2026-06-07T06:14:41
2026-02-10,Solar,solar,ev_ebitda,24.71185,4,ok,fyn_solar_current_20260210_summary.csv,2026-06-07T06:14:41
2026-02-10,Solar,solar,fcf_yield,0.028638,5,ok,fyn_solar_current_20260210_summary.csv,2026-06-07T06:14:41
2026-02-10,Solar,solar,net_margin,0.103,6,ok,fyn_solar_current_20260210_summary.csv,2026-06-07T06:14:41
2026-02-10,Solar,solar,gross_margin,0.3682,5,ok,fyn_solar_current_20260210_summary.csv,2026-06-07T06:14:41
2026-02-10,Solar,solar,revenue_growth_yoy,0.1738,6,ok,fyn_solar_current_20260210_summary.csv,2026-06-07T06:14:41
2026-02-10,Solar,solar,earnings_growth_yoy,0.09195,6,ok,fyn_solar_current_20260210_summary.csv,2026-06-07T06:14:41
2026-03-10,Solar,solar,pe,29.2092,5,ok,fyn_solar_current_20260310_summary.csv,2026-06-07T06:14:41
2026-03-10,Solar,solar,ps,3.0503,6,ok,fyn_solar_current_20260310_summary.csv,2026-06-07T06:14:41
2026-03-10,Solar,solar,pb,3.74125,6,ok,fyn_solar_current_20260310_summary.csv,2026-06-07T06:14:41
2026-03-10,Solar,solar,ev_ebitda,19.44775,4,ok,fyn_solar_current_20260310_summary.csv,2026-06-07T06:14:41
2026-03-10,Solar,solar,fcf_yield,0.034538,4,ok,fyn_solar_current_20260310_summary.csv,2026-06-07T06:14:41
2026-03-10,Solar,solar,net_margin,0.13455,6,ok,fyn_solar_current_20260310_summary.csv,2026-06-07T06:14:41
2026-03-10,Solar,solar,gross_margin,0.3503,5,ok,fyn_solar_current_20260310_summary.csv,2026-06-07T06:14:41
2026-03-10,Solar,solar,revenue_growth_yoy,0.27055,6,ok,fyn_solar_current_20260310_summary.csv,2026-06-07T06:14:41
2026-03-10,Solar,solar,earnings_growth_yoy,0.12235,6,ok,fyn_solar_current_20260310_summary.csv,2026-06-07T06:14:41
2026-04-10,Solar,solar,pe,23.7509,5,ok,fyn_solar_current_20260410_summary.csv,2026-06-07T06:14:41
2026-04-10,Solar,solar,ps,2.624,6,ok,fyn_solar_current_20260410_summary.csv,2026-06-07T06:14:41
2026-04-10,Solar,solar,pb,3.0251,6,ok,fyn_solar_current_20260410_summary.csv,2026-06-07T06:14:41
2026-04-10,Solar,solar,ev_ebitda,19.77355,4,ok,fyn_solar_current_20260410_summary.csv,2026-06-07T06:14:41
2026-04-10,Solar,solar,fcf_yield,0.032394,4,ok,fyn_solar_current_20260410_summary.csv,2026-06-07T06:14:41
2026-04-10,Solar,solar,net_margin,0.13455,6,ok,fyn_solar_current_20260410_summary.csv,2026-06-07T06:14:41
2026-04-10,Solar,solar,gross_margin,0.3503,5,ok,fyn_solar_current_20260410_summary.csv,2026-06-07T06:14:41
2026-04-10,Solar,solar,revenue_growth_yoy,0.27055,6,ok,fyn_solar_current_20260410_summary.csv,2026-06-07T06:14:41
2026-04-10,Solar,solar,earnings_growth_yoy,0.12235,6,ok,fyn_solar_current_20260410_summary.csv,2026-06-07T06:14:41
2026-05-10,Solar,solar,pe,32.3373,5,ok,fyn_solar_current_20260510_summary.csv,2026-06-07T06:14:41
2026-05-10,Solar,solar,ps,3.09885,6,ok,fyn_solar_current_20260510_summary.csv,2026-06-07T06:14:41
2026-05-10,Solar,solar,pb,3.40995,6,ok,fyn_solar_current_20260510_summary.csv,2026-06-07T06:14:41
2026-05-10,Solar,solar,ev_ebitda,23.7612,5,ok,fyn_solar_current_20260510_summary.csv,2026-06-07T06:14:41
2026-05-10,Solar,solar,fcf_yield,0.030825,4,ok,fyn_solar_current_20260510_summary.csv,2026-06-07T06:14:41
2026-05-10,Solar,solar,net_margin,0.07955,6,ok,fyn_solar_current_20260510_summary.csv,2026-06-07T06:14:41
2026-05-10,Solar,solar,gross_margin,0.335,5,ok,fyn_solar_current_20260510_summary.csv,2026-06-07T06:14:41
2026-05-10,Solar,solar,revenue_growth_yoy,0.33885,6,ok,fyn_solar_current_20260510_summary.csv,2026-06-07T06:14:41
2026-05-10,Solar,solar,earnings_growth_yoy,-0.01445,6,ok,fyn_solar_current_20260510_summary.csv,2026-06-07T06:14:41
2026-06-06,Solar,solar,pe,34.2936,5,ok,fyn_solar_current_summary.csv,2026-06-07T06:14:41
2026-06-06,Solar,solar,ps,4.33075,6,ok,fyn_solar_current_summary.csv,2026-06-07T06:14:41
2026-06-06,Solar,solar,pb,4.86935,6,ok,fyn_solar_current_summary.csv,2026-06-07T06:14:41
2026-06-06,Solar,solar,ev_ebitda,27.0905,5,ok,fyn_solar_current_summary.csv,2026-06-07T06:14:41
2026-06-06,Solar,solar,fcf_yield,0.022908,4,ok,fyn_solar_current_summary.csv,2026-06-07T06:14:41
2026-06-06,Solar,solar,net_margin,0.07955,6,ok,fyn_solar_current_summary.csv,2026-06-07T06:14:41
2026-06-06,Solar,solar,gross_margin,0.335,5,ok,fyn_solar_current_summary.csv,2026-06-07T06:14:41
2026-06-06,Solar,solar,revenue_growth_yoy,0.32525,6,ok,fyn_solar_current_summary.csv,2026-06-07T06:14:41
2026-06-06,Solar,solar,earnings_growth_yoy,0.02995,6,ok,fyn_solar_current_summary.csv,2026-06-07T06:14:41
2025-09-10,Technology,technology,pe,29.4949,8,ok,fyn_technology_current_20250910_summary.csv,2026-06-07T06:14:41
2025-09-10,Technology,technology,ps,6.20905,8,ok,fyn_technology_current_20250910_summary.csv,2026-06-07T06:14:41
2025-09-10,Technology,technology,pb,8.3442,8,ok,fyn_technology_current_20250910_summary.csv,2026-06-07T06:14:41
2025-09-10,Technology,technology,ev_ebitda,20.32145,4,ok,fyn_technology_current_20250910_summary.csv,2026-06-07T06:14:41
2025-09-10,Technology,technology,fcf_yield,0.052632,8,ok,fyn_technology_current_20250910_summary.csv,2026-06-07T06:14:41
2025-09-10,Technology,technology,net_margin,0.243,9,ok,fyn_technology_current_20250910_summary.csv,2026-06-07T06:14:41
2025-09-10,Technology,technology,gross_margin,0.73235,6,ok,fyn_technology_current_20250910_summary.csv,2026-06-07T06:14:41
2025-09-10,Technology,technology,revenue_growth_yoy,0.1063,9,ok,fyn_technology_current_20250910_summary.csv,2026-06-07T06:14:41
2025-09-10,Technology,technology,earnings_growth_yoy,0.1831,9,ok,fyn_technology_current_20250910_summary.csv,2026-06-07T06:14:41
2025-10-10,Technology,technology,pe,25.4475,9,ok,fyn_technology_current_20251010_summary.csv,2026-06-07T06:14:41
2025-10-10,Technology,technology,ps,6.0947,9,ok,fyn_technology_current_20251010_summary.csv,2026-06-07T06:14:41
2025-10-10,Technology,technology,pb,9.3283,9,ok,fyn_technology_current_20251010_summary.csv,2026-06-07T06:14:41
2025-10-10,Technology,technology,ev_ebitda,19.2426,5,ok,fyn_technology_current_20251010_summary.csv,2026-06-07T06:14:41
2025-10-10,Technology,technology,fcf_yield,0.047292,9,ok,fyn_technology_current_20251010_summary.csv,2026-06-07T06:14:41
2025-10-10,Technology,technology,net_margin,0.243,9,ok,fyn_technology_current_20251010_summary.csv,2026-06-07T06:14:41
2025-10-10,Technology,technology,gross_margin,0.73235,6,ok,fyn_technology_current_20251010_summary.csv,2026-06-07T06:14:41
2025-10-10,Technology,technology,revenue_growth_yoy,0.1067,9,ok,fyn_technology_current_20251010_summary.csv,2026-06-07T06:14:41
2025-10-10,Technology,technology,earnings_growth_yoy,0.1831,9,ok,fyn_technology_current_20251010_summary.csv,2026-06-07T06:14:41
2025-11-10,Technology,technology,pe,28.2449,9,ok,fyn_technology_current_20251110_summary.csv,2026-06-07T06:14:41
2025-11-10,Technology,technology,ps,5.9383,9,ok,fyn_technology_current_20251110_summary.csv,2026-06-07T06:14:41
2025-11-10,Technology,technology,pb,9.0715,9,ok,fyn_technology_current_20251110_summary.csv,2026-06-07T06:14:41
2025-11-10,Technology,technology,ev_ebitda,16.546,5,ok,fyn_technology_current_20251110_summary.csv,2026-06-07T06:14:41
2025-11-10,Technology,technology,fcf_yield,0.043159,9,ok,fyn_technology_current_20251110_summary.csv,2026-06-07T06:14:41
2025-11-10,Technology,technology,net_margin,0.2692,9,ok,fyn_technology_current_20251110_summary.csv,2026-06-07T06:14:41
2025-11-10,Technology,technology,gross_margin,0.73205,6,ok,fyn_technology_current_20251110_summary.csv,2026-06-07T06:14:41
2025-11-10,Technology,technology,revenue_growth_yoy,0.1067,9,ok,fyn_technology_current_20251110_summary.csv,2026-06-07T06:14:41
2025-11-10,Technology,technology,earnings_growth_yoy,0.195,9,ok,fyn_technology_current_20251110_summary.csv,2026-06-07T06:14:41
2025-12-10,Technology,technology,pe,31.2007,9,ok,fyn_technology_current_20251210_summary.csv,2026-06-07T06:14:41
2025-12-10,Technology,technology,ps,6.1962,9,ok,fyn_technology_current_20251210_summary.csv,2026-06-07T06:14:41
2025-12-10,Technology,technology,pb,9.7964,9,ok,fyn_technology_current_20251210_summary.csv,2026-06-07T06:14:41
2025-12-10,Technology,technology,ev_ebitda,17.0216,5,ok,fyn_technology_current_20251210_summary.csv,2026-06-07T06:14:41
2025-12-10,Technology,technology,fcf_yield,0.04267,9,ok,fyn_technology_current_20251210_summary.csv,2026-06-07T06:14:41
2025-12-10,Technology,technology,net_margin,0.2692,9,ok,fyn_technology_current_20251210_summary.csv,2026-06-07T06:14:41
2025-12-10,Technology,technology,gross_margin,0.73245,6,ok,fyn_technology_current_20251210_summary.csv,2026-06-07T06:14:41
2025-12-10,Technology,technology,revenue_growth_yoy,0.1067,9,ok,fyn_technology_current_20251210_summary.csv,2026-06-07T06:14:41
2025-12-10,Technology,technology,earnings_growth_yoy,0.2168,9,ok,fyn_technology_current_20251210_summary.csv,2026-06-07T06:14:41
2026-01-10,Technology,technology,pe,31.9919,9,ok,fyn_technology_current_20260110_summary.csv,2026-06-07T06:14:41
2026-01-10,Technology,technology,ps,6.0412,9,ok,fyn_technology_current_20260110_summary.csv,2026-06-07T06:14:41
2026-01-10,Technology,technology,pb,9.8111,9,ok,fyn_technology_current_20260110_summary.csv,2026-06-07T06:14:41
2026-01-10,Technology,technology,ev_ebitda,17.0975,5,ok,fyn_technology_current_20260110_summary.csv,2026-06-07T06:14:41
2026-01-10,Technology,technology,fcf_yield,0.043856,9,ok,fyn_technology_current_20260110_summary.csv,2026-06-07T06:14:41
2026-01-10,Technology,technology,net_margin,0.2692,9,ok,fyn_technology_current_20260110_summary.csv,2026-06-07T06:14:41
2026-01-10,Technology,technology,gross_margin,0.73245,6,ok,fyn_technology_current_20260110_summary.csv,2026-06-07T06:14:41
2026-01-10,Technology,technology,revenue_growth_yoy,0.1067,9,ok,fyn_technology_current_20260110_summary.csv,2026-06-07T06:14:41
2026-01-10,Technology,technology,earnings_growth_yoy,0.2168,9,ok,fyn_technology_current_20260110_summary.csv,2026-06-07T06:14:41
2026-02-10,Technology,technology,pe,28.5559,9,ok,fyn_technology_current_20260210_summary.csv,2026-06-07T06:14:41
2026-02-10,Technology,technology,ps,8.3882,9,ok,fyn_technology_current_20260210_summary.csv,2026-06-07T06:14:41
2026-02-10,Technology,technology,pb,8.5913,9,ok,fyn_technology_current_20260210_summary.csv,2026-06-07T06:14:41
2026-02-10,Technology,technology,ev_ebitda,19.6587,5,ok,fyn_technology_current_20260210_summary.csv,2026-06-07T06:14:41
2026-02-10,Technology,technology,fcf_yield,0.041085,9,ok,fyn_technology_current_20260210_summary.csv,2026-06-07T06:14:41
2026-02-10,Technology,technology,net_margin,0.2704,9,ok,fyn_technology_current_20260210_summary.csv,2026-06-07T06:14:41
2026-02-10,Technology,technology,gross_margin,0.7306,6,ok,fyn_technology_current_20260210_summary.csv,2026-06-07T06:14:41
2026-02-10,Technology,technology,revenue_growth_yoy,0.1053,9,ok,fyn_technology_current_20260210_summary.csv,2026-06-07T06:14:41
2026-02-10,Technology,technology,earnings_growth_yoy,0.2267,9,ok,fyn_technology_current_20260210_summary.csv,2026-06-07T06:14:41
2026-03-10,Technology,technology,pe,25.2639,9,ok,fyn_technology_current_20260310_summary.csv,2026-06-07T06:14:41
2026-03-10,Technology,technology,ps,8.3775,9,ok,fyn_technology_current_20260310_summary.csv,2026-06-07T06:14:41
2026-03-10,Technology,technology,pb,7.7497,9,ok,fyn_technology_current_20260310_summary.csv,2026-06-07T06:14:41
2026-03-10,Technology,technology,ev_ebitda,19.6216,5,ok,fyn_technology_current_20260310_summary.csv,2026-06-07T06:14:41
2026-03-10,Technology,technology,fcf_yield,0.037516,9,ok,fyn_technology_current_20260310_summary.csv,2026-06-07T06:14:41
2026-03-10,Technology,technology,net_margin,0.2704,9,ok,fyn_technology_current_20260310_summary.csv,2026-06-07T06:14:41
2026-03-10,Technology,technology,gross_margin,0.7306,6,ok,fyn_technology_current_20260310_summary.csv,2026-06-07T06:14:41
2026-03-10,Technology,technology,revenue_growth_yoy,0.1053,9,ok,fyn_technology_current_20260310_summary.csv,2026-06-07T06:14:41
2026-03-10,Technology,technology,earnings_growth_yoy,0.2267,9,ok,fyn_technology_current_20260310_summary.csv,2026-06-07T06:14:41
2026-04-10,Technology,technology,pe,23.0915,9,ok,fyn_technology_current_20260410_summary.csv,2026-06-07T06:14:41
2026-04-10,Technology,technology,ps,6.5385,9,ok,fyn_technology_current_20260410_summary.csv,2026-06-07T06:14:41
2026-04-10,Technology,technology,pb,7.0456,9,ok,fyn_technology_current_20260410_summary.csv,2026-06-07T06:14:41
2026-04-10,Technology,technology,ev_ebitda,16.7212,5,ok,fyn_technology_current_20260410_summary.csv,2026-06-07T06:14:41
2026-04-10,Technology,technology,fcf_yield,0.052708,9,ok,fyn_technology_current_20260410_summary.csv,2026-06-07T06:14:41
2026-04-10,Technology,technology,net_margin,0.2704,9,ok,fyn_technology_current_20260410_summary.csv,2026-06-07T06:14:41
2026-04-10,Technology,technology,gross_margin,0.7306,6,ok,fyn_technology_current_20260410_summary.csv,2026-06-07T06:14:41
2026-04-10,Technology,technology,revenue_growth_yoy,0.1096,9,ok,fyn_technology_current_20260410_summary.csv,2026-06-07T06:14:41
2026-04-10,Technology,technology,earnings_growth_yoy,0.2249,9,ok,fyn_technology_current_20260410_summary.csv,2026-06-07T06:14:41
2026-05-10,Technology,technology,pe,22.505,9,ok,fyn_technology_current_20260510_summary.csv,2026-06-07T06:14:41
2026-05-10,Technology,technology,ps,6.734,9,ok,fyn_technology_current_20260510_summary.csv,2026-06-07T06:14:41
2026-05-10,Technology,technology,pb,7.4419,9,ok,fyn_technology_current_20260510_summary.csv,2026-06-07T06:14:41
2026-05-10,Technology,technology,ev_ebitda,18.354,5,ok,fyn_technology_current_20260510_summary.csv,2026-06-07T06:14:41
2026-05-10,Technology,technology,fcf_yield,0.049284,9,ok,fyn_technology_current_20260510_summary.csv,2026-06-07T06:14:41
2026-05-10,Technology,technology,net_margin,0.2715,9,ok,fyn_technology_current_20260510_summary.csv,2026-06-07T06:14:41
2026-05-10,Technology,technology,gross_margin,0.72435,6,ok,fyn_technology_current_20260510_summary.csv,2026-06-07T06:14:41
2026-05-10,Technology,technology,revenue_growth_yoy,0.1276,9,ok,fyn_technology_current_20260510_summary.csv,2026-06-07T06:14:41
2026-05-10,Technology,technology,earnings_growth_yoy,0.2033,9,ok,fyn_technology_current_20260510_summary.csv,2026-06-07T06:14:41
2026-06-06,Technology,technology,pe,24.7189,9,ok,fyn_technology_current_summary.csv,2026-06-07T06:14:41
2026-06-06,Technology,technology,ps,7.0731,9,ok,fyn_technology_current_summary.csv,2026-06-07T06:14:41
2026-06-06,Technology,technology,pb,8.119,9,ok,fyn_technology_current_summary.csv,2026-06-07T06:14:41
2026-06-06,Technology,technology,ev_ebitda,18.0989,5,ok,fyn_technology_current_summary.csv,2026-06-07T06:14:41
2026-06-06,Technology,technology,fcf_yield,0.039962,9,ok,fyn_technology_current_summary.csv,2026-06-07T06:14:41
2026-06-06,Technology,technology,net_margin,0.2715,9,ok,fyn_technology_current_summary.csv,2026-06-07T06:14:41
2026-06-06,Technology,technology,gross_margin,0.72435,6,ok,fyn_technology_current_summary.csv,2026-06-07T06:14:41
2026-06-06,Technology,technology,revenue_growth_yoy,0.1276,9,ok,fyn_technology_current_summary.csv,2026-06-07T06:14:41
2026-06-06,Technology,technology,earnings_growth_yoy,0.2598,9,ok,fyn_technology_current_summary.csv,2026-06-07T06:14:41
2025-09-10,Telecom & Streaming,telecom,pe,10.079,7,ok,fyn_telecom_current_20250910_summary.csv,2026-06-07T06:14:41
2025-09-10,Telecom & Streaming,telecom,ps,1.3385,7,ok,fyn_telecom_current_20250910_summary.csv,2026-06-07T06:14:41
2025-09-10,Telecom & Streaming,telecom,pb,1.9074,7,ok,fyn_telecom_current_20250910_summary.csv,2026-06-07T06:14:41
2025-09-10,Telecom & Streaming,telecom,ev_ebitda,6.3739,7,ok,fyn_telecom_current_20250910_summary.csv,2026-06-07T06:14:41
2025-09-10,Telecom & Streaming,telecom,fcf_yield,0.104162,6,ok,fyn_telecom_current_20250910_summary.csv,2026-06-07T06:14:41
2025-09-10,Telecom & Streaming,telecom,net_margin,0.1328,7,ok,fyn_telecom_current_20250910_summary.csv,2026-06-07T06:14:41
2025-09-10,Telecom & Streaming,telecom,gross_margin,,0,missing,fyn_telecom_current_20250910_summary.csv,2026-06-07T06:14:41
2025-09-10,Telecom & Streaming,telecom,revenue_growth_yoy,0.0253,7,ok,fyn_telecom_current_20250910_summary.csv,2026-06-07T06:14:41
2025-09-10,Telecom & Streaming,telecom,earnings_growth_yoy,0.4444,7,ok,fyn_telecom_current_20250910_summary.csv,2026-06-07T06:14:41
2025-10-10,Telecom & Streaming,telecom,pe,9.2355,7,ok,fyn_telecom_current_20251010_summary.csv,2026-06-07T06:14:41
2025-10-10,Telecom & Streaming,telecom,ps,1.2435,7,ok,fyn_telecom_current_20251010_summary.csv,2026-06-07T06:14:41
2025-10-10,Telecom & Streaming,telecom,pb,1.7987,7,ok,fyn_telecom_current_20251010_summary.csv,2026-06-07T06:14:41
2025-10-10,Telecom & Streaming,telecom,ev_ebitda,6.0519,7,ok,fyn_telecom_current_20251010_summary.csv,2026-06-07T06:14:41
2025-10-10,Telecom & Streaming,telecom,fcf_yield,0.110984,6,ok,fyn_telecom_current_20251010_summary.csv,2026-06-07T06:14:41
2025-10-10,Telecom & Streaming,telecom,net_margin,0.1328,7,ok,fyn_telecom_current_20251010_summary.csv,2026-06-07T06:14:41
2025-10-10,Telecom & Streaming,telecom,gross_margin,,0,missing,fyn_telecom_current_20251010_summary.csv,2026-06-07T06:14:41
2025-10-10,Telecom & Streaming,telecom,revenue_growth_yoy,0.0253,7,ok,fyn_telecom_current_20251010_summary.csv,2026-06-07T06:14:41
2025-10-10,Telecom & Streaming,telecom,earnings_growth_yoy,0.4444,7,ok,fyn_telecom_current_20251010_summary.csv,2026-06-07T06:14:41
2025-11-10,Telecom & Streaming,telecom,pe,7.9133,7,ok,fyn_telecom_current_20251110_summary.csv,2026-06-07T06:14:41
2025-11-10,Telecom & Streaming,telecom,ps,1.2221,7,ok,fyn_telecom_current_20251110_summary.csv,2026-06-07T06:14:41
2025-11-10,Telecom & Streaming,telecom,pb,1.8287,7,ok,fyn_telecom_current_20251110_summary.csv,2026-06-07T06:14:41
2025-11-10,Telecom & Streaming,telecom,ev_ebitda,5.7376,7,ok,fyn_telecom_current_20251110_summary.csv,2026-06-07T06:14:41
2025-11-10,Telecom & Streaming,telecom,fcf_yield,0.130746,6,ok,fyn_telecom_current_20251110_summary.csv,2026-06-07T06:14:41
2025-11-10,Telecom & Streaming,telecom,net_margin,0.1443,7,ok,fyn_telecom_current_20251110_summary.csv,2026-06-07T06:14:41
2025-11-10,Telecom & Streaming,telecom,gross_margin,,0,missing,fyn_telecom_current_20251110_summary.csv,2026-06-07T06:14:41
2025-11-10,Telecom & Streaming,telecom,revenue_growth_yoy,0.0242,7,ok,fyn_telecom_current_20251110_summary.csv,2026-06-07T06:14:41
2025-11-10,Telecom & Streaming,telecom,earnings_growth_yoy,0.5405,7,ok,fyn_telecom_current_20251110_summary.csv,2026-06-07T06:14:41
2025-12-10,Telecom & Streaming,telecom,pe,7.7731,7,ok,fyn_telecom_current_20251210_summary.csv,2026-06-07T06:14:41
2025-12-10,Telecom & Streaming,telecom,ps,1.2242,7,ok,fyn_telecom_current_20251210_summary.csv,2026-06-07T06:14:41
2025-12-10,Telecom & Streaming,telecom,pb,1.5828,7,ok,fyn_telecom_current_20251210_summary.csv,2026-06-07T06:14:41
2025-12-10,Telecom & Streaming,telecom,ev_ebitda,5.7435,7,ok,fyn_telecom_current_20251210_summary.csv,2026-06-07T06:14:41
2025-12-10,Telecom & Streaming,telecom,fcf_yield,0.130783,6,ok,fyn_telecom_current_20251210_summary.csv,2026-06-07T06:14:41
2025-12-10,Telecom & Streaming,telecom,net_margin,0.1443,7,ok,fyn_telecom_current_20251210_summary.csv,2026-06-07T06:14:41
2025-12-10,Telecom & Streaming,telecom,gross_margin,,0,missing,fyn_telecom_current_20251210_summary.csv,2026-06-07T06:14:41
2025-12-10,Telecom & Streaming,telecom,revenue_growth_yoy,0.0242,7,ok,fyn_telecom_current_20251210_summary.csv,2026-06-07T06:14:41
2025-12-10,Telecom & Streaming,telecom,earnings_growth_yoy,0.5405,7,ok,fyn_telecom_current_20251210_summary.csv,2026-06-07T06:14:41
2026-01-10,Telecom & Streaming,telecom,pe,7.6456,7,ok,fyn_telecom_current_20260110_summary.csv,2026-06-07T06:14:41
2026-01-10,Telecom & Streaming,telecom,ps,1.2408,7,ok,fyn_telecom_current_20260110_summary.csv,2026-06-07T06:14:41
2026-01-10,Telecom & Streaming,telecom,pb,1.6042,7,ok,fyn_telecom_current_20260110_summary.csv,2026-06-07T06:14:41
2026-01-10,Telecom & Streaming,telecom,ev_ebitda,5.789,7,ok,fyn_telecom_current_20260110_summary.csv,2026-06-07T06:14:41
2026-01-10,Telecom & Streaming,telecom,fcf_yield,0.132682,6,ok,fyn_telecom_current_20260110_summary.csv,2026-06-07T06:14:41
2026-01-10,Telecom & Streaming,telecom,net_margin,0.1443,7,ok,fyn_telecom_current_20260110_summary.csv,2026-06-07T06:14:41
2026-01-10,Telecom & Streaming,telecom,gross_margin,,0,missing,fyn_telecom_current_20260110_summary.csv,2026-06-07T06:14:41
2026-01-10,Telecom & Streaming,telecom,revenue_growth_yoy,0.0242,7,ok,fyn_telecom_current_20260110_summary.csv,2026-06-07T06:14:41
2026-01-10,Telecom & Streaming,telecom,earnings_growth_yoy,0.5405,7,ok,fyn_telecom_current_20260110_summary.csv,2026-06-07T06:14:41
2026-02-10,Telecom & Streaming,telecom,pe,10.0729,7,ok,fyn_telecom_current_20260210_summary.csv,2026-06-07T06:14:41
2026-02-10,Telecom & Streaming,telecom,ps,1.5272,7,ok,fyn_telecom_current_20260210_summary.csv,2026-06-07T06:14:41
2026-02-10,Telecom & Streaming,telecom,pb,1.8789,7,ok,fyn_telecom_current_20260210_summary.csv,2026-06-07T06:14:41
2026-02-10,Telecom & Streaming,telecom,ev_ebitda,6.676,7,ok,fyn_telecom_current_20260210_summary.csv,2026-06-07T06:14:41
2026-02-10,Telecom & Streaming,telecom,fcf_yield,0.089095,6,ok,fyn_telecom_current_20260210_summary.csv,2026-06-07T06:14:41
2026-02-10,Telecom & Streaming,telecom,net_margin,0.1443,7,ok,fyn_telecom_current_20260210_summary.csv,2026-06-07T06:14:41
2026-02-10,Telecom & Streaming,telecom,gross_margin,,0,missing,fyn_telecom_current_20260210_summary.csv,2026-06-07T06:14:41
2026-02-10,Telecom & Streaming,telecom,revenue_growth_yoy,0.0271,7,ok,fyn_telecom_current_20260210_summary.csv,2026-06-07T06:14:41
2026-02-10,Telecom & Streaming,telecom,earnings_growth_yoy,0.2605,7,ok,fyn_telecom_current_20260210_summary.csv,2026-06-07T06:14:41
2026-03-10,Telecom & Streaming,telecom,pe,12.4536,7,ok,fyn_telecom_current_20260310_summary.csv,2026-06-07T06:14:41
2026-03-10,Telecom & Streaming,telecom,ps,1.5477,7,ok,fyn_telecom_current_20260310_summary.csv,2026-06-07T06:14:41
2026-03-10,Telecom & Streaming,telecom,pb,1.8819,7,ok,fyn_telecom_current_20260310_summary.csv,2026-06-07T06:14:41
2026-03-10,Telecom & Streaming,telecom,ev_ebitda,7.0232,7,ok,fyn_telecom_current_20260310_summary.csv,2026-06-07T06:14:41
2026-03-10,Telecom & Streaming,telecom,fcf_yield,0.087436,6,ok,fyn_telecom_current_20260310_summary.csv,2026-06-07T06:14:41
2026-03-10,Telecom & Streaming,telecom,net_margin,0.128,7,ok,fyn_telecom_current_20260310_summary.csv,2026-06-07T06:14:41
2026-03-10,Telecom & Streaming,telecom,gross_margin,,0,missing,fyn_telecom_current_20260310_summary.csv,2026-06-07T06:14:41
2026-03-10,Telecom & Streaming,telecom,revenue_growth_yoy,0.0271,7,ok,fyn_telecom_current_20260310_summary.csv,2026-06-07T06:14:41
2026-03-10,Telecom & Streaming,telecom,earnings_growth_yoy,0.2351,7,ok,fyn_telecom_current_20260310_summary.csv,2026-06-07T06:14:41
2026-04-10,Telecom & Streaming,telecom,pe,11.0281,7,ok,fyn_telecom_current_20260410_summary.csv,2026-06-07T06:14:41
2026-04-10,Telecom & Streaming,telecom,ps,1.4742,7,ok,fyn_telecom_current_20260410_summary.csv,2026-06-07T06:14:41
2026-04-10,Telecom & Streaming,telecom,pb,1.8364,7,ok,fyn_telecom_current_20260410_summary.csv,2026-06-07T06:14:41
2026-04-10,Telecom & Streaming,telecom,ev_ebitda,6.6095,7,ok,fyn_telecom_current_20260410_summary.csv,2026-06-07T06:14:41
2026-04-10,Telecom & Streaming,telecom,fcf_yield,0.094202,6,ok,fyn_telecom_current_20260410_summary.csv,2026-06-07T06:14:41
2026-04-10,Telecom & Streaming,telecom,net_margin,0.128,7,ok,fyn_telecom_current_20260410_summary.csv,2026-06-07T06:14:41
2026-04-10,Telecom & Streaming,telecom,gross_margin,,0,missing,fyn_telecom_current_20260410_summary.csv,2026-06-07T06:14:41
2026-04-10,Telecom & Streaming,telecom,revenue_growth_yoy,0.0271,7,ok,fyn_telecom_current_20260410_summary.csv,2026-06-07T06:14:41
2026-04-10,Telecom & Streaming,telecom,earnings_growth_yoy,0.2351,7,ok,fyn_telecom_current_20260410_summary.csv,2026-06-07T06:14:41
2026-05-10,Telecom & Streaming,telecom,pe,11.0932,7,ok,fyn_telecom_current_20260510_summary.csv,2026-06-07T06:14:41
2026-05-10,Telecom & Streaming,telecom,ps,1.417,7,ok,fyn_telecom_current_20260510_summary.csv,2026-06-07T06:14:41
2026-05-10,Telecom & Streaming,telecom,pb,1.7255,7,ok,fyn_telecom_current_20260510_summary.csv,2026-06-07T06:14:41
2026-05-10,Telecom & Streaming,telecom,ev_ebitda,6.9113,7,ok,fyn_telecom_current_20260510_summary.csv,2026-06-07T06:14:41
2026-05-10,Telecom & Streaming,telecom,fcf_yield,0.093153,6,ok,fyn_telecom_current_20260510_summary.csv,2026-06-07T06:14:41
2026-05-10,Telecom & Streaming,telecom,net_margin,0.1277,7,ok,fyn_telecom_current_20260510_summary.csv,2026-06-07T06:14:41
2026-05-10,Telecom & Streaming,telecom,gross_margin,,0,missing,fyn_telecom_current_20260510_summary.csv,2026-06-07T06:14:41
2026-05-10,Telecom & Streaming,telecom,revenue_growth_yoy,0.0292,7,ok,fyn_telecom_current_20260510_summary.csv,2026-06-07T06:14:41
2026-05-10,Telecom & Streaming,telecom,earnings_growth_yoy,0.1998,7,ok,fyn_telecom_current_20260510_summary.csv,2026-06-07T06:14:41
2026-06-06,Telecom & Streaming,telecom,pe,10.6586,7,ok,fyn_telecom_current_summary.csv,2026-06-07T06:14:41
2026-06-06,Telecom & Streaming,telecom,ps,1.3615,7,ok,fyn_telecom_current_summary.csv,2026-06-07T06:14:41
2026-06-06,Telecom & Streaming,telecom,pb,1.5928,7,ok,fyn_telecom_current_summary.csv,2026-06-07T06:14:41
2026-06-06,Telecom & Streaming,telecom,ev_ebitda,6.751,7,ok,fyn_telecom_current_summary.csv,2026-06-07T06:14:41
2026-06-06,Telecom & Streaming,telecom,fcf_yield,0.102208,6,ok,fyn_telecom_current_summary.csv,2026-06-07T06:14:41
2026-06-06,Telecom & Streaming,telecom,net_margin,0.1277,7,ok,fyn_telecom_current_summary.csv,2026-06-07T06:14:41
2026-06-06,Telecom & Streaming,telecom,gross_margin,,0,missing,fyn_telecom_current_summary.csv,2026-06-07T06:14:41
2026-06-06,Telecom & Streaming,telecom,revenue_growth_yoy,0.0292,7,ok,fyn_telecom_current_summary.csv,2026-06-07T06:14:41
2026-06-06,Telecom & Streaming,telecom,earnings_growth_yoy,0.1998,7,ok,fyn_telecom_current_summary.csv,2026-06-07T06:14:41
2025-09-10,Utilities,utilities,pe,20.2116,5,ok,fyn_utilities_current_20250910_summary.csv,2026-06-07T06:14:41
2025-09-10,Utilities,utilities,ps,3.3486,5,ok,fyn_utilities_current_20250910_summary.csv,2026-06-07T06:14:41
2025-09-10,Utilities,utilities,pb,1.9396,5,ok,fyn_utilities_current_20250910_summary.csv,2026-06-07T06:14:41
2025-09-10,Utilities,utilities,ev_ebitda,11.89685,4,ok,fyn_utilities_current_20250910_summary.csv,2026-06-07T06:14:41
2025-09-10,Utilities,utilities,fcf_yield,,0,missing,fyn_utilities_current_20250910_summary.csv,2026-06-07T06:14:41
2025-09-10,Utilities,utilities,net_margin,0.1657,5,ok,fyn_utilities_current_20250910_summary.csv,2026-06-07T06:14:41
2025-09-10,Utilities,utilities,gross_margin,,0,missing,fyn_utilities_current_20250910_summary.csv,2026-06-07T06:14:41
2025-09-10,Utilities,utilities,revenue_growth_yoy,0.0456,5,ok,fyn_utilities_current_20250910_summary.csv,2026-06-07T06:14:41
2025-09-10,Utilities,utilities,earnings_growth_yoy,0.1314,5,ok,fyn_utilities_current_20250910_summary.csv,2026-06-07T06:14:41
2025-10-10,Utilities,utilities,pe,20.7389,5,ok,fyn_utilities_current_20251010_summary.csv,2026-06-07T06:14:41
2025-10-10,Utilities,utilities,ps,3.4359,5,ok,fyn_utilities_current_20251010_summary.csv,2026-06-07T06:14:41
2025-10-10,Utilities,utilities,pb,2.0954,5,ok,fyn_utilities_current_20251010_summary.csv,2026-06-07T06:14:41
2025-10-10,Utilities,utilities,ev_ebitda,12.7324,4,ok,fyn_utilities_current_20251010_summary.csv,2026-06-07T06:14:41
2025-10-10,Utilities,utilities,fcf_yield,,0,missing,fyn_utilities_current_20251010_summary.csv,2026-06-07T06:14:41
2025-10-10,Utilities,utilities,net_margin,0.1657,5,ok,fyn_utilities_current_20251010_summary.csv,2026-06-07T06:14:41
2025-10-10,Utilities,utilities,gross_margin,,0,missing,fyn_utilities_current_20251010_summary.csv,2026-06-07T06:14:41
2025-10-10,Utilities,utilities,revenue_growth_yoy,0.0456,5,ok,fyn_utilities_current_20251010_summary.csv,2026-06-07T06:14:41
2025-10-10,Utilities,utilities,earnings_growth_yoy,0.1314,5,ok,fyn_utilities_current_20251010_summary.csv,2026-06-07T06:14:41
2025-11-10,Utilities,utilities,pe,20.3276,5,ok,fyn_utilities_current_20251110_summary.csv,2026-06-07T06:14:41
2025-11-10,Utilities,utilities,ps,3.3079,5,ok,fyn_utilities_current_20251110_summary.csv,2026-06-07T06:14:41
2025-11-10,Utilities,utilities,pb,2.1587,5,ok,fyn_utilities_current_20251110_summary.csv,2026-06-07T06:14:41
2025-11-10,Utilities,utilities,ev_ebitda,12.27655,4,ok,fyn_utilities_current_20251110_summary.csv,2026-06-07T06:14:41
2025-11-10,Utilities,utilities,fcf_yield,0.098431,1,ok,fyn_utilities_current_20251110_summary.csv,2026-06-07T06:14:41
2025-11-10,Utilities,utilities,net_margin,0.1627,5,ok,fyn_utilities_current_20251110_summary.csv,2026-06-07T06:14:41
2025-11-10,Utilities,utilities,gross_margin,,0,missing,fyn_utilities_current_20251110_summary.csv,2026-06-07T06:14:41
2025-11-10,Utilities,utilities,revenue_growth_yoy,0.0591,5,ok,fyn_utilities_current_20251110_summary.csv,2026-06-07T06:14:41
2025-11-10,Utilities,utilities,earnings_growth_yoy,0.1269,5,ok,fyn_utilities_current_20251110_summary.csv,2026-06-07T06:14:41
2025-12-10,Utilities,utilities,pe,19.3892,5,ok,fyn_utilities_current_20251210_summary.csv,2026-06-07T06:14:41
2025-12-10,Utilities,utilities,ps,3.1552,5,ok,fyn_utilities_current_20251210_summary.csv,2026-06-07T06:14:41
2025-12-10,Utilities,utilities,pb,2.0108,5,ok,fyn_utilities_current_20251210_summary.csv,2026-06-07T06:14:41
2025-12-10,Utilities,utilities,ev_ebitda,11.7397,4,ok,fyn_utilities_current_20251210_summary.csv,2026-06-07T06:14:41
2025-12-10,Utilities,utilities,fcf_yield,0.105674,1,ok,fyn_utilities_current_20251210_summary.csv,2026-06-07T06:14:41
2025-12-10,Utilities,utilities,net_margin,0.1627,5,ok,fyn_utilities_current_20251210_summary.csv,2026-06-07T06:14:41
2025-12-10,Utilities,utilities,gross_margin,,0,missing,fyn_utilities_current_20251210_summary.csv,2026-06-07T06:14:41
2025-12-10,Utilities,utilities,revenue_growth_yoy,0.0591,5,ok,fyn_utilities_current_20251210_summary.csv,2026-06-07T06:14:41
2025-12-10,Utilities,utilities,earnings_growth_yoy,0.1269,5,ok,fyn_utilities_current_20251210_summary.csv,2026-06-07T06:14:41
2026-01-10,Utilities,utilities,pe,19.3625,5,ok,fyn_utilities_current_20260110_summary.csv,2026-06-07T06:14:41
2026-01-10,Utilities,utilities,ps,3.1509,5,ok,fyn_utilities_current_20260110_summary.csv,2026-06-07T06:14:41
2026-01-10,Utilities,utilities,pb,2.0592,5,ok,fyn_utilities_current_20260110_summary.csv,2026-06-07T06:14:41
2026-01-10,Utilities,utilities,ev_ebitda,11.76005,4,ok,fyn_utilities_current_20260110_summary.csv,2026-06-07T06:14:41
2026-01-10,Utilities,utilities,fcf_yield,0.103188,1,ok,fyn_utilities_current_20260110_summary.csv,2026-06-07T06:14:41
2026-01-10,Utilities,utilities,net_margin,0.1627,5,ok,fyn_utilities_current_20260110_summary.csv,2026-06-07T06:14:41
2026-01-10,Utilities,utilities,gross_margin,,0,missing,fyn_utilities_current_20260110_summary.csv,2026-06-07T06:14:41
2026-01-10,Utilities,utilities,revenue_growth_yoy,0.0591,5,ok,fyn_utilities_current_20260110_summary.csv,2026-06-07T06:14:41
2026-01-10,Utilities,utilities,earnings_growth_yoy,0.1269,5,ok,fyn_utilities_current_20260110_summary.csv,2026-06-07T06:14:41
2026-02-10,Utilities,utilities,pe,21.3027,5,ok,fyn_utilities_current_20260210_summary.csv,2026-06-07T06:14:41
2026-02-10,Utilities,utilities,ps,3.455,5,ok,fyn_utilities_current_20260210_summary.csv,2026-06-07T06:14:41
2026-02-10,Utilities,utilities,pb,2.1353,5,ok,fyn_utilities_current_20260210_summary.csv,2026-06-07T06:14:41
2026-02-10,Utilities,utilities,ev_ebitda,12.72205,4,ok,fyn_utilities_current_20260210_summary.csv,2026-06-07T06:14:41
2026-02-10,Utilities,utilities,fcf_yield,0.099511,1,ok,fyn_utilities_current_20260210_summary.csv,2026-06-07T06:14:41
2026-02-10,Utilities,utilities,net_margin,0.1627,5,ok,fyn_utilities_current_20260210_summary.csv,2026-06-07T06:14:41
2026-02-10,Utilities,utilities,gross_margin,,0,missing,fyn_utilities_current_20260210_summary.csv,2026-06-07T06:14:41
2026-02-10,Utilities,utilities,revenue_growth_yoy,0.0591,5,ok,fyn_utilities_current_20260210_summary.csv,2026-06-07T06:14:41
2026-02-10,Utilities,utilities,earnings_growth_yoy,0.1269,5,ok,fyn_utilities_current_20260210_summary.csv,2026-06-07T06:14:41
2026-03-10,Utilities,utilities,pe,20.3012,5,ok,fyn_utilities_current_20260310_summary.csv,2026-06-07T06:14:41
2026-03-10,Utilities,utilities,ps,3.3398,5,ok,fyn_utilities_current_20260310_summary.csv,2026-06-07T06:14:41
2026-03-10,Utilities,utilities,pb,2.2982,5,ok,fyn_utilities_current_20260310_summary.csv,2026-06-07T06:14:41
2026-03-10,Utilities,utilities,ev_ebitda,12.7732,4,ok,fyn_utilities_current_20260310_summary.csv,2026-06-07T06:14:41
2026-03-10,Utilities,utilities,fcf_yield,0.062203,1,ok,fyn_utilities_current_20260310_summary.csv,2026-06-07T06:14:41
2026-03-10,Utilities,utilities,net_margin,0.1686,5,ok,fyn_utilities_current_20260310_summary.csv,2026-06-07T06:14:41
2026-03-10,Utilities,utilities,gross_margin,,0,missing,fyn_utilities_current_20260310_summary.csv,2026-06-07T06:14:41
2026-03-10,Utilities,utilities,revenue_growth_yoy,0.1058,5,ok,fyn_utilities_current_20260310_summary.csv,2026-06-07T06:14:41
2026-03-10,Utilities,utilities,earnings_growth_yoy,0.0981,5,ok,fyn_utilities_current_20260310_summary.csv,2026-06-07T06:14:41
2026-04-10,Utilities,utilities,pe,20.6299,5,ok,fyn_utilities_current_20260410_summary.csv,2026-06-07T06:14:41
2026-04-10,Utilities,utilities,ps,3.4196,5,ok,fyn_utilities_current_20260410_summary.csv,2026-06-07T06:14:41
2026-04-10,Utilities,utilities,pb,2.3675,5,ok,fyn_utilities_current_20260410_summary.csv,2026-06-07T06:14:41
2026-04-10,Utilities,utilities,ev_ebitda,12.98825,4,ok,fyn_utilities_current_20260410_summary.csv,2026-06-07T06:14:41
2026-04-10,Utilities,utilities,fcf_yield,0.060382,1,ok,fyn_utilities_current_20260410_summary.csv,2026-06-07T06:14:41
2026-04-10,Utilities,utilities,net_margin,0.1686,5,ok,fyn_utilities_current_20260410_summary.csv,2026-06-07T06:14:41
2026-04-10,Utilities,utilities,gross_margin,,0,missing,fyn_utilities_current_20260410_summary.csv,2026-06-07T06:14:41
2026-04-10,Utilities,utilities,revenue_growth_yoy,0.1058,5,ok,fyn_utilities_current_20260410_summary.csv,2026-06-07T06:14:41
2026-04-10,Utilities,utilities,earnings_growth_yoy,0.0981,5,ok,fyn_utilities_current_20260410_summary.csv,2026-06-07T06:14:41
2026-05-10,Utilities,utilities,pe,18.8368,5,ok,fyn_utilities_current_20260510_summary.csv,2026-06-07T06:14:41
2026-05-10,Utilities,utilities,ps,3.189,5,ok,fyn_utilities_current_20260510_summary.csv,2026-06-07T06:14:41
2026-05-10,Utilities,utilities,pb,2.2265,5,ok,fyn_utilities_current_20260510_summary.csv,2026-06-07T06:14:41
2026-05-10,Utilities,utilities,ev_ebitda,12.65475,4,ok,fyn_utilities_current_20260510_summary.csv,2026-06-07T06:14:41
2026-05-10,Utilities,utilities,fcf_yield,0.036642,1,ok,fyn_utilities_current_20260510_summary.csv,2026-06-07T06:14:41
2026-05-10,Utilities,utilities,net_margin,0.1686,5,ok,fyn_utilities_current_20260510_summary.csv,2026-06-07T06:14:41
2026-05-10,Utilities,utilities,gross_margin,,0,missing,fyn_utilities_current_20260510_summary.csv,2026-06-07T06:14:41
2026-05-10,Utilities,utilities,revenue_growth_yoy,0.0833,5,ok,fyn_utilities_current_20260510_summary.csv,2026-06-07T06:14:41
2026-05-10,Utilities,utilities,earnings_growth_yoy,0.2866,5,ok,fyn_utilities_current_20260510_summary.csv,2026-06-07T06:14:41
2026-06-06,Utilities,utilities,pe,19.9173,5,ok,fyn_utilities_current_summary.csv,2026-06-07T06:14:41
2026-06-06,Utilities,utilities,ps,3.358,5,ok,fyn_utilities_current_summary.csv,2026-06-07T06:14:41
2026-06-06,Utilities,utilities,pb,2.2091,5,ok,fyn_utilities_current_summary.csv,2026-06-07T06:14:41
2026-06-06,Utilities,utilities,ev_ebitda,12.18645,4,ok,fyn_utilities_current_summary.csv,2026-06-07T06:14:41
2026-06-06,Utilities,utilities,fcf_yield,0.036931,1,ok,fyn_utilities_current_summary.csv,2026-06-07T06:14:41
2026-06-06,Utilities,utilities,net_margin,0.1686,5,ok,fyn_utilities_current_summary.csv,2026-06-07T06:14:41
2026-06-06,Utilities,utilities,gross_margin,,0,missing,fyn_utilities_current_summary.csv,2026-06-07T06:14:41
2026-06-06,Utilities,utilities,revenue_growth_yoy,0.0833,5,ok,fyn_utilities_current_summary.csv,2026-06-07T06:14:41
2026-06-06,Utilities,utilities,earnings_growth_yoy,0.2866,5,ok,fyn_utilities_current_summary.csv,2026-06-07T06:14:41
2026-06-06,Agriculture & Chemicals,agriculture_chemicals,pe,33.1763,,ok,sector_scores.csv,2026-06-07T06:14:41
2026-06-06,Agriculture & Chemicals,agriculture_chemicals,ev_ebitda,17.695,,ok,sector_scores.csv,2026-06-07T06:14:41
2026-06-06,Agriculture & Chemicals,agriculture_chemicals,ps,3.7794,,ok,sector_scores.csv,2026-06-07T06:14:41
2026-06-06,Agriculture & Chemicals,agriculture_chemicals,fcf_yield,0.032171,,ok,sector_scores.csv,2026-06-07T06:14:41
2026-02-28,Banks,banks,pb,2.0411,,ok,sector_scores.csv,2026-06-07T06:14:41
2026-02-28,Banks,banks,pe,14.1971,,ok,sector_scores.csv,2026-06-07T06:14:41
2026-03-10,Banks,banks,pb,1.9799,,ok,sector_scores.csv,2026-06-07T06:14:41
2026-03-10,Banks,banks,pe,13.6502,,ok,sector_scores.csv,2026-06-07T06:14:41
2026-03-20,Banks,banks,pb,1.9318,,ok,sector_scores.csv,2026-06-07T06:14:41
2026-03-20,Banks,banks,pe,13.5476,,ok,sector_scores.csv,2026-06-07T06:14:41
2026-03-30,Banks,banks,pb,1.9177,,ok,sector_scores.csv,2026-06-07T06:14:41
2026-03-30,Banks,banks,pe,13.4157,,ok,sector_scores.csv,2026-06-07T06:14:41
2026-04-10,Banks,banks,pb,2.1556,,ok,sector_scores.csv,2026-06-07T06:14:41
2026-04-10,Banks,banks,pe,15.2102,,ok,sector_scores.csv,2026-06-07T06:14:41
2026-04-20,Banks,banks,pb,2.2362,,ok,sector_scores.csv,2026-06-07T06:14:41
2026-04-20,Banks,banks,pe,16.2692,,ok,sector_scores.csv,2026-06-07T06:14:41
2026-04-30,Banks,banks,pb,2.1935,,ok,sector_scores.csv,2026-06-07T06:14:41
2026-04-30,Banks,banks,pe,15.6492,,ok,sector_scores.csv,2026-06-07T06:14:41
2026-05-10,Banks,banks,pb,2.2236,,ok,sector_scores.csv,2026-06-07T06:14:41
2026-05-10,Banks,banks,pe,15.2905,,ok,sector_scores.csv,2026-06-07T06:14:41
2026-05-20,Banks,banks,pb,2.2227,,ok,sector_scores.csv,2026-06-07T06:14:41
2026-05-20,Banks,banks,pe,15.2628,,ok,sector_scores.csv,2026-06-07T06:14:41
2026-05-30,Banks,banks,pb,2.2031,,ok,sector_scores.csv,2026-06-07T06:14:41
2026-05-30,Banks,banks,pe,15.3949,,ok,sector_scores.csv,2026-06-07T06:14:41
2026-06-06,Banks,banks,pb,2.2992,,ok,sector_scores.csv,2026-06-07T06:14:41
2026-06-06,Banks,banks,pe,16.1983,,ok,sector_scores.csv,2026-06-07T06:14:41
2026-06-06,Commodities,commodities,ev_ebitda,16.4137,,ok,sector_scores.csv,2026-06-07T06:14:41
2026-06-06,Commodities,commodities,fcf_yield,0.030658,,ok,sector_scores.csv,2026-06-07T06:14:41
2026-06-06,Commodities,commodities,pb,3.8591,,ok,sector_scores.csv,2026-06-07T06:14:41
2026-06-06,Commodities,commodities,pe,28.7627,,ok,sector_scores.csv,2026-06-07T06:14:41
2026-06-06,Consumer Discretionary,consumer_discretionary,pe,22.1093,,ok,sector_scores.csv,2026-06-07T06:14:41
2026-06-06,Consumer Discretionary,consumer_discretionary,ev_ebitda,14.5986,,ok,sector_scores.csv,2026-06-07T06:14:41
2026-06-06,Consumer Discretionary,consumer_discretionary,ps,1.8601,,ok,sector_scores.csv,2026-06-07T06:14:41
2026-06-06,Consumer Discretionary,consumer_discretionary,fcf_yield,0.055337,,ok,sector_scores.csv,2026-06-07T06:14:41
2026-06-06,Delivery & Logistics,delivery_logistics,ev_ebitda,21.3071,,ok,sector_scores.csv,2026-06-07T06:14:41
2026-06-06,Delivery & Logistics,delivery_logistics,pe,17.6135,,ok,sector_scores.csv,2026-06-07T06:14:41
2026-06-06,Delivery & Logistics,delivery_logistics,ps,2.681,,ok,sector_scores.csv,2026-06-07T06:14:41
2026-06-06,Drugs,drugs,pe,33.3889,,provisional,sector_scores.csv,2026-06-07T06:14:41
2026-06-06,Drugs,drugs,ps,5.8148,,provisional,sector_scores.csv,2026-06-07T06:14:41
2026-06-06,Drugs,drugs,fcf_yield,0.04854,,provisional,sector_scores.csv,2026-06-07T06:14:41
2026-02-28,Energy,energy,ev_ebitda,6.99195,,ok,sector_scores.csv,2026-06-07T06:14:41
2026-02-28,Energy,energy,fcf_yield,0.053491,,ok,sector_scores.csv,2026-06-07T06:14:41
2026-02-28,Energy,energy,pe,22.0299,,ok,sector_scores.csv,2026-06-07T06:14:41
2026-02-28,Energy,energy,pb,2.2314,,ok,sector_scores.csv,2026-06-07T06:14:41
2026-03-10,Energy,energy,ev_ebitda,6.82995,,ok,sector_scores.csv,2026-06-07T06:14:41
2026-03-10,Energy,energy,fcf_yield,0.055644,,ok,sector_scores.csv,2026-06-07T06:14:41
2026-03-10,Energy,energy,pe,21.322,,ok,sector_scores.csv,2026-06-07T06:14:41
2026-03-10,Energy,energy,pb,2.2999,,ok,sector_scores.csv,2026-06-07T06:14:41
2026-03-20,Energy,energy,ev_ebitda,6.9806,,ok,sector_scores.csv,2026-06-07T06:14:41
2026-03-20,Energy,energy,fcf_yield,0.051668,,ok,sector_scores.csv,2026-06-07T06:14:41
2026-03-20,Energy,energy,pe,20.6661,,ok,sector_scores.csv,2026-06-07T06:14:41
2026-03-20,Energy,energy,pb,2.4948,,ok,sector_scores.csv,2026-06-07T06:14:41
2026-03-30,Energy,energy,ev_ebitda,7.64535,,ok,sector_scores.csv,2026-06-07T06:14:41
2026-03-30,Energy,energy,fcf_yield,0.049395,,ok,sector_scores.csv,2026-06-07T06:14:41
2026-03-30,Energy,energy,pe,22.8377,,ok,sector_scores.csv,2026-06-07T06:14:41
2026-03-30,Energy,energy,pb,2.6955,,ok,sector_scores.csv,2026-06-07T06:14:41
2026-04-10,Energy,energy,ev_ebitda,7.3375,,ok,sector_scores.csv,2026-06-07T06:14:41
2026-04-10,Energy,energy,fcf_yield,0.052931,,ok,sector_scores.csv,2026-06-07T06:14:41
2026-04-10,Energy,energy,pe,22.0314,,ok,sector_scores.csv,2026-06-07T06:14:41
2026-04-10,Energy,energy,pb,2.4491,,ok,sector_scores.csv,2026-06-07T06:14:41
2026-04-20,Energy,energy,ev_ebitda,7.1858,,ok,sector_scores.csv,2026-06-07T06:14:41
2026-04-20,Energy,energy,fcf_yield,0.053403,,ok,sector_scores.csv,2026-06-07T06:14:41
2026-04-20,Energy,energy,pe,21.3336,,ok,sector_scores.csv,2026-06-07T06:14:41
2026-04-20,Energy,energy,pb,2.3227,,ok,sector_scores.csv,2026-06-07T06:14:41
2026-04-30,Energy,energy,ev_ebitda,7.81785,,ok,sector_scores.csv,2026-06-07T06:14:41
2026-04-30,Energy,energy,fcf_yield,0.047013,,ok,sector_scores.csv,2026-06-07T06:14:41
2026-04-30,Energy,energy,pe,22.2943,,ok,sector_scores.csv,2026-06-07T06:14:41
2026-04-30,Energy,energy,pb,2.4791,,ok,sector_scores.csv,2026-06-07T06:14:41
2026-05-10,Energy,energy,ev_ebitda,6.97895,,ok,sector_scores.csv,2026-06-07T06:14:41
2026-05-10,Energy,energy,fcf_yield,0.047224,,ok,sector_scores.csv,2026-06-07T06:14:41
2026-05-10,Energy,energy,pe,23.6721,,ok,sector_scores.csv,2026-06-07T06:14:41
2026-05-10,Energy,energy,pb,2.2408,,ok,sector_scores.csv,2026-06-07T06:14:41
2026-05-20,Energy,energy,ev_ebitda,7.55805,,ok,sector_scores.csv,2026-06-07T06:14:41
2026-05-20,Energy,energy,fcf_yield,0.044302,,ok,sector_scores.csv,2026-06-07T06:14:41
2026-05-20,Energy,energy,pe,25.5895,,ok,sector_scores.csv,2026-06-07T06:14:41
2026-05-20,Energy,energy,pb,2.4407,,ok,sector_scores.csv,2026-06-07T06:14:41
2026-05-30,Energy,energy,ev_ebitda,7.1558,,ok,sector_scores.csv,2026-06-07T06:14:41
2026-05-30,Energy,energy,fcf_yield,0.047109,,ok,sector_scores.csv,2026-06-07T06:14:41
2026-05-30,Energy,energy,pe,23.7851,,ok,sector_scores.csv,2026-06-07T06:14:41
2026-05-30,Energy,energy,pb,2.2985,,ok,sector_scores.csv,2026-06-07T06:14:41
2026-06-06,Energy,energy,ev_ebitda,5.9105,,ok,sector_scores.csv,2026-06-07T06:14:41
2026-06-06,Energy,energy,fcf_yield,0.036942,,ok,sector_scores.csv,2026-06-07T06:14:41
2026-06-06,Energy,energy,pe,24.5481,,ok,sector_scores.csv,2026-06-07T06:14:41
2026-06-06,Energy,energy,pb,2.3743,,ok,sector_scores.csv,2026-06-07T06:14:41
2026-06-06,Food & Staples,food,pe,34.2181,,ok,sector_scores.csv,2026-06-07T06:14:41
2026-06-06,Food & Staples,food,ev_ebitda,21.7697,,ok,sector_scores.csv,2026-06-07T06:14:41
2026-06-06,Food & Staples,food,ps,2.0322,,ok,sector_scores.csv,2026-06-07T06:14:41
2026-06-06,Insurance,insurance,pb,2.6459,,ok,sector_scores.csv,2026-06-07T06:14:41
2026-06-06,Insurance,insurance,pe,11.93105,,ok,sector_scores.csv,2026-06-07T06:14:41
2026-06-06,Medical Services,medical_services,pe,25.594,,ok,sector_scores.csv,2026-06-07T06:14:41
2026-06-06,Medical Services,medical_services,ev_ebitda,15.095,,ok,sector_scores.csv,2026-06-07T06:14:41
2026-06-06,Medical Services,medical_services,ps,3.5146,,ok,sector_scores.csv,2026-06-07T06:14:41
2026-02-28,Mining,mining,ev_ebitda,11.8009,,ok,sector_scores.csv,2026-06-07T06:14:41
2026-02-28,Mining,mining,fcf_yield,0.019356,,ok,sector_scores.csv,2026-06-07T06:14:41
2026-02-28,Mining,mining,pb,4.1759,,ok,sector_scores.csv,2026-06-07T06:14:41
2026-02-28,Mining,mining,pe,23.5657,,ok,sector_scores.csv,2026-06-07T06:14:41
2026-03-10,Mining,mining,ev_ebitda,10.8693,,ok,sector_scores.csv,2026-06-07T06:14:41
2026-03-10,Mining,mining,fcf_yield,0.021541,,ok,sector_scores.csv,2026-06-07T06:14:41
2026-03-10,Mining,mining,pb,3.8193,,ok,sector_scores.csv,2026-06-07T06:14:41
2026-03-10,Mining,mining,pe,21.5996,,ok,sector_scores.csv,2026-06-07T06:14:41
2026-03-20,Mining,mining,ev_ebitda,9.1781,,ok,sector_scores.csv,2026-06-07T06:14:41
2026-03-20,Mining,mining,fcf_yield,0.02767,,ok,sector_scores.csv,2026-06-07T06:14:41
2026-03-20,Mining,mining,pb,3.0773,,ok,sector_scores.csv,2026-06-07T06:14:41
2026-03-20,Mining,mining,pe,18.0308,,ok,sector_scores.csv,2026-06-07T06:14:41
2026-03-30,Mining,mining,ev_ebitda,9.598,,ok,sector_scores.csv,2026-06-07T06:14:41
2026-03-30,Mining,mining,fcf_yield,0.026528,,ok,sector_scores.csv,2026-06-07T06:14:41
2026-03-30,Mining,mining,pb,3.3124,,ok,sector_scores.csv,2026-06-07T06:14:41
2026-03-30,Mining,mining,pe,18.9169,,ok,sector_scores.csv,2026-06-07T06:14:41
2026-04-10,Mining,mining,ev_ebitda,11.755,,ok,sector_scores.csv,2026-06-07T06:14:41
2026-04-10,Mining,mining,fcf_yield,0.021943,,ok,sector_scores.csv,2026-06-07T06:14:41
2026-04-10,Mining,mining,pb,3.8835,,ok,sector_scores.csv,2026-06-07T06:14:41
2026-04-10,Mining,mining,pe,23.4688,,ok,sector_scores.csv,2026-06-07T06:14:41
2026-04-20,Mining,mining,ev_ebitda,12.1454,,ok,sector_scores.csv,2026-06-07T06:14:41
2026-04-20,Mining,mining,fcf_yield,0.022151,,ok,sector_scores.csv,2026-06-07T06:14:41
2026-04-20,Mining,mining,pb,3.6889,,ok,sector_scores.csv,2026-06-07T06:14:41
2026-04-20,Mining,mining,pe,24.2926,,ok,sector_scores.csv,2026-06-07T06:14:41
2026-04-30,Mining,mining,ev_ebitda,10.1114,,ok,sector_scores.csv,2026-06-07T06:14:41
2026-04-30,Mining,mining,fcf_yield,0.030449,,ok,sector_scores.csv,2026-06-07T06:14:41
2026-04-30,Mining,mining,pb,3.3956,,ok,sector_scores.csv,2026-06-07T06:14:41
2026-04-30,Mining,mining,pe,20.0004,,ok,sector_scores.csv,2026-06-07T06:14:41
2026-05-10,Mining,mining,ev_ebitda,9.7784,,ok,sector_scores.csv,2026-06-07T06:14:41
2026-05-10,Mining,mining,fcf_yield,0.028215,,ok,sector_scores.csv,2026-06-07T06:14:41
2026-05-10,Mining,mining,pb,3.5613,,ok,sector_scores.csv,2026-06-07T06:14:41
2026-05-10,Mining,mining,pe,18.6737,,ok,sector_scores.csv,2026-06-07T06:14:41
2026-05-20,Mining,mining,ev_ebitda,9.6621,,ok,sector_scores.csv,2026-06-07T06:14:41
2026-05-20,Mining,mining,fcf_yield,0.029732,,ok,sector_scores.csv,2026-06-07T06:14:41
2026-05-20,Mining,mining,pb,3.2825,,ok,sector_scores.csv,2026-06-07T06:14:41
2026-05-20,Mining,mining,pe,14.5044,,ok,sector_scores.csv,2026-06-07T06:14:41
2026-05-30,Mining,mining,ev_ebitda,10.3836,,ok,sector_scores.csv,2026-06-07T06:14:41
2026-05-30,Mining,mining,fcf_yield,0.027058,,ok,sector_scores.csv,2026-06-07T06:14:41
2026-05-30,Mining,mining,pb,3.3565,,ok,sector_scores.csv,2026-06-07T06:14:41
2026-05-30,Mining,mining,pe,14.9642,,ok,sector_scores.csv,2026-06-07T06:14:41
2026-06-06,Mining,mining,ev_ebitda,13.22425,,ok,sector_scores.csv,2026-06-07T06:14:41
2026-06-06,Mining,mining,fcf_yield,0.029925,,ok,sector_scores.csv,2026-06-07T06:14:41
2026-06-06,Mining,mining,pb,4.6705,,ok,sector_scores.csv,2026-06-07T06:14:41
2026-06-06,Mining,mining,pe,28.7627,,ok,sector_scores.csv,2026-06-07T06:14:41
2026-06-06,REIT,reit,pb,2.8088,,ok,sector_scores.csv,2026-06-07T06:14:41
2026-06-06,REIT,reit,ps,11.298,,ok,sector_scores.csv,2026-06-07T06:14:41
2026-02-28,Semiconductors,semis,ps,10.9691,,ok,sector_scores.csv,2026-06-07T06:14:41
2026-02-28,Semiconductors,semis,pb,11.8294,,ok,sector_scores.csv,2026-06-07T06:14:41
2026-02-28,Semiconductors,semis,ev_ebitda,32.3019,,ok,sector_scores.csv,2026-06-07T06:14:41
2026-02-28,Semiconductors,semis,gross_margin,0.54925,,ok,sector_scores.csv,2026-06-07T06:14:41
2026-03-10,Semiconductors,semis,ps,10.7228,,ok,sector_scores.csv,2026-06-07T06:14:41
2026-03-10,Semiconductors,semis,pb,11.0124,,ok,sector_scores.csv,2026-06-07T06:14:41
2026-03-10,Semiconductors,semis,ev_ebitda,33.6844,,ok,sector_scores.csv,2026-06-07T06:14:41
2026-03-10,Semiconductors,semis,gross_margin,0.54925,,ok,sector_scores.csv,2026-06-07T06:14:41
2026-03-20,Semiconductors,semis,ps,9.6078,,ok,sector_scores.csv,2026-06-07T06:14:41
2026-03-20,Semiconductors,semis,pb,10.4397,,ok,sector_scores.csv,2026-06-07T06:14:41
2026-03-20,Semiconductors,semis,ev_ebitda,31.4829,,ok,sector_scores.csv,2026-06-07T06:14:41
2026-03-20,Semiconductors,semis,gross_margin,0.5773,,ok,sector_scores.csv,2026-06-07T06:14:41
2026-03-30,Semiconductors,semis,ps,9.5682,,ok,sector_scores.csv,2026-06-07T06:14:41
2026-03-30,Semiconductors,semis,pb,10.3967,,ok,sector_scores.csv,2026-06-07T06:14:41
2026-03-30,Semiconductors,semis,ev_ebitda,30.1095,,ok,sector_scores.csv,2026-06-07T06:14:41
2026-03-30,Semiconductors,semis,gross_margin,0.5773,,ok,sector_scores.csv,2026-06-07T06:14:41
2026-04-10,Semiconductors,semis,ps,11.5337,,ok,sector_scores.csv,2026-06-07T06:14:41
2026-04-10,Semiconductors,semis,pb,11.9756,,ok,sector_scores.csv,2026-06-07T06:14:41
2026-04-10,Semiconductors,semis,ev_ebitda,34.3884,,ok,sector_scores.csv,2026-06-07T06:14:41
2026-04-10,Semiconductors,semis,gross_margin,0.5773,,ok,sector_scores.csv,2026-06-07T06:14:41
2026-04-20,Semiconductors,semis,ps,12.9415,,ok,sector_scores.csv,2026-06-07T06:14:41
2026-04-20,Semiconductors,semis,pb,13.0335,,ok,sector_scores.csv,2026-06-07T06:14:41
2026-04-20,Semiconductors,semis,ev_ebitda,36.838,,ok,sector_scores.csv,2026-06-07T06:14:41
2026-04-20,Semiconductors,semis,gross_margin,0.5773,,ok,sector_scores.csv,2026-06-07T06:14:41
2026-04-30,Semiconductors,semis,ps,16.6854,,ok,sector_scores.csv,2026-06-07T06:14:41
2026-04-30,Semiconductors,semis,pb,15.2467,,ok,sector_scores.csv,2026-06-07T06:14:41
2026-04-30,Semiconductors,semis,ev_ebitda,36.3838,,ok,sector_scores.csv,2026-06-07T06:14:41
2026-04-30,Semiconductors,semis,gross_margin,0.5788,,ok,sector_scores.csv,2026-06-07T06:14:41
2026-05-10,Semiconductors,semis,ps,18.7831,,ok,sector_scores.csv,2026-06-07T06:14:41
2026-05-10,Semiconductors,semis,pb,15.6112,,ok,sector_scores.csv,2026-06-07T06:14:41
2026-05-10,Semiconductors,semis,ev_ebitda,39.2346,,ok,sector_scores.csv,2026-06-07T06:14:41
2026-05-10,Semiconductors,semis,gross_margin,0.5788,,ok,sector_scores.csv,2026-06-07T06:14:41
2026-05-20,Semiconductors,semis,ps,18.2889,,ok,sector_scores.csv,2026-06-07T06:14:41
2026-05-20,Semiconductors,semis,pb,16.5377,,ok,sector_scores.csv,2026-06-07T06:14:41
2026-05-20,Semiconductors,semis,ev_ebitda,33.7123,,ok,sector_scores.csv,2026-06-07T06:14:41
2026-05-20,Semiconductors,semis,gross_margin,0.5788,,ok,sector_scores.csv,2026-06-07T06:14:41
2026-05-30,Semiconductors,semis,ps,19.0278,,ok,sector_scores.csv,2026-06-07T06:14:41
2026-05-30,Semiconductors,semis,pb,16.5811,,ok,sector_scores.csv,2026-06-07T06:14:41
2026-05-30,Semiconductors,semis,ev_ebitda,33.7975,,ok,sector_scores.csv,2026-06-07T06:14:41
2026-05-30,Semiconductors,semis,gross_margin,0.5788,,ok,sector_scores.csv,2026-06-07T06:14:41
2026-06-06,Semiconductors,semis,ps,18.1727,,ok,sector_scores.csv,2026-06-07T06:14:41
2026-06-06,Semiconductors,semis,pb,14.4549,,ok,sector_scores.csv,2026-06-07T06:14:41
2026-06-06,Semiconductors,semis,ev_ebitda,26.3343,,ok,sector_scores.csv,2026-06-07T06:14:41
2026-06-06,Semiconductors,semis,gross_margin,0.5844,,ok,sector_scores.csv,2026-06-07T06:14:41
2026-06-06,Solar,solar,ev_ebitda,27.0905,,ok,sector_scores.csv,2026-06-07T06:14:41
2026-06-06,Solar,solar,ps,4.33075,,ok,sector_scores.csv,2026-06-07T06:14:41
2026-06-06,Solar,solar,pb,4.86935,,ok,sector_scores.csv,2026-06-07T06:14:41
2026-02-28,Technology,technology,pe,25.2725,,ok,sector_scores.csv,2026-06-07T06:14:41
2026-02-28,Technology,technology,ev_ebitda,16.6555,,ok,sector_scores.csv,2026-06-07T06:14:41
2026-02-28,Technology,technology,ps,8.302,,ok,sector_scores.csv,2026-06-07T06:14:41
2026-02-28,Technology,technology,fcf_yield,0.040503,,ok,sector_scores.csv,2026-06-07T06:14:41
2026-03-10,Technology,technology,pe,25.2639,,ok,sector_scores.csv,2026-06-07T06:14:41
2026-03-10,Technology,technology,ev_ebitda,17.0054,,ok,sector_scores.csv,2026-06-07T06:14:41
2026-03-10,Technology,technology,ps,8.3774,,ok,sector_scores.csv,2026-06-07T06:14:41
2026-03-10,Technology,technology,fcf_yield,0.037516,,ok,sector_scores.csv,2026-06-07T06:14:41
2026-03-20,Technology,technology,pe,24.1834,,ok,sector_scores.csv,2026-06-07T06:14:41
2026-03-20,Technology,technology,ev_ebitda,15.96125,,ok,sector_scores.csv,2026-06-07T06:14:41
2026-03-20,Technology,technology,ps,7.6037,,ok,sector_scores.csv,2026-06-07T06:14:41
2026-03-20,Technology,technology,fcf_yield,0.039634,,ok,sector_scores.csv,2026-06-07T06:14:41
2026-03-30,Technology,technology,pe,22.8364,,ok,sector_scores.csv,2026-06-07T06:14:41
2026-03-30,Technology,technology,ev_ebitda,15.07715,,ok,sector_scores.csv,2026-06-07T06:14:41
2026-03-30,Technology,technology,ps,6.87,,ok,sector_scores.csv,2026-06-07T06:14:41
2026-03-30,Technology,technology,fcf_yield,0.041676,,ok,sector_scores.csv,2026-06-07T06:14:41
2026-04-10,Technology,technology,pe,23.0915,,ok,sector_scores.csv,2026-06-07T06:14:41
2026-04-10,Technology,technology,ev_ebitda,15.9613,,ok,sector_scores.csv,2026-06-07T06:14:41
2026-04-10,Technology,technology,ps,6.5385,,ok,sector_scores.csv,2026-06-07T06:14:41
2026-04-10,Technology,technology,fcf_yield,0.052708,,ok,sector_scores.csv,2026-06-07T06:14:41
2026-04-20,Technology,technology,pe,26.0304,,ok,sector_scores.csv,2026-06-07T06:14:41
2026-04-20,Technology,technology,ev_ebitda,17.4786,,ok,sector_scores.csv,2026-06-07T06:14:41
2026-04-20,Technology,technology,ps,7.8556,,ok,sector_scores.csv,2026-06-07T06:14:41
2026-04-20,Technology,technology,fcf_yield,0.04387,,ok,sector_scores.csv,2026-06-07T06:14:41
2026-04-30,Technology,technology,pe,22.227,,ok,sector_scores.csv,2026-06-07T06:14:41
2026-04-30,Technology,technology,ev_ebitda,15.5625,,ok,sector_scores.csv,2026-06-07T06:14:41
2026-04-30,Technology,technology,ps,6.522,,ok,sector_scores.csv,2026-06-07T06:14:41
2026-04-30,Technology,technology,fcf_yield,0.050885,,ok,sector_scores.csv,2026-06-07T06:14:41
2026-05-10,Technology,technology,pe,22.505,,ok,sector_scores.csv,2026-06-07T06:14:41
2026-05-10,Technology,technology,ev_ebitda,15.68385,,ok,sector_scores.csv,2026-06-07T06:14:41
2026-05-10,Technology,technology,ps,6.734,,ok,sector_scores.csv,2026-06-07T06:14:41
2026-05-10,Technology,technology,fcf_yield,0.049284,,ok,sector_scores.csv,2026-06-07T06:14:41
2026-05-20,Technology,technology,pe,22.2921,,ok,sector_scores.csv,2026-06-07T06:14:41
2026-05-20,Technology,technology,ev_ebitda,15.74925,,ok,sector_scores.csv,2026-06-07T06:14:41
2026-05-20,Technology,technology,ps,7.2169,,ok,sector_scores.csv,2026-06-07T06:14:41
2026-05-20,Technology,technology,fcf_yield,0.043501,,ok,sector_scores.csv,2026-06-07T06:14:41
2026-05-30,Technology,technology,pe,26.0273,,ok,sector_scores.csv,2026-06-07T06:14:41
2026-05-30,Technology,technology,ev_ebitda,16.65815,,ok,sector_scores.csv,2026-06-07T06:14:41
2026-05-30,Technology,technology,ps,7.5443,,ok,sector_scores.csv,2026-06-07T06:14:41
2026-05-30,Technology,technology,fcf_yield,0.036132,,ok,sector_scores.csv,2026-06-07T06:14:41
2026-06-06,Technology,technology,pe,24.7189,,ok,sector_scores.csv,2026-06-07T06:14:41
2026-06-06,Technology,technology,ev_ebitda,18.0989,,ok,sector_scores.csv,2026-06-07T06:14:41
2026-06-06,Technology,technology,ps,7.0731,,ok,sector_scores.csv,2026-06-07T06:14:41
2026-06-06,Technology,technology,fcf_yield,0.039962,,ok,sector_scores.csv,2026-06-07T06:14:41
2026-06-06,Telecom & Streaming,telecom,ev_ebitda,6.751,,ok,sector_scores.csv,2026-06-07T06:14:41
2026-06-06,Telecom & Streaming,telecom,fcf_yield,0.102208,,ok,sector_scores.csv,2026-06-07T06:14:41
2026-06-06,Telecom & Streaming,telecom,ps,1.3615,,ok,sector_scores.csv,2026-06-07T06:14:41
2026-06-06,Utilities,utilities,pe,19.9173,,ok,sector_scores.csv,2026-06-07T06:14:41
2026-06-06,Utilities,utilities,ev_ebitda,12.18645,,ok,sector_scores.csv,2026-06-07T06:14:41
2026-06-06,Utilities,utilities,pb,2.2091,,ok,sector_scores.csv,2026-06-07T06:14:41
2025-09-10,REIT,reit,pe,98.4063,1,ok,fyn_reit_current_20250910_summary.csv,2026-06-07T06:14:46
2025-09-10,REIT,reit,ps,15.8142,1,ok,fyn_reit_current_20250910_summary.csv,2026-06-07T06:14:46
2025-09-10,REIT,reit,pb,3.1315,1,ok,fyn_reit_current_20250910_summary.csv,2026-06-07T06:14:46
2025-09-10,REIT,reit,ev_ebitda,,0,missing,fyn_reit_current_20250910_summary.csv,2026-06-07T06:14:46
2025-09-10,REIT,reit,fcf_yield,,0,missing,fyn_reit_current_20250910_summary.csv,2026-06-07T06:14:46
2025-09-10,REIT,reit,net_margin,0.1607,1,ok,fyn_reit_current_20250910_summary.csv,2026-06-07T06:14:46
2025-09-10,REIT,reit,gross_margin,,0,missing,fyn_reit_current_20250910_summary.csv,2026-06-07T06:14:46
2025-09-10,REIT,reit,revenue_growth_yoy,0.3628,1,ok,fyn_reit_current_20250910_summary.csv,2026-06-07T06:14:46
2025-09-10,REIT,reit,earnings_growth_yoy,0.8562,1,ok,fyn_reit_current_20250910_summary.csv,2026-06-07T06:14:46
2025-10-10,REIT,reit,pe,58.163,7,ok,fyn_reit_current_20251010_summary.csv,2026-06-07T06:23:29
2025-10-10,REIT,reit,ps,9.9627,7,ok,fyn_reit_current_20251010_summary.csv,2026-06-07T06:23:29
2025-10-10,REIT,reit,pb,2.5077,7,ok,fyn_reit_current_20251010_summary.csv,2026-06-07T06:23:29
2025-10-10,REIT,reit,ev_ebitda,20.2792,4,ok,fyn_reit_current_20251010_summary.csv,2026-06-07T06:23:29
2025-10-10,REIT,reit,fcf_yield,0.021667,2,ok,fyn_reit_current_20251010_summary.csv,2026-06-07T06:23:29
2025-10-10,REIT,reit,net_margin,0.2398,7,ok,fyn_reit_current_20251010_summary.csv,2026-06-07T06:23:29
2025-10-10,REIT,reit,gross_margin,,0,missing,fyn_reit_current_20251010_summary.csv,2026-06-07T06:23:29
2025-10-10,REIT,reit,revenue_growth_yoy,0.0575,7,ok,fyn_reit_current_20251010_summary.csv,2026-06-07T06:23:29
2025-10-10,REIT,reit,earnings_growth_yoy,0.0857,7,ok,fyn_reit_current_20251010_summary.csv,2026-06-07T06:23:29
2025-11-10,REIT,reit,pe,41.5316,7,ok,fyn_reit_current_20251110_summary.csv,2026-06-07T06:23:29
2025-11-10,REIT,reit,ps,9.8284,7,ok,fyn_reit_current_20251110_summary.csv,2026-06-07T06:23:29
2025-11-10,REIT,reit,pb,2.5244,7,ok,fyn_reit_current_20251110_summary.csv,2026-06-07T06:23:29
2025-11-10,REIT,reit,ev_ebitda,21.85765,4,ok,fyn_reit_current_20251110_summary.csv,2026-06-07T06:23:29
2025-11-10,REIT,reit,fcf_yield,0.043869,1,ok,fyn_reit_current_20251110_summary.csv,2026-06-07T06:23:29
2025-11-10,REIT,reit,net_margin,0.2366,7,ok,fyn_reit_current_20251110_summary.csv,2026-06-07T06:23:29
2025-11-10,REIT,reit,gross_margin,,0,missing,fyn_reit_current_20251110_summary.csv,2026-06-07T06:23:29
2025-11-10,REIT,reit,revenue_growth_yoy,0.0822,7,ok,fyn_reit_current_20251110_summary.csv,2026-06-07T06:23:29
2025-11-10,REIT,reit,earnings_growth_yoy,0.0454,7,ok,fyn_reit_current_20251110_summary.csv,2026-06-07T06:23:29
2025-12-10,REIT,reit,pe,39.1508,7,ok,fyn_reit_current_20251210_summary.csv,2026-06-07T06:23:29
2025-12-10,REIT,reit,ps,9.3062,7,ok,fyn_reit_current_20251210_summary.csv,2026-06-07T06:23:29
2025-12-10,REIT,reit,pb,2.3797,7,ok,fyn_reit_current_20251210_summary.csv,2026-06-07T06:23:29
2025-12-10,REIT,reit,ev_ebitda,21.53365,4,ok,fyn_reit_current_20251210_summary.csv,2026-06-07T06:23:29
2025-12-10,REIT,reit,fcf_yield,0.043737,1,ok,fyn_reit_current_20251210_summary.csv,2026-06-07T06:23:29
2025-12-10,REIT,reit,net_margin,0.2366,7,ok,fyn_reit_current_20251210_summary.csv,2026-06-07T06:23:29
2025-12-10,REIT,reit,gross_margin,,0,missing,fyn_reit_current_20251210_summary.csv,2026-06-07T06:23:29
2025-12-10,REIT,reit,revenue_growth_yoy,0.0822,7,ok,fyn_reit_current_20251210_summary.csv,2026-06-07T06:23:29
2025-12-10,REIT,reit,earnings_growth_yoy,0.0454,7,ok,fyn_reit_current_20251210_summary.csv,2026-06-07T06:23:29
2026-01-10,REIT,reit,pe,38.9151,7,ok,fyn_reit_current_20260110_summary.csv,2026-06-07T06:23:29
2026-01-10,REIT,reit,ps,9.5526,7,ok,fyn_reit_current_20260110_summary.csv,2026-06-07T06:23:29
2026-01-10,REIT,reit,pb,2.3653,7,ok,fyn_reit_current_20260110_summary.csv,2026-06-07T06:23:29
2026-01-10,REIT,reit,ev_ebitda,21.44765,4,ok,fyn_reit_current_20260110_summary.csv,2026-06-07T06:23:29
2026-01-10,REIT,reit,fcf_yield,0.046787,1,ok,fyn_reit_current_20260110_summary.csv,2026-06-07T06:23:29
2026-01-10,REIT,reit,net_margin,0.2366,7,ok,fyn_reit_current_20260110_summary.csv,2026-06-07T06:23:29
2026-01-10,REIT,reit,gross_margin,,0,missing,fyn_reit_current_20260110_summary.csv,2026-06-07T06:23:29
2026-01-10,REIT,reit,revenue_growth_yoy,0.0822,7,ok,fyn_reit_current_20260110_summary.csv,2026-06-07T06:23:29
2026-01-10,REIT,reit,earnings_growth_yoy,0.0454,7,ok,fyn_reit_current_20260110_summary.csv,2026-06-07T06:23:29
2026-02-10,REIT,reit,pe,42.3465,7,ok,fyn_reit_current_20260210_summary.csv,2026-06-07T06:23:29
2026-02-10,REIT,reit,ps,10.4935,7,ok,fyn_reit_current_20260210_summary.csv,2026-06-07T06:23:29
2026-02-10,REIT,reit,pb,2.5739,7,ok,fyn_reit_current_20260210_summary.csv,2026-06-07T06:23:29
2026-02-10,REIT,reit,ev_ebitda,23.15095,4,ok,fyn_reit_current_20260210_summary.csv,2026-06-07T06:23:29
2026-02-10,REIT,reit,fcf_yield,0.044166,1,ok,fyn_reit_current_20260210_summary.csv,2026-06-07T06:23:29
2026-02-10,REIT,reit,net_margin,0.2366,7,ok,fyn_reit_current_20260210_summary.csv,2026-06-07T06:23:29
2026-02-10,REIT,reit,gross_margin,,0,missing,fyn_reit_current_20260210_summary.csv,2026-06-07T06:23:29
2026-02-10,REIT,reit,revenue_growth_yoy,0.0822,7,ok,fyn_reit_current_20260210_summary.csv,2026-06-07T06:23:29
2026-02-10,REIT,reit,earnings_growth_yoy,0.0454,7,ok,fyn_reit_current_20260210_summary.csv,2026-06-07T06:23:29
2026-03-10,REIT,reit,pe,47.4911,7,ok,fyn_reit_current_20260310_summary.csv,2026-06-07T06:23:29
2026-03-10,REIT,reit,ps,10.5223,7,ok,fyn_reit_current_20260310_summary.csv,2026-06-07T06:23:29
2026-03-10,REIT,reit,pb,2.7108,7,ok,fyn_reit_current_20260310_summary.csv,2026-06-07T06:23:29
2026-03-10,REIT,reit,ev_ebitda,22.98255,4,ok,fyn_reit_current_20260310_summary.csv,2026-06-07T06:23:29
2026-03-10,REIT,reit,fcf_yield,0.043616,1,ok,fyn_reit_current_20260310_summary.csv,2026-06-07T06:23:29
2026-03-10,REIT,reit,net_margin,0.2141,7,ok,fyn_reit_current_20260310_summary.csv,2026-06-07T06:23:29
2026-03-10,REIT,reit,gross_margin,,0,missing,fyn_reit_current_20260310_summary.csv,2026-06-07T06:23:29
2026-03-10,REIT,reit,revenue_growth_yoy,0.0718,7,ok,fyn_reit_current_20260310_summary.csv,2026-06-07T06:23:29
2026-03-10,REIT,reit,earnings_growth_yoy,0.1527,7,ok,fyn_reit_current_20260310_summary.csv,2026-06-07T06:23:29
2026-04-10,REIT,reit,pe,49.5944,7,ok,fyn_reit_current_20260410_summary.csv,2026-06-07T06:23:29
2026-04-10,REIT,reit,ps,10.9825,7,ok,fyn_reit_current_20260410_summary.csv,2026-06-07T06:23:29
2026-04-10,REIT,reit,pb,2.8308,7,ok,fyn_reit_current_20260410_summary.csv,2026-06-07T06:23:29
2026-04-10,REIT,reit,ev_ebitda,23.59005,4,ok,fyn_reit_current_20260410_summary.csv,2026-06-07T06:23:29
2026-04-10,REIT,reit,fcf_yield,0.045278,1,ok,fyn_reit_current_20260410_summary.csv,2026-06-07T06:23:29
2026-04-10,REIT,reit,net_margin,0.2141,7,ok,fyn_reit_current_20260410_summary.csv,2026-06-07T06:23:29
2026-04-10,REIT,reit,gross_margin,,0,missing,fyn_reit_current_20260410_summary.csv,2026-06-07T06:23:29
2026-04-10,REIT,reit,revenue_growth_yoy,0.0718,7,ok,fyn_reit_current_20260410_summary.csv,2026-06-07T06:23:29
2026-04-10,REIT,reit,earnings_growth_yoy,0.1527,7,ok,fyn_reit_current_20260410_summary.csv,2026-06-07T06:23:29
2026-05-10,REIT,reit,pe,49.6455,7,ok,fyn_reit_current_20260510_summary.csv,2026-06-07T06:23:29
2026-05-10,REIT,reit,ps,11.2053,7,ok,fyn_reit_current_20260510_summary.csv,2026-06-07T06:23:29
2026-05-10,REIT,reit,pb,2.937,7,ok,fyn_reit_current_20260510_summary.csv,2026-06-07T06:23:29
2026-05-10,REIT,reit,ev_ebitda,23.7118,4,ok,fyn_reit_current_20260510_summary.csv,2026-06-07T06:23:29
2026-05-10,REIT,reit,fcf_yield,0.045849,1,ok,fyn_reit_current_20260510_summary.csv,2026-06-07T06:23:29
2026-05-10,REIT,reit,net_margin,0.218,7,ok,fyn_reit_current_20260510_summary.csv,2026-06-07T06:23:29
2026-05-10,REIT,reit,gross_margin,,0,missing,fyn_reit_current_20260510_summary.csv,2026-06-07T06:23:29
2026-05-10,REIT,reit,revenue_growth_yoy,0.0672,7,ok,fyn_reit_current_20260510_summary.csv,2026-06-07T06:23:29
2026-05-10,REIT,reit,earnings_growth_yoy,0.3291,7,ok,fyn_reit_current_20260510_summary.csv,2026-06-07T06:23:29
